Project_Name,Sector,Implementing_Agency,Original_Approved_Cost_Cr,Climate_Issue_Severity,Geopolitical_War_Impact,Supply_Chain_Disruption,Revised_Cost_Cr,Physical_Progress_Pct,Cumulative_Expenditure_Cr,Project_ID,Start_Date,Planned_Completion_Date,Current_Completion_Date,Target_Cost_Overrun,Target_Time_Overrun
Mumbai-Ahmedabad High Speed Rail,Railways,NHSRCL,137552.75,0.14,0.78,0.74,163782.58,64.92,111639.36,PRJ-0001,2020-05-29,2023-07-13,2025-03-04,1,1
Polavaram Irrigation Project,Water Resources,PPA,73398.92,0.0,0.0,0.0,73398.92130432531,22.23,15406.65,PRJ-0002,2021-03-05,2025-04-13,2025-04-13,0,0
Bangalore Suburban Rail Project,Urban Transport,K-RIDE,21013.72,0.37,0.95,0.08,24391.34,48.09,15419.32,PRJ-0003,2021-12-28,2027-05-31,2028-05-25,1,1
Delhi-Mumbai Expressway,Road Transport & Highways,NHAI,102923.72,0.57,0.66,0.83,174056.3,57.62,142962.55,PRJ-0004,2018-08-14,2022-04-25,2024-06-13,1,1
Polavaram Irrigation Project,Water Resources,PPA,43417.9,0.85,0.05,0.2,43417.899722290254,57.64,35922.99,PRJ-0005,2020-11-17,2023-08-04,2024-10-27,0,1
Kudankulam Nuclear Power Plant,Power,NPCIL,41450.68,0.95,0.87,0.71,66235.66,30.43,17462.47,PRJ-0006,2022-01-16,2025-05-30,2027-11-16,1,1
Navi Mumbai International Airport,Civil Aviation,CIDCO,16411.34,0.82,0.76,0.42,28452.52,51.67,12426.55,PRJ-0007,2018-09-11,2022-08-21,2024-07-11,1,1
Chenab Railway Bridge,Railways,Konkan Railway,2052.97,0.73,0.72,0.89,2977.95,61.63,1538.73,PRJ-0008,2020-05-17,2024-01-27,2026-07-15,1,1
Delhi-Mumbai Expressway,Road Transport & Highways,NHAI,75462.68,0.0,0.0,0.0,75462.68023906251,43.8,29865.83,PRJ-0009,2021-10-23,2024-08-08,2024-08-08,0,0
Bharatmala Pariyojana Phase-I,Road Transport & Highways,NHAI,743500.83,0.71,0.94,0.71,847811.09,33.13,232802.41,PRJ-0010,2018-07-11,2020-12-27,2023-03-17,1,1
Zojila Tunnel,Road Transport & Highways,NHIDCL,5395.29,0.82,0.28,0.8,7682.45,29.3,2861.53,PRJ-0011,2020-04-15,2023-10-27,2025-12-15,1,1
Navi Mumbai International Airport,Civil Aviation,CIDCO,20641.65,0.62,0.08,0.31,20641.649937052538,56.16,11020.91,PRJ-0012,2021-04-27,2026-08-29,2027-10-23,0,1
Zojila Tunnel,Road Transport & Highways,NHIDCL,8861.05,0.14,0.45,0.82,15242.84,93.37,15242.84,PRJ-0013,2018-06-15,2022-07-24,2024-03-15,1,1
Bharatmala Pariyojana Phase-I,Road Transport & Highways,NHAI,531984.22,0.13,0.91,0.48,674184.42,56.23,530741.06,PRJ-0014,2018-12-03,2024-01-06,2025-04-30,1,1
Bharatmala Pariyojana Phase-I,Road Transport & Highways,NHAI,692973.29,0.99,0.02,0.69,796685.35,38.2,381376.65,PRJ-0015,2020-04-11,2023-09-23,2025-10-12,1,1
"New Domestic Terminal, Patna",Civil Aviation,AAI,881.08,0.85,0.04,0.37,1101.12,12.95,152.65,PRJ-0016,2020-02-29,2025-11-29,2027-05-23,1,1
Navi Mumbai International Airport,Civil Aviation,CIDCO,11703.29,0.55,0.52,0.36,15713.29,20.21,2819.94,PRJ-0017,2020-08-09,2023-12-22,2025-05-15,1,1
Pune Metro Rail Project,Urban Transport,Maha-Metro,6600.51,0.17,0.97,0.56,8895.67,54.27,6575.74,PRJ-0018,2021-08-24,2024-04-10,2025-10-02,1,1
Central Vista Redevelopment - Phase 3,Urban Development,CPWD,20386.99,0.79,0.19,0.47,34506.37,58.23,27425.4,PRJ-0019,2019-04-09,2024-11-08,2026-06-01,1,1
Ganga Expressway - Phase 3,Road Transport & Highways,UPEIDA,47009.01,0.97,0.69,0.33,84574.83,14.35,11990.31,PRJ-0020,2020-04-12,2024-10-18,2026-08-09,1,1
Polavaram Irrigation Project - Phase 4,Water Resources,PPA,58146.78,0.18,0.66,0.55,97727.22,71.97,67487.3,PRJ-0021,2019-10-03,2023-04-15,2024-08-07,1,1
Chenab Railway Bridge - Phase 3,Railways,Konkan Railway,2007.93,0.0,0.66,0.41,2007.9346546288668,49.06,1439.57,PRJ-0022,2019-09-24,2026-01-20,2027-01-15,0,1
"New Domestic Terminal, Patna - Phase 2",Civil Aviation,AAI,1818.82,0.0,0.0,0.0,1818.8169290183366,23.87,448.14,PRJ-0023,2020-12-04,2027-06-01,2027-06-01,0,0
Central Vista Redevelopment - Phase 3,Urban Development,CPWD,14474.88,0.23,0.78,0.42,23288.57,41.35,13817.06,PRJ-0024,2020-02-17,2022-04-07,2023-07-31,1,1
Polavaram Irrigation Project - Phase 2,Water Resources,PPA,49475.86,0.0,0.0,0.0,49475.861872372094,23.4,16815.4,PRJ-0025,2020-01-08,2024-11-12,2024-11-12,0,0
Delhi-Mumbai Expressway - Phase 1,Road Transport & Highways,NHAI,73243.58,0.11,0.64,0.87,123122.78,88.5,123122.78,PRJ-0026,2018-08-06,2023-10-09,2025-06-30,1,1
Pune Metro Rail Project - Phase 3,Urban Transport,Maha-Metro,15763.85,0.0,0.0,0.0,15763.853692360746,19.67,2502.16,PRJ-0027,2019-10-28,2024-01-05,2024-01-05,0,0
Central Vista Redevelopment - Phase 1,Urban Development,CPWD,29777.04,0.29,0.37,0.62,52417.37,47.53,30810.92,PRJ-0028,2019-12-22,2026-04-19,2027-09-11,1,1
Subansiri Lower Hydroelectric Project - Phase 5,Power,NHPC,23638.56,0.43,0.43,0.27,23638.559800762967,11.92,2713.99,PRJ-0029,2021-02-07,2023-05-28,2024-06-21,0,1
Bharatmala Pariyojana Phase-I - Phase 4,Road Transport & Highways,NHAI,474127.12,0.61,0.75,0.85,583941.41,93.59,583941.41,PRJ-0030,2020-02-22,2026-02-20,2028-06-09,1,1
Bangalore Suburban Rail Project - Phase 3,Urban Transport,K-RIDE,15352.3,0.62,0.55,0.57,17574.92,55.13,11499.04,PRJ-0031,2018-07-02,2024-08-29,2026-05-21,1,1
Polavaram Irrigation Project - Phase 3,Water Resources,PPA,58627.34,0.8,0.66,0.26,68185.31,78.28,60122.66,PRJ-0032,2021-07-15,2023-11-02,2025-05-25,1,1
Bangalore Suburban Rail Project - Phase 4,Urban Transport,K-RIDE,11043.7,0.61,0.26,0.98,19080.8,21.98,5626.92,PRJ-0033,2019-12-11,2026-11-04,2029-01-22,1,1
Noida International Airport (Jewar) - Phase 4,Civil Aviation,YIAPL,40275.19,0.73,0.56,0.11,61992.36,83.8,42043.73,PRJ-0034,2021-04-15,2023-12-01,2025-02-23,1,1
Navi Mumbai International Airport - Phase 5,Civil Aviation,CIDCO,18684.32,0.25,0.68,0.98,31552.98,71.23,27087.05,PRJ-0035,2021-07-05,2026-12-06,2028-12-25,1,1
Pune Metro Rail Project - Phase 1,Urban Transport,Maha-Metro,13194.89,0.37,0.63,0.58,21751.06,71.68,15633.6,PRJ-0036,2019-08-11,2025-02-10,2026-09-03,1,1
"New Domestic Terminal, Patna - Phase 1",Civil Aviation,AAI,769.15,0.5,0.61,0.81,1236.48,74.34,929.35,PRJ-0037,2018-03-09,2020-07-26,2022-08-15,1,1
Mumbai Trans Harbour Link (MTHL) - Phase 4,Road Transport & Highways,MMRDA,18762.09,0.0,0.0,0.0,18762.087715689428,25.54,5565.39,PRJ-0038,2020-01-21,2022-10-07,2022-10-07,0,0
"New Domestic Terminal, Patna - Phase 5",Civil Aviation,AAI,1235.18,0.81,0.82,0.26,1733.8,49.02,915.4,PRJ-0039,2021-10-17,2026-11-20,2028-07-12,1,1
Mumbai Trans Harbour Link (MTHL) - Phase 5,Road Transport & Highways,MMRDA,13974.81,0.65,0.34,0.74,23293.09,12.17,3503.81,PRJ-0040,2020-02-26,2022-05-16,2024-05-05,1,1
Pune Metro Rail Project - Phase 2,Urban Transport,Maha-Metro,9721.56,0.78,0.44,0.27,10904.61,63.33,9361.54,PRJ-0041,2021-11-30,2026-06-07,2027-10-30,1,1
Mumbai Trans Harbour Link (MTHL) - Phase 1,Road Transport & Highways,MMRDA,25967.1,0.43,0.31,0.31,25967.096504461253,38.11,12612.4,PRJ-0042,2018-07-01,2024-09-27,2025-10-22,0,1
Mumbai-Ahmedabad High Speed Rail - Phase 2,Railways,NHSRCL,105344.19,0.24,0.85,0.26,182276.68,77.26,182276.68,PRJ-0043,2020-11-06,2025-03-15,2026-04-09,1,1
Mumbai Trans Harbour Link (MTHL) - Phase 5,Road Transport & Highways,MMRDA,17334.7,0.82,0.62,0.18,31132.3,44.05,17279.13,PRJ-0044,2018-09-27,2021-11-10,2023-04-04,1,1
"New Domestic Terminal, Patna - Phase 2",Civil Aviation,AAI,756.97,0.98,0.97,0.05,1020.84,47.98,612.13,PRJ-0045,2021-05-09,2027-09-05,2029-03-28,1,1
Central Vista Redevelopment - Phase 3,Urban Development,CPWD,11061.92,0.19,0.55,0.76,14757.86,73.97,12243.05,PRJ-0046,2020-04-01,2027-02-24,2028-10-16,1,1
Noida International Airport (Jewar) - Phase 2,Civil Aviation,YIAPL,28867.18,0.98,0.23,0.63,40060.17,24.83,9705.47,PRJ-0047,2020-08-21,2025-01-27,2027-02-16,1,1
Subansiri Lower Hydroelectric Project - Phase 2,Power,NHPC,12707.8,0.3,0.37,0.71,15925.42,42.59,6318.87,PRJ-0048,2020-06-26,2026-02-25,2027-09-18,1,1
"New Domestic Terminal, Patna - Phase 2",Civil Aviation,AAI,1651.82,0.94,0.3,0.84,2111.67,21.38,379.46,PRJ-0049,2019-02-09,2022-05-24,2024-10-10,1,1
Central Vista Redevelopment - Phase 5,Urban Development,CPWD,10513.56,0.31,1.0,0.44,17016.87,37.97,8826.28,PRJ-0050,2019-02-02,2023-07-11,2025-01-01,1,1
Subansiri Lower Hydroelectric Project - Phase 4,Power,NHPC,15232.7,0.0,0.0,0.0,15232.696098299883,94.31,15232.7,PRJ-0051,2020-07-11,2023-12-23,2023-12-23,0,0
Navi Mumbai International Airport - Phase 5,Civil Aviation,CIDCO,13988.29,0.43,0.04,0.8,25059.45,37.31,7734.47,PRJ-0052,2021-10-02,2028-06-27,2030-02-17,1,1
Subansiri Lower Hydroelectric Project - Phase 5,Power,NHPC,25716.31,0.8,0.75,0.27,35283.18,87.74,35283.18,PRJ-0053,2020-08-24,2026-12-21,2028-07-13,1,1
"New Domestic Terminal, Patna - Phase 5",Civil Aviation,AAI,1300.58,0.27,0.6,0.64,1639.67,14.87,288.4,PRJ-0054,2019-09-29,2025-04-30,2026-11-21,1,1
Kudankulam Nuclear Power Plant - Phase 4,Power,NPCIL,56405.76,0.0,0.0,0.0,56405.756146070125,34.48,16693.73,PRJ-0055,2018-08-28,2021-03-15,2021-03-15,0,0
Bharatmala Pariyojana Phase-I - Phase 5,Road Transport & Highways,NHAI,556584.94,0.32,0.56,0.99,977530.26,56.93,701742.08,PRJ-0056,2018-09-01,2023-09-05,2025-10-24,1,1
Polavaram Irrigation Project - Phase 2,Water Resources,PPA,29833.2,0.54,0.9,0.6,33344.67,28.51,9211.75,PRJ-0057,2021-03-09,2026-01-12,2027-12-03,1,1
Ganga Expressway - Phase 4,Road Transport & Highways,UPEIDA,40494.68,0.77,0.59,0.54,70593.59,65.74,63715.14,PRJ-0058,2020-08-25,2023-03-13,2025-01-31,1,1
Zojila Tunnel - Phase 2,Road Transport & Highways,NHIDCL,7187.84,0.96,0.6,0.82,9273.58,18.4,1928.74,PRJ-0059,2019-12-25,2026-02-21,2028-08-09,1,1
Pune Metro Rail Project - Phase 5,Urban Transport,Maha-Metro,14127.92,0.71,0.99,0.25,18891.25,20.25,5360.63,PRJ-0060,2018-08-14,2022-07-24,2024-02-14,1,1
Zojila Tunnel - Phase 2,Road Transport & Highways,NHIDCL,4711.01,0.0,0.0,0.0,4711.00857587753,82.69,3915.83,PRJ-0061,2020-12-29,2027-01-27,2027-01-27,0,0
Ganga Expressway - Phase 4,Road Transport & Highways,UPEIDA,44431.29,0.0,0.0,0.0,44431.28705118104,58.08,30481.59,PRJ-0062,2018-04-21,2022-05-30,2022-05-30,0,0
Ganga Expressway - Phase 4,Road Transport & Highways,UPEIDA,44572.97,0.69,0.35,0.71,73188.87,58.51,55578.59,PRJ-0063,2020-09-12,2026-04-14,2028-04-03,1,1
Bharatmala Pariyojana Phase-I - Phase 1,Road Transport & Highways,NHAI,702711.41,0.25,0.77,0.86,952834.38,10.55,91275.99,PRJ-0064,2018-04-15,2020-11-30,2022-11-20,1,1
Ken-Betwa River Interlinking - Phase 1,Water Resources,NWDA,26797.69,0.0,0.0,0.0,26797.69150806909,33.41,8094.88,PRJ-0065,2020-06-21,2026-10-18,2026-10-18,0,0
Bharatmala Pariyojana Phase-I - Phase 3,Road Transport & Highways,NHAI,726201.7,0.67,0.06,0.98,925370.11,83.92,755435.13,PRJ-0066,2018-03-11,2024-08-06,2026-10-25,1,1
Central Vista Redevelopment - Phase 3,Urban Development,CPWD,10075.99,0.92,0.99,0.31,16736.05,49.87,7045.31,PRJ-0067,2019-09-14,2026-05-10,2028-03-30,1,1
Kudankulam Nuclear Power Plant - Phase 5,Power,NPCIL,47296.26,0.18,0.69,0.54,76451.01,13.4,13564.16,PRJ-0068,2018-04-29,2021-04-13,2022-09-05,1,1
Ken-Betwa River Interlinking - Phase 1,Water Resources,NWDA,47358.68,0.2,0.27,0.92,61048.66,68.92,40017.48,PRJ-0069,2018-01-07,2023-12-07,2025-08-28,1,1
Bangalore Suburban Rail Project - Phase 4,Urban Transport,K-RIDE,23169.24,0.63,0.26,0.62,38488.81,29.9,14747.3,PRJ-0070,2019-08-14,2022-10-27,2024-07-18,1,1
Noida International Airport (Jewar) - Phase 1,Civil Aviation,YIAPL,44164.25,0.28,0.94,1.0,66411.61,35.26,30807.02,PRJ-0071,2022-01-16,2024-01-06,2026-03-26,1,1
Zojila Tunnel - Phase 4,Road Transport & Highways,NHIDCL,4773.33,0.91,0.3,0.2,7913.06,87.38,7273.79,PRJ-0072,2021-11-02,2025-04-15,2026-09-07,1,1
Pune Metro Rail Project - Phase 2,Urban Transport,Maha-Metro,13372.97,0.41,0.45,0.61,16040.72,58.88,11234.48,PRJ-0073,2019-01-20,2025-12-14,2027-07-07,1,1
Chenab Railway Bridge - Phase 3,Railways,Konkan Railway,876.71,0.82,0.73,0.93,1356.54,54.74,649.91,PRJ-0074,2019-07-06,2023-10-13,2026-04-30,1,1
Ganga Expressway - Phase 4,Road Transport & Highways,UPEIDA,47048.36,0.92,0.41,0.0,63743.4,8.12,5296.3,PRJ-0075,2018-12-22,2021-12-06,2023-01-30,1,1
"New Domestic Terminal, Patna - Phase 2",Civil Aviation,AAI,861.98,0.85,0.0,0.98,1348.39,5.63,97.59,PRJ-0076,2020-08-07,2024-02-18,2026-06-07,1,1
Mumbai Trans Harbour Link (MTHL) - Phase 2,Road Transport & Highways,MMRDA,17352.76,0.97,0.28,0.19,25172.31,39.45,13573.87,PRJ-0077,2021-01-16,2024-06-29,2025-11-21,1,1
Subansiri Lower Hydroelectric Project - Phase 3,Power,NHPC,21229.1,0.38,0.39,0.54,34578.44,38.34,16972.66,PRJ-0078,2021-06-19,2023-10-07,2025-02-28,1,1
Bangalore Suburban Rail Project - Phase 3,Urban Transport,K-RIDE,15074.25,0.7,0.96,0.11,26650.56,29.6,10499.57,PRJ-0079,2018-08-16,2021-10-29,2023-03-23,1,1
Chenab Railway Bridge - Phase 1,Railways,Konkan Railway,997.34,0.95,0.86,0.71,1765.26,93.75,1685.15,PRJ-0080,2018-10-01,2022-01-13,2024-07-01,1,1
Bangalore Suburban Rail Project - Phase 3,Urban Transport,K-RIDE,12801.8,0.0,0.0,0.0,12801.798251465809,29.02,4257.87,PRJ-0081,2019-11-09,2024-08-14,2024-08-14,0,0
Subansiri Lower Hydroelectric Project - Phase 1,Power,NHPC,16674.35,0.78,0.76,0.84,25129.73,90.66,25129.73,PRJ-0082,2021-08-25,2027-10-23,2030-04-10,1,1
Ken-Betwa River Interlinking - Phase 4,Water Resources,NWDA,23685.92,0.89,0.16,0.52,27155.73,41.1,13054.99,PRJ-0083,2021-10-27,2026-02-03,2027-10-26,1,1
Ganga Expressway - Phase 4,Road Transport & Highways,UPEIDA,31975.23,0.77,0.08,0.73,55280.17,16.88,11192.83,PRJ-0084,2018-05-16,2022-10-22,2024-09-11,1,1
Noida International Airport (Jewar) - Phase 5,Civil Aviation,YIAPL,35679.2,0.08,0.88,0.28,53114.06,78.38,53114.06,PRJ-0085,2019-07-27,2022-09-09,2023-09-04,1,1
Delhi-Mumbai Expressway - Phase 5,Road Transport & Highways,NHAI,78218.65,0.0,0.0,0.0,78218.64817855592,34.07,39651.91,PRJ-0086,2020-06-07,2026-01-07,2026-01-07,0,0
Noida International Airport (Jewar) - Phase 3,Civil Aviation,YIAPL,40584.37,0.0,0.0,0.0,40584.36877733025,77.07,40584.37,PRJ-0087,2021-01-13,2023-11-29,2023-11-29,0,0
Ken-Betwa River Interlinking - Phase 1,Water Resources,NWDA,25496.41,0.66,0.87,0.52,44462.96,45.59,28228.68,PRJ-0088,2020-08-24,2023-12-07,2025-10-27,1,1
Mumbai Trans Harbour Link (MTHL) - Phase 5,Road Transport & Highways,MMRDA,26079.44,0.79,0.12,1.0,41550.63,21.81,9528.13,PRJ-0089,2021-07-09,2025-04-19,2027-09-06,1,1
Delhi-Mumbai Expressway - Phase 3,Road Transport & Highways,NHAI,123810.27,0.93,0.76,0.59,136561.58,50.61,72026.01,PRJ-0090,2021-12-27,2024-08-13,2026-11-01,1,1
Kudankulam Nuclear Power Plant - Phase 1,Power,NPCIL,59766.87,0.91,0.96,0.5,78637.16,79.47,78637.16,PRJ-0091,2021-10-13,2024-01-31,2026-03-21,1,1
Mumbai Trans Harbour Link (MTHL) - Phase 3,Road Transport & Highways,MMRDA,12743.81,0.0,0.0,0.0,12743.81063977564,61.43,8394.77,PRJ-0092,2018-12-16,2022-05-29,2022-05-29,0,0
Kudankulam Nuclear Power Plant - Phase 5,Power,NPCIL,43293.36,0.92,0.74,0.41,71836.79,81.55,51942.9,PRJ-0093,2020-09-05,2023-09-20,2025-08-10,1,1
Bharatmala Pariyojana Phase-I - Phase 5,Road Transport & Highways,NHAI,673081.49,0.1,0.86,0.41,1200839.13,23.1,323288.15,PRJ-0094,2018-12-08,2024-04-10,2025-06-04,1,1
Kudankulam Nuclear Power Plant - Phase 1,Power,NPCIL,39567.91,0.09,0.97,0.2,47629.01,45.4,18843.94,PRJ-0095,2019-10-29,2025-11-26,2026-10-22,1,1
Ganga Expressway - Phase 5,Road Transport & Highways,UPEIDA,28076.51,0.0,0.0,0.0,28076.511710772476,13.86,5055.44,PRJ-0096,2019-02-22,2024-11-22,2024-11-22,0,0
Polavaram Irrigation Project - Phase 5,Water Resources,PPA,41434.87,0.6,0.27,0.55,61970.67,20.66,11322.37,PRJ-0097,2018-06-30,2025-03-25,2026-10-16,1,1
Subansiri Lower Hydroelectric Project - Phase 1,Power,NHPC,13141.2,0.85,0.34,0.81,17489.41,87.71,17489.41,PRJ-0098,2021-03-19,2026-02-21,2028-05-11,1,1
Delhi-Mumbai Expressway - Phase 5,Road Transport & Highways,NHAI,144648.02,0.5,0.29,0.65,226016.83,88.56,226016.83,PRJ-0099,2020-01-05,2023-09-16,2025-05-08,1,1
Ken-Betwa River Interlinking - Phase 4,Water Resources,NWDA,31804.89,0.98,0.4,0.6,36021.44,66.15,24422.96,PRJ-0100,2018-10-20,2023-07-26,2025-08-14,1,1
Polavaram Irrigation Project - Phase 1,Water Resources,PPA,40138.83,0.23,0.31,0.8,57687.41,62.4,35599.06,PRJ-0101,2021-09-01,2026-05-08,2027-11-29,1,1
Subansiri Lower Hydroelectric Project - Phase 2,Power,NHPC,19676.15,0.0,0.0,0.0,19676.15441970303,85.68,14874.63,PRJ-0102,2021-08-23,2026-11-25,2026-11-25,0,0
Kudankulam Nuclear Power Plant - Phase 4,Power,NPCIL,27560.53,0.0,0.0,0.0,27560.531066957516,85.53,27560.53,PRJ-0103,2018-01-15,2024-04-13,2024-04-13,0,0
Navi Mumbai International Airport - Phase 3,Civil Aviation,CIDCO,15249.46,0.55,0.38,0.16,15249.455614114342,86.72,15249.46,PRJ-0104,2018-10-10,2022-12-18,2023-12-13,0,1
Navi Mumbai International Airport - Phase 5,Civil Aviation,CIDCO,13106.26,0.93,0.3,0.04,21399.63,70.26,15181.55,PRJ-0105,2019-10-10,2022-09-24,2023-11-18,1,1
Bangalore Suburban Rail Project - Phase 2,Urban Transport,K-RIDE,17694.09,0.57,0.58,0.29,26154.39,7.7,2635.43,PRJ-0106,2021-01-10,2026-05-14,2027-09-06,1,1
Ken-Betwa River Interlinking - Phase 1,Water Resources,NWDA,34038.43,0.0,0.0,0.0,34038.43455266378,20.57,10251.8,PRJ-0107,2019-08-03,2026-05-28,2026-05-28,0,0
Bangalore Suburban Rail Project - Phase 1,Urban Transport,K-RIDE,18795.3,0.32,0.41,0.86,25803.23,15.75,3754.45,PRJ-0108,2021-09-04,2024-03-22,2026-01-11,1,1
Mumbai-Ahmedabad High Speed Rail - Phase 1,Railways,NHSRCL,87750.28,0.77,0.64,0.57,131676.33,48.95,55323.51,PRJ-0109,2018-01-23,2022-06-01,2024-05-21,1,1
Chenab Railway Bridge - Phase 4,Railways,Konkan Railway,1921.06,0.74,0.13,0.9,2528.13,65.46,1625.63,PRJ-0110,2020-05-04,2024-04-13,2026-06-02,1,1
Mumbai Trans Harbour Link (MTHL) - Phase 4,Road Transport & Highways,MMRDA,14473.26,0.89,0.99,0.18,21168.3,6.54,1312.18,PRJ-0111,2018-12-10,2021-01-28,2022-09-20,1,1
Navi Mumbai International Airport - Phase 3,Civil Aviation,CIDCO,23380.04,0.0,0.0,0.0,23380.037147128434,36.39,6965.75,PRJ-0112,2021-06-17,2026-02-21,2026-02-21,0,0
Kudankulam Nuclear Power Plant - Phase 5,Power,NPCIL,45732.02,0.46,0.44,0.34,69948.58,12.97,12587.81,PRJ-0113,2020-06-06,2022-08-25,2023-11-18,1,1
Bharatmala Pariyojana Phase-I - Phase 4,Road Transport & Highways,NHAI,755746.07,0.98,0.07,0.93,1101128.21,16.28,256183.95,PRJ-0114,2021-03-16,2024-01-30,2026-06-18,1,1
Polavaram Irrigation Project - Phase 1,Water Resources,PPA,82942.41,0.72,0.88,0.73,130706.41,37.59,43468.48,PRJ-0115,2019-12-23,2026-03-21,2028-06-08,1,1
Subansiri Lower Hydroelectric Project - Phase 2,Power,NHPC,20464.33,0.06,0.61,0.5,20464.332441244,51.3,13931.62,PRJ-0116,2019-07-24,2025-09-20,2026-11-14,0,1
Bharatmala Pariyojana Phase-I - Phase 3,Road Transport & Highways,NHAI,618659.53,0.97,0.16,0.22,930824.39,63.5,536512.68,PRJ-0117,2018-03-23,2020-05-11,2021-10-03,1,1
Ken-Betwa River Interlinking - Phase 1,Water Resources,NWDA,59182.79,0.98,0.55,0.69,89163.23,27.35,28013.32,PRJ-0118,2021-12-22,2024-06-09,2026-09-27,1,1
Ganga Expressway - Phase 1,Road Transport & Highways,UPEIDA,38352.02,0.3,0.6,0.65,59705.73,20.1,11776.96,PRJ-0119,2021-01-02,2023-10-19,2025-05-11,1,1
Chenab Railway Bridge - Phase 1,Railways,Konkan Railway,1157.05,0.0,0.0,0.0,1157.0527221130424,55.46,722.1,PRJ-0120,2018-02-06,2024-10-02,2024-10-02,0,0
Noida International Airport (Jewar) - Phase 3,Civil Aviation,YIAPL,23111.6,0.03,0.34,0.65,23111.60311242175,49.38,14161.95,PRJ-0121,2019-10-09,2025-03-11,2026-06-04,0,1
Mumbai-Ahmedabad High Speed Rail - Phase 3,Railways,NHSRCL,91792.69,0.92,0.96,0.02,121481.39,47.3,83984.93,PRJ-0122,2021-09-26,2026-05-03,2027-10-25,1,1
Chenab Railway Bridge - Phase 2,Railways,Konkan Railway,1166.48,0.83,0.22,0.41,1764.49,54.96,1035.9,PRJ-0123,2019-07-14,2024-04-18,2025-11-09,1,1
Chenab Railway Bridge - Phase 4,Railways,Konkan Railway,972.3,0.46,0.67,0.01,972.3013599467613,61.38,485.87,PRJ-0124,2018-05-13,2023-10-14,2024-08-09,0,1
Ganga Expressway - Phase 2,Road Transport & Highways,UPEIDA,19752.75,0.62,0.02,0.45,19752.75006738989,24.22,4667.41,PRJ-0125,2021-08-20,2026-10-23,2028-02-15,0,1
Subansiri Lower Hydroelectric Project - Phase 2,Power,NHPC,12759.4,0.43,0.34,0.29,12759.400755462724,64.8,12018.77,PRJ-0126,2021-02-13,2025-11-19,2026-12-14,0,1
Pune Metro Rail Project - Phase 5,Urban Transport,Maha-Metro,16767.68,0.64,0.71,0.45,28254.89,55.16,17576.87,PRJ-0127,2021-05-24,2027-01-23,2028-09-14,1,1
Polavaram Irrigation Project - Phase 5,Water Resources,PPA,37504.68,0.19,0.4,0.78,62644.9,87.91,62644.9,PRJ-0128,2020-12-19,2024-02-02,2025-08-25,1,1
Polavaram Irrigation Project - Phase 1,Water Resources,PPA,38288.8,0.59,0.53,0.13,44108.31,94.01,44108.31,PRJ-0129,2021-11-15,2024-02-03,2025-02-27,1,1
Zojila Tunnel - Phase 5,Road Transport & Highways,NHIDCL,8092.51,0.27,0.69,0.88,14332.8,26.42,5125.76,PRJ-0130,2021-09-23,2024-10-07,2026-09-27,1,1
Bharatmala Pariyojana Phase-I - Phase 1,Road Transport & Highways,NHAI,733716.63,0.37,0.65,0.89,1317683.88,61.43,1106760.37,PRJ-0131,2020-02-23,2022-03-14,2024-04-02,1,1
Navi Mumbai International Airport - Phase 1,Civil Aviation,CIDCO,15113.74,0.87,0.21,0.75,17346.57,23.96,3654.58,PRJ-0132,2019-11-17,2026-06-13,2028-08-01,1,1
"New Domestic Terminal, Patna - Phase 1",Civil Aviation,AAI,1062.32,1.0,0.79,0.54,1880.68,51.83,1395.62,PRJ-0133,2021-10-22,2023-10-12,2025-12-30,1,1
Kudankulam Nuclear Power Plant - Phase 3,Power,NPCIL,50776.07,0.0,0.0,0.0,50776.073379795154,80.7,50776.07,PRJ-0134,2020-08-11,2027-05-07,2027-05-07,0,0
Noida International Airport (Jewar) - Phase 5,Civil Aviation,YIAPL,15421.13,0.0,0.0,0.0,15421.130101980036,75.76,12676.74,PRJ-0135,2022-02-06,2027-11-07,2027-11-07,0,0
Delhi-Mumbai Expressway - Phase 3,Road Transport & Highways,NHAI,69488.2,0.91,0.19,0.83,103789.77,65.38,81559.39,PRJ-0136,2020-01-11,2025-06-13,2027-09-01,1,1
Central Vista Redevelopment - Phase 1,Urban Development,CPWD,13468.37,0.37,0.86,0.73,16760.65,52.42,11617.39,PRJ-0137,2019-09-02,2023-02-13,2025-01-03,1,1
Polavaram Irrigation Project - Phase 1,Water Resources,PPA,32605.59,0.0,0.0,0.0,32605.594190164054,72.37,29231.93,PRJ-0138,2019-10-17,2022-11-30,2022-11-30,0,0
Kudankulam Nuclear Power Plant - Phase 5,Power,NPCIL,47150.1,0.65,0.02,0.42,47150.1020673952,73.53,34012.76,PRJ-0139,2019-03-15,2022-02-27,2023-06-22,0,1
Ken-Betwa River Interlinking - Phase 4,Water Resources,NWDA,34946.41,0.0,0.0,0.0,34946.405252097975,36.22,16195.38,PRJ-0140,2020-06-24,2023-01-10,2023-01-10,0,0
Navi Mumbai International Airport - Phase 5,Civil Aviation,CIDCO,21107.39,0.78,0.35,0.82,34168.51,5.25,2145.53,PRJ-0141,2019-09-17,2026-04-13,2028-07-01,1,1
Polavaram Irrigation Project - Phase 3,Water Resources,PPA,47281.84,0.0,0.0,0.0,47281.83841788252,68.47,47281.84,PRJ-0142,2020-07-22,2025-03-28,2025-03-28,0,0
Subansiri Lower Hydroelectric Project - Phase 2,Power,NHPC,20100.05,0.0,0.0,0.0,20100.045157898046,77.93,16282.32,PRJ-0143,2020-01-02,2023-05-16,2023-05-16,0,0
Zojila Tunnel - Phase 2,Road Transport & Highways,NHIDCL,4285.84,0.87,0.53,0.14,7656.57,85.3,7656.57,PRJ-0144,2019-04-17,2024-07-19,2025-12-11,1,1
Mumbai-Ahmedabad High Speed Rail - Phase 4,Railways,NHSRCL,54077.19,0.05,0.47,0.66,54077.18531383409,13.03,6582.33,PRJ-0145,2022-01-05,2028-07-02,2029-10-25,0,1
Chenab Railway Bridge - Phase 4,Railways,Konkan Railway,765.6,0.89,0.69,0.43,877.65,28.18,242.48,PRJ-0146,2020-07-19,2023-04-05,2025-02-23,1,1
Chenab Railway Bridge - Phase 1,Railways,Konkan Railway,889.98,0.86,0.92,0.74,1035.64,26.28,323.52,PRJ-0147,2019-01-23,2022-10-04,2025-03-22,1,1
Navi Mumbai International Airport - Phase 2,Civil Aviation,CIDCO,24943.02,0.53,0.1,0.5,24943.0229530346,93.84,24469.18,PRJ-0148,2018-07-12,2023-04-17,2024-09-08,0,1
Mumbai Trans Harbour Link (MTHL) - Phase 1,Road Transport & Highways,MMRDA,21664.64,0.69,0.78,0.39,28933.87,64.06,26681.14,PRJ-0149,2019-12-04,2025-02-05,2026-09-28,1,1
Mumbai-Ahmedabad High Speed Rail - Phase 3,Railways,NHSRCL,113292.53,0.56,0.75,0.08,194400.54,46.61,76389.31,PRJ-0150,2019-11-28,2024-11-01,2025-11-26,1,1
Polavaram Irrigation Project - Phase 1,Water Resources,PPA,30401.92,0.75,0.08,0.99,46826.56,84.91,43463.17,PRJ-0151,2018-05-25,2023-04-29,2025-08-16,1,1
Delhi-Mumbai Expressway - Phase 3,Road Transport & Highways,NHAI,70489.97,0.85,0.31,0.25,121342.08,43.4,44433.69,PRJ-0152,2019-06-24,2021-07-13,2022-12-05,1,1
Mumbai Trans Harbour Link (MTHL) - Phase 2,Road Transport & Highways,MMRDA,17301.91,0.07,0.68,0.81,21386.2,71.09,20056.52,PRJ-0153,2020-10-15,2024-03-28,2025-11-18,1,1
Central Vista Redevelopment - Phase 2,Urban Development,CPWD,14000.29,0.8,0.38,0.57,16753.75,94.02,13195.09,PRJ-0154,2020-09-04,2024-12-12,2026-11-02,1,1
Mumbai Trans Harbour Link (MTHL) - Phase 5,Road Transport & Highways,MMRDA,19569.82,0.7,0.07,0.67,30960.45,72.55,21439.37,PRJ-0155,2020-11-09,2025-12-13,2027-09-04,1,1
Chenab Railway Bridge - Phase 4,Railways,Konkan Railway,1258.76,0.89,0.38,0.55,1896.02,32.72,618.1,PRJ-0156,2020-01-20,2023-03-05,2025-01-23,1,1
Zojila Tunnel - Phase 2,Road Transport & Highways,NHIDCL,6328.48,0.76,0.45,0.42,9404.55,75.13,6987.51,PRJ-0157,2019-11-15,2023-10-25,2025-06-16,1,1
Delhi-Mumbai Expressway - Phase 1,Road Transport & Highways,NHAI,95172.53,0.45,0.41,0.64,149005.21,53.46,90927.81,PRJ-0158,2018-02-26,2021-08-09,2023-04-01,1,1
Mumbai-Ahmedabad High Speed Rail - Phase 2,Railways,NHSRCL,104614.29,0.87,0.76,0.79,140680.74,20.73,33478.59,PRJ-0159,2018-09-09,2022-08-19,2025-02-04,1,1
Ganga Expressway - Phase 3,Road Transport & Highways,UPEIDA,32702.69,0.74,0.05,0.99,57516.59,30.65,17336.64,PRJ-0160,2019-10-28,2022-03-16,2024-07-03,1,1
Noida International Airport (Jewar) - Phase 2,Civil Aviation,YIAPL,25810.13,0.42,0.43,0.72,40417.02,31.88,16000.15,PRJ-0161,2018-07-27,2021-09-09,2023-06-01,1,1
Noida International Airport (Jewar) - Phase 2,Civil Aviation,YIAPL,22194.75,0.0,0.0,0.0,22194.747293135133,31.34,10282.62,PRJ-0162,2021-06-06,2025-12-12,2025-12-12,0,0
Bangalore Suburban Rail Project - Phase 5,Urban Transport,K-RIDE,13218.31,0.35,0.47,0.36,13218.306615844542,87.96,13213.92,PRJ-0163,2021-07-03,2024-07-17,2025-09-10,0,1
"New Domestic Terminal, Patna - Phase 2",Civil Aviation,AAI,924.54,0.0,0.0,0.0,924.5433212838078,42.14,458.67,PRJ-0164,2020-05-12,2022-05-02,2022-05-02,0,0
Central Vista Redevelopment - Phase 2,Urban Development,CPWD,18074.53,0.38,0.78,0.31,30186.99,12.09,3262.49,PRJ-0165,2020-01-20,2022-01-09,2023-04-04,1,1
"New Domestic Terminal, Patna - Phase 4",Civil Aviation,AAI,965.66,0.9,0.1,0.95,1337.57,72.18,1005.24,PRJ-0166,2019-08-21,2025-07-20,2027-12-07,1,1
Polavaram Irrigation Project - Phase 1,Water Resources,PPA,81363.08,0.0,0.0,0.0,81363.07896002135,26.53,24103.94,PRJ-0167,2019-12-08,2026-06-04,2026-06-04,0,0
Ganga Expressway - Phase 5,Road Transport & Highways,UPEIDA,50396.64,0.76,0.62,0.15,81006.36,42.79,45509.52,PRJ-0168,2021-08-16,2026-09-19,2028-01-12,1,1
Mumbai Trans Harbour Link (MTHL) - Phase 4,Road Transport & Highways,MMRDA,13890.25,0.6,0.54,0.59,20170.03,70.22,18331.57,PRJ-0169,2020-10-27,2023-01-15,2024-10-06,1,1
Ken-Betwa River Interlinking - Phase 2,Water Resources,NWDA,52492.98,0.94,0.45,0.39,60442.81,67.25,37725.17,PRJ-0170,2019-07-21,2025-01-20,2026-10-12,1,1
Mumbai Trans Harbour Link (MTHL) - Phase 3,Road Transport & Highways,MMRDA,19550.78,0.73,0.38,0.92,26377.23,11.62,3339.69,PRJ-0171,2019-01-05,2023-07-13,2025-10-30,1,1
Kudankulam Nuclear Power Plant - Phase 2,Power,NPCIL,39186.79,0.0,0.0,0.0,39186.7909914207,10.41,4171.68,PRJ-0172,2021-07-01,2026-03-07,2026-03-07,0,0
Ken-Betwa River Interlinking - Phase 5,Water Resources,NWDA,53732.18,0.71,0.45,0.7,91712.03,22.28,19480.34,PRJ-0173,2021-04-23,2026-02-26,2028-02-16,1,1
Chenab Railway Bridge - Phase 1,Railways,Konkan Railway,1643.65,0.37,0.7,0.21,2442.59,51.59,1700.43,PRJ-0174,2020-11-23,2027-05-21,2028-06-14,1,1
Delhi-Mumbai Expressway - Phase 2,Road Transport & Highways,NHAI,98310.43,0.0,0.0,0.0,98310.4300323013,68.41,57763.2,PRJ-0175,2018-07-02,2022-12-08,2022-12-08,0,0
Navi Mumbai International Airport - Phase 3,Civil Aviation,CIDCO,21162.16,0.64,0.83,0.14,29224.03,48.65,20231.39,PRJ-0176,2019-04-19,2025-05-17,2026-09-09,1,1
Delhi-Mumbai Expressway - Phase 4,Road Transport & Highways,NHAI,110969.86,0.4,0.95,0.39,159984.38,15.04,25246.23,PRJ-0177,2021-03-20,2024-12-29,2026-06-22,1,1
Ganga Expressway - Phase 3,Road Transport & Highways,UPEIDA,20487.76,0.0,0.0,0.0,20487.75922533449,22.71,4258.18,PRJ-0178,2021-11-16,2024-01-05,2024-01-05,0,0
Ken-Betwa River Interlinking - Phase 2,Water Resources,NWDA,48472.96,0.8,0.01,0.25,48472.96324827215,90.06,48472.96,PRJ-0179,2018-03-20,2021-08-01,2022-10-25,0,1
Navi Mumbai International Airport - Phase 2,Civil Aviation,CIDCO,23016.69,0.64,0.06,0.86,27799.72,50.84,11736.22,PRJ-0180,2018-01-12,2023-10-13,2025-10-02,1,1
Polavaram Irrigation Project - Phase 4,Water Resources,PPA,32844.76,0.56,0.37,0.37,52975.52,14.32,10928.04,PRJ-0181,2018-12-14,2024-02-16,2025-06-10,1,1
Polavaram Irrigation Project - Phase 4,Water Resources,PPA,45056.51,0.64,0.49,0.03,45056.514218943135,85.71,45056.51,PRJ-0182,2021-10-18,2025-04-30,2026-04-25,0,1
Chenab Railway Bridge - Phase 5,Railways,Konkan Railway,1490.66,0.79,0.37,0.52,2062.72,45.62,926.65,PRJ-0183,2018-01-26,2022-05-05,2024-02-24,1,1
Central Vista Redevelopment - Phase 2,Urban Development,CPWD,24908.74,0.26,0.23,0.9,31151.44,13.27,5239.11,PRJ-0184,2020-01-16,2023-03-01,2024-11-20,1,1
Delhi-Mumbai Expressway - Phase 4,Road Transport & Highways,NHAI,135065.08,0.07,0.88,0.26,239218.99,75.19,188645.55,PRJ-0185,2021-08-12,2027-06-12,2028-05-07,1,1
Mumbai Trans Harbour Link (MTHL) - Phase 5,Road Transport & Highways,MMRDA,23845.16,0.0,0.0,0.0,23845.16156993654,69.51,14565.75,PRJ-0186,2021-04-04,2027-06-02,2027-06-02,0,0
Kudankulam Nuclear Power Plant - Phase 2,Power,NPCIL,49769.55,0.0,0.0,0.0,49769.54981007006,62.83,44764.87,PRJ-0187,2021-10-16,2026-01-23,2026-01-23,0,0
Subansiri Lower Hydroelectric Project - Phase 3,Power,NHPC,29833.77,0.0,0.0,0.0,29833.76982077753,36.08,9577.48,PRJ-0188,2022-01-04,2024-06-22,2024-06-22,0,0
Bangalore Suburban Rail Project - Phase 4,Urban Transport,K-RIDE,10875.59,0.0,0.0,0.0,10875.59424274687,37.08,5718.97,PRJ-0189,2018-05-06,2020-08-23,2020-08-23,0,0
Mumbai Trans Harbour Link (MTHL) - Phase 5,Road Transport & Highways,MMRDA,15000.4,0.76,0.68,0.17,23675.02,29.76,7886.72,PRJ-0190,2020-04-10,2026-11-05,2028-03-29,1,1
Noida International Airport (Jewar) - Phase 1,Civil Aviation,YIAPL,16793.38,0.91,0.64,0.88,22467.24,66.92,21490.32,PRJ-0191,2018-11-22,2024-06-23,2027-01-09,1,1
Noida International Airport (Jewar) - Phase 3,Civil Aviation,YIAPL,19918.1,0.0,0.0,0.0,19918.10095404252,94.39,16675.75,PRJ-0192,2020-09-06,2023-05-24,2023-05-24,0,0
Zojila Tunnel - Phase 3,Road Transport & Highways,NHIDCL,6321.57,0.96,0.75,0.93,7586.05,71.32,5177.0,PRJ-0193,2021-09-18,2027-10-17,2030-07-03,1,1
Mumbai Trans Harbour Link (MTHL) - Phase 5,Road Transport & Highways,MMRDA,26378.44,0.46,0.4,0.28,26378.443125705773,68.58,19134.3,PRJ-0194,2018-06-14,2021-06-28,2022-07-23,0,1
Noida International Airport (Jewar) - Phase 2,Civil Aviation,YIAPL,34031.8,0.23,0.15,0.93,60595.19,48.21,37239.61,PRJ-0195,2020-11-05,2026-02-07,2027-10-30,1,1
Mumbai-Ahmedabad High Speed Rail - Phase 2,Railways,NHSRCL,134183.04,0.0,0.0,0.0,134183.042380916,93.46,120035.4,PRJ-0196,2021-03-29,2028-02-21,2028-02-21,0,0
Mumbai-Ahmedabad High Speed Rail - Phase 3,Railways,NHSRCL,79442.42,0.82,0.36,0.19,139538.87,32.02,53026.97,PRJ-0197,2019-10-04,2024-07-09,2025-11-01,1,1
Subansiri Lower Hydroelectric Project - Phase 1,Power,NHPC,29241.73,0.73,0.27,0.38,44756.07,53.63,24542.27,PRJ-0198,2019-12-07,2025-03-10,2026-09-01,1,1
Central Vista Redevelopment - Phase 2,Urban Development,CPWD,23279.35,0.0,0.73,0.56,33115.82,63.49,25389.38,PRJ-0199,2018-07-17,2022-04-27,2023-07-21,1,1
Mumbai Trans Harbour Link (MTHL) - Phase 4,Road Transport & Highways,MMRDA,14442.0,0.87,0.73,0.21,17152.89,12.55,1947.3,PRJ-0200,2018-06-19,2021-06-03,2022-12-25,1,1
Kudankulam Nuclear Power Plant - Phase 2,Power,NPCIL,32487.2,0.0,0.0,0.0,32487.20218232988,51.21,18027.32,PRJ-0201,2018-08-19,2022-11-26,2022-11-26,0,0
Zojila Tunnel - Phase 2,Road Transport & Highways,NHIDCL,5365.42,0.0,0.0,0.0,5365.420549048717,70.07,3124.2,PRJ-0202,2020-02-05,2022-06-24,2022-06-24,0,0
Subansiri Lower Hydroelectric Project - Phase 3,Power,NHPC,18986.33,0.0,0.0,0.0,18986.326937082817,23.46,5856.07,PRJ-0203,2019-11-24,2023-10-04,2023-10-04,0,0
Bangalore Suburban Rail Project - Phase 2,Urban Transport,K-RIDE,18176.17,0.05,0.52,0.49,18176.166411623377,79.42,17397.18,PRJ-0204,2021-02-08,2025-10-15,2026-11-09,0,1
Ganga Expressway - Phase 1,Road Transport & Highways,UPEIDA,38946.39,0.08,0.59,0.35,38946.39215923195,50.8,24375.21,PRJ-0205,2019-02-04,2023-09-11,2024-08-06,0,1
Central Vista Redevelopment - Phase 4,Urban Development,CPWD,10311.12,0.0,0.0,0.0,10311.122958439379,63.14,8820.16,PRJ-0206,2019-09-24,2024-12-26,2024-12-26,0,0
Noida International Airport (Jewar) - Phase 1,Civil Aviation,YIAPL,42284.5,0.49,0.67,0.48,71705.73,28.45,25040.97,PRJ-0207,2020-03-04,2026-10-29,2028-05-21,1,1
Navi Mumbai International Airport - Phase 4,Civil Aviation,CIDCO,16262.5,0.27,0.74,0.94,20036.26,21.07,3629.45,PRJ-0208,2020-06-04,2025-01-09,2027-01-29,1,1
Bangalore Suburban Rail Project - Phase 1,Urban Transport,K-RIDE,9087.48,0.85,0.81,0.59,15367.13,61.27,8348.94,PRJ-0209,2020-03-26,2023-07-09,2025-08-27,1,1
Polavaram Irrigation Project - Phase 5,Water Resources,PPA,31789.03,0.5,0.67,0.9,53958.64,45.05,26548.72,PRJ-0210,2020-12-19,2025-05-27,2027-08-15,1,1
Kudankulam Nuclear Power Plant - Phase 5,Power,NPCIL,42335.55,0.95,0.53,0.4,73850.05,39.01,34342.02,PRJ-0211,2021-03-12,2025-06-19,2027-04-10,1,1
Mumbai Trans Harbour Link (MTHL) - Phase 1,Road Transport & Highways,MMRDA,17511.37,0.26,0.04,0.85,17511.373426861934,5.08,1316.83,PRJ-0212,2018-11-11,2022-05-24,2023-12-15,0,1
Noida International Airport (Jewar) - Phase 5,Civil Aviation,YIAPL,43639.68,0.65,0.97,0.45,70873.08,16.62,17630.51,PRJ-0213,2019-03-13,2025-06-09,2027-03-31,1,1
Central Vista Redevelopment - Phase 5,Urban Development,CPWD,21719.14,0.33,0.05,0.65,21719.136056060568,52.5,9741.51,PRJ-0214,2021-07-14,2023-09-02,2024-12-25,0,1
Bangalore Suburban Rail Project - Phase 1,Urban Transport,K-RIDE,9554.78,0.5,0.65,0.23,13170.18,14.95,2014.01,PRJ-0215,2018-04-28,2023-09-29,2024-12-22,1,1
Chenab Railway Bridge - Phase 1,Railways,Konkan Railway,1314.97,0.64,0.09,0.99,1651.94,85.77,1650.43,PRJ-0216,2019-03-01,2022-11-10,2024-12-29,1,1
Delhi-Mumbai Expressway - Phase 5,Road Transport & Highways,NHAI,87314.66,0.98,0.78,0.67,120799.27,62.37,76872.71,PRJ-0217,2018-05-25,2020-06-13,2022-10-31,1,1
Bharatmala Pariyojana Phase-I - Phase 2,Road Transport & Highways,NHAI,653619.44,0.29,0.45,0.44,653619.4445136562,70.35,497545.35,PRJ-0218,2019-08-15,2025-07-14,2026-10-07,0,1
Polavaram Irrigation Project - Phase 1,Water Resources,PPA,32471.66,0.44,0.55,0.11,32471.65769604652,30.89,12980.96,PRJ-0219,2019-12-12,2025-08-12,2026-07-08,0,1
Central Vista Redevelopment - Phase 3,Urban Development,CPWD,23111.71,0.18,0.58,0.93,31123.99,30.45,11095.85,PRJ-0220,2021-06-25,2025-02-04,2026-12-26,1,1
"New Domestic Terminal, Patna - Phase 5",Civil Aviation,AAI,1115.76,0.72,0.09,0.23,1115.7552288267661,32.4,302.48,PRJ-0221,2020-05-18,2022-12-04,2024-01-28,0,1
Ken-Betwa River Interlinking - Phase 4,Water Resources,NWDA,37346.89,0.17,0.99,0.24,42553.76,47.44,20401.53,PRJ-0222,2018-12-14,2022-01-27,2023-02-21,1,1
Navi Mumbai International Airport - Phase 2,Civil Aviation,CIDCO,21578.64,0.47,0.74,0.21,31936.74,33.63,14491.51,PRJ-0223,2019-01-18,2023-04-27,2024-06-20,1,1
Kudankulam Nuclear Power Plant - Phase 4,Power,NPCIL,57417.7,0.03,0.26,0.88,57417.70077889708,94.12,57417.7,PRJ-0224,2019-10-22,2023-04-04,2024-09-25,0,1
Subansiri Lower Hydroelectric Project - Phase 3,Power,NHPC,13722.51,0.62,0.98,1.0,21891.11,70.05,16501.85,PRJ-0225,2019-02-19,2022-04-04,2024-11-19,1,1
Chenab Railway Bridge - Phase 2,Railways,Konkan Railway,1675.92,0.08,0.83,0.34,2950.17,80.95,2130.05,PRJ-0226,2021-12-18,2024-08-04,2025-07-30,1,1
Ganga Expressway - Phase 4,Road Transport & Highways,UPEIDA,43656.08,0.78,0.71,0.34,49841.46,56.49,27310.55,PRJ-0227,2019-02-19,2021-07-08,2023-02-28,1,1
Mumbai-Ahmedabad High Speed Rail - Phase 4,Railways,NHSRCL,68231.38,0.24,0.72,0.81,97195.22,50.17,50112.56,PRJ-0228,2019-03-22,2023-10-27,2025-08-17,1,1
Bharatmala Pariyojana Phase-I - Phase 3,Road Transport & Highways,NHAI,543212.52,0.36,0.61,0.99,642603.82,40.42,288126.9,PRJ-0229,2018-07-09,2020-07-28,2022-09-16,1,1
Noida International Airport (Jewar) - Phase 2,Civil Aviation,YIAPL,37889.9,0.0,0.0,0.0,37889.900743151906,85.48,30856.97,PRJ-0230,2018-10-12,2023-05-19,2023-05-19,0,0
Bharatmala Pariyojana Phase-I - Phase 5,Road Transport & Highways,NHAI,528583.57,0.54,0.38,0.75,660505.21,70.7,597291.4,PRJ-0231,2018-11-01,2021-04-19,2023-03-10,1,1
Kudankulam Nuclear Power Plant - Phase 1,Power,NPCIL,41111.83,0.0,0.0,0.0,41111.8295676971,48.89,16643.7,PRJ-0232,2019-03-28,2021-12-12,2021-12-12,0,0
Bangalore Suburban Rail Project - Phase 5,Urban Transport,K-RIDE,13209.16,0.99,0.71,0.74,17205.37,89.52,14717.09,PRJ-0233,2020-11-10,2025-07-17,2028-01-03,1,1
Navi Mumbai International Airport - Phase 4,Civil Aviation,CIDCO,20258.16,0.98,0.52,0.24,24029.86,18.22,5955.35,PRJ-0234,2020-11-06,2024-09-16,2026-05-09,1,1
Ganga Expressway - Phase 4,Road Transport & Highways,UPEIDA,39169.06,0.0,0.0,0.0,39169.064175044405,83.1,39169.06,PRJ-0235,2020-06-05,2022-12-22,2022-12-22,0,0
Noida International Airport (Jewar) - Phase 3,Civil Aviation,YIAPL,34083.43,0.48,0.04,0.88,53686.28,94.95,53686.28,PRJ-0236,2020-06-06,2023-10-19,2025-08-09,1,1
Bharatmala Pariyojana Phase-I - Phase 2,Road Transport & Highways,NHAI,376957.25,0.74,0.73,0.51,416201.55,72.32,416201.55,PRJ-0237,2018-01-21,2021-05-05,2023-03-26,1,1
Mumbai Trans Harbour Link (MTHL) - Phase 2,Road Transport & Highways,MMRDA,26108.6,0.23,0.01,0.99,40378.31,39.89,23416.34,PRJ-0238,2018-09-24,2021-06-10,2023-03-02,1,1
Mumbai Trans Harbour Link (MTHL) - Phase 1,Road Transport & Highways,MMRDA,19744.85,0.0,0.0,0.0,19744.849298726276,55.91,15014.97,PRJ-0239,2018-04-18,2022-03-28,2022-03-28,0,0
Chenab Railway Bridge - Phase 4,Railways,Konkan Railway,1786.82,0.67,0.5,0.96,2348.55,81.37,2348.55,PRJ-0240,2020-02-02,2024-04-11,2026-08-29,1,1
Chenab Railway Bridge - Phase 2,Railways,Konkan Railway,1057.12,0.19,0.43,0.6,1673.84,9.27,213.94,PRJ-0241,2018-01-21,2023-05-25,2024-09-16,1,1
Ken-Betwa River Interlinking - Phase 1,Water Resources,NWDA,56826.7,0.0,0.0,0.0,56826.70303915547,59.06,46202.8,PRJ-0242,2018-04-04,2022-09-10,2022-09-10,0,0
Zojila Tunnel - Phase 5,Road Transport & Highways,NHIDCL,8823.26,0.01,0.95,0.14,8823.25803888765,57.34,7040.43,PRJ-0243,2021-05-20,2027-07-18,2028-04-13,0,1
Delhi-Mumbai Expressway - Phase 1,Road Transport & Highways,NHAI,99703.66,0.87,0.93,0.28,119613.48,62.54,106847.83,PRJ-0244,2021-06-19,2025-02-28,2026-12-20,1,1
Navi Mumbai International Airport - Phase 2,Civil Aviation,CIDCO,17254.83,0.34,0.62,0.73,19439.44,29.11,6512.37,PRJ-0245,2018-02-13,2020-08-31,2022-05-23,1,1
Navi Mumbai International Airport - Phase 1,Civil Aviation,CIDCO,13196.54,0.06,0.67,0.66,17839.84,22.94,5695.1,PRJ-0246,2021-12-21,2028-10-15,2030-03-09,1,1
Kudankulam Nuclear Power Plant - Phase 1,Power,NPCIL,43752.12,0.39,0.61,0.62,71714.7,45.88,43097.3,PRJ-0247,2019-10-09,2025-12-06,2027-07-29,1,1
Bharatmala Pariyojana Phase-I - Phase 3,Road Transport & Highways,NHAI,671981.58,0.0,0.0,0.0,671981.5848977001,87.06,671981.58,PRJ-0248,2020-01-11,2023-11-21,2023-11-21,0,0
Ken-Betwa River Interlinking - Phase 2,Water Resources,NWDA,31145.57,0.7,0.53,0.62,46870.68,17.89,6966.55,PRJ-0249,2021-04-21,2027-08-18,2029-07-08,1,1
Delhi-Mumbai Expressway - Phase 1,Road Transport & Highways,NHAI,92724.82,0.37,0.99,0.61,153431.36,6.01,10922.43,PRJ-0250,2020-03-02,2025-08-03,2027-05-25,1,1
Central Vista Redevelopment - Phase 2,Urban Development,CPWD,12455.07,0.89,0.86,0.11,20795.43,38.0,9837.54,PRJ-0251,2018-03-09,2020-04-27,2021-10-19,1,1
Chenab Railway Bridge - Phase 4,Railways,Konkan Railway,2091.73,0.54,0.99,0.97,3315.85,74.0,3315.85,PRJ-0252,2020-07-20,2023-08-04,2026-01-20,1,1
Ganga Expressway - Phase 4,Road Transport & Highways,UPEIDA,42002.73,0.77,0.3,0.52,53084.45,59.44,35048.97,PRJ-0253,2018-11-15,2023-06-22,2025-03-13,1,1
Navi Mumbai International Airport - Phase 3,Civil Aviation,CIDCO,18922.22,0.0,0.0,0.0,18922.21650281303,76.22,11879.98,PRJ-0254,2021-06-10,2026-06-14,2026-06-14,0,0
Ken-Betwa River Interlinking - Phase 1,Water Resources,NWDA,46698.74,0.0,0.0,0.0,46698.74004238468,34.71,21888.6,PRJ-0255,2020-12-31,2027-01-29,2027-01-29,0,0
Chenab Railway Bridge - Phase 1,Railways,Konkan Railway,2086.44,0.89,0.79,0.04,2332.28,19.34,474.31,PRJ-0256,2019-05-07,2024-08-08,2025-12-01,1,1
Central Vista Redevelopment - Phase 2,Urban Development,CPWD,20921.73,0.0,0.0,0.0,20921.7288098454,62.82,15575.73,PRJ-0257,2018-08-19,2021-08-03,2021-08-03,0,0
Kudankulam Nuclear Power Plant - Phase 5,Power,NPCIL,35711.97,0.57,0.25,0.46,52452.18,46.77,33111.39,PRJ-0258,2021-11-25,2027-02-27,2028-07-21,1,1
Subansiri Lower Hydroelectric Project - Phase 4,Power,NHPC,17171.06,0.81,0.24,0.48,24540.03,11.04,2290.07,PRJ-0259,2021-09-11,2027-01-13,2028-09-04,1,1
Polavaram Irrigation Project - Phase 5,Water Resources,PPA,59221.91,0.99,0.44,0.14,98764.07,64.73,95258.6,PRJ-0260,2019-04-06,2021-06-24,2022-12-16,1,1
Central Vista Redevelopment - Phase 4,Urban Development,CPWD,22255.94,0.57,0.12,0.62,31713.98,93.83,31713.98,PRJ-0261,2019-10-23,2024-05-29,2025-12-20,1,1
Chenab Railway Bridge - Phase 1,Railways,Konkan Railway,1651.81,0.71,0.05,0.46,1910.68,34.07,773.64,PRJ-0262,2018-04-25,2023-07-28,2025-01-18,1,1
Mumbai-Ahmedabad High Speed Rail - Phase 2,Railways,NHSRCL,148663.9,0.6,0.82,0.3,256881.45,57.26,211214.37,PRJ-0263,2019-02-22,2024-08-24,2026-02-15,1,1
Central Vista Redevelopment - Phase 5,Urban Development,CPWD,21894.61,0.0,0.0,0.0,21894.614733527356,69.43,19449.81,PRJ-0264,2022-01-08,2028-04-06,2028-04-06,0,0
Kudankulam Nuclear Power Plant - Phase 5,Power,NPCIL,28612.64,0.06,0.63,0.7,31978.21,18.37,7220.1,PRJ-0265,2018-05-14,2021-11-24,2023-05-18,1,1
"New Domestic Terminal, Patna - Phase 2",Civil Aviation,AAI,1464.92,0.65,0.2,0.84,2332.81,25.83,553.24,PRJ-0266,2021-10-24,2024-05-11,2026-05-31,1,1
Mumbai-Ahmedabad High Speed Rail - Phase 1,Railways,NHSRCL,126882.12,0.37,0.22,0.71,175740.69,52.31,126306.76,PRJ-0267,2018-03-02,2023-06-04,2024-12-25,1,1
Zojila Tunnel - Phase 3,Road Transport & Highways,NHIDCL,5085.22,0.75,0.42,0.86,9127.19,36.19,4008.38,PRJ-0268,2018-11-28,2021-11-12,2024-01-31,1,1
Ganga Expressway - Phase 5,Road Transport & Highways,UPEIDA,50941.1,0.74,0.83,0.36,65934.08,42.15,41124.23,PRJ-0269,2021-09-18,2024-09-02,2026-05-25,1,1
Kudankulam Nuclear Power Plant - Phase 2,Power,NPCIL,47471.08,0.23,0.78,0.39,63900.74,56.2,49163.45,PRJ-0270,2019-12-17,2021-12-06,2023-03-01,1,1
Zojila Tunnel - Phase 5,Road Transport & Highways,NHIDCL,7278.77,0.0,0.0,0.0,7278.772040285644,85.78,7278.77,PRJ-0271,2019-03-11,2026-02-02,2026-02-02,0,0
Zojila Tunnel - Phase 2,Road Transport & Highways,NHIDCL,10171.19,0.35,0.93,0.98,14380.69,14.06,1769.29,PRJ-0272,2018-05-03,2024-05-01,2026-08-19,1,1
Central Vista Redevelopment - Phase 2,Urban Development,CPWD,26214.8,0.53,0.91,0.38,42956.3,17.23,10954.41,PRJ-0273,2019-02-08,2023-02-17,2024-09-09,1,1
Zojila Tunnel - Phase 1,Road Transport & Highways,NHIDCL,5368.6,0.49,0.63,0.74,7388.18,21.58,1989.84,PRJ-0274,2021-08-07,2023-10-26,2025-10-15,1,1
Noida International Airport (Jewar) - Phase 2,Civil Aviation,YIAPL,26433.04,0.9,0.05,0.54,33545.27,25.47,11798.25,PRJ-0275,2021-10-11,2027-04-13,2029-01-02,1,1
Bangalore Suburban Rail Project - Phase 3,Urban Transport,K-RIDE,16649.64,0.89,0.53,0.13,22690.66,37.34,8328.71,PRJ-0276,2021-05-19,2026-10-20,2028-03-13,1,1
Chenab Railway Bridge - Phase 2,Railways,Konkan Railway,1229.85,0.82,0.29,0.48,2204.14,78.26,2204.14,PRJ-0277,2020-06-22,2023-04-08,2024-12-28,1,1
Bangalore Suburban Rail Project - Phase 1,Urban Transport,K-RIDE,23139.48,0.38,0.89,0.71,32983.32,50.96,22502.11,PRJ-0278,2019-01-20,2025-10-15,2027-09-05,1,1
Navi Mumbai International Airport - Phase 3,Civil Aviation,CIDCO,23851.86,0.36,0.59,0.22,23851.864389162616,78.89,23656.69,PRJ-0279,2018-03-26,2024-10-20,2025-10-15,0,1
Mumbai Trans Harbour Link (MTHL) - Phase 5,Road Transport & Highways,MMRDA,10668.59,0.04,0.94,0.03,10668.58908783119,60.04,7057.32,PRJ-0280,2020-07-25,2024-09-02,2025-03-31,0,1
Polavaram Irrigation Project - Phase 3,Water Resources,PPA,29935.25,0.0,0.0,0.0,29935.250389696703,82.44,29935.25,PRJ-0281,2018-02-25,2024-05-24,2024-05-24,0,0
Delhi-Mumbai Expressway - Phase 1,Road Transport & Highways,NHAI,77517.57,0.31,0.8,0.87,105450.26,57.45,83041.84,PRJ-0282,2018-03-22,2023-08-23,2025-09-11,1,1
Pune Metro Rail Project - Phase 5,Urban Transport,Maha-Metro,17025.97,0.94,0.23,0.42,28469.79,21.77,6876.59,PRJ-0283,2019-11-25,2022-02-12,2023-11-04,1,1
Central Vista Redevelopment - Phase 2,Urban Development,CPWD,11414.89,0.08,0.82,0.35,17828.04,23.37,5397.22,PRJ-0284,2021-07-31,2024-09-13,2025-10-08,1,1
Kudankulam Nuclear Power Plant - Phase 2,Power,NPCIL,59662.48,0.25,0.69,0.82,71440.07,48.76,45197.76,PRJ-0285,2021-06-27,2026-08-30,2028-06-20,1,1
Mumbai-Ahmedabad High Speed Rail - Phase 5,Railways,NHSRCL,69306.35,0.55,0.6,0.69,120276.54,57.16,95845.21,PRJ-0286,2018-05-25,2024-12-19,2026-11-09,1,1
Delhi-Mumbai Expressway - Phase 1,Road Transport & Highways,NHAI,112697.73,0.0,0.0,0.0,112697.73365593226,72.62,97342.9,PRJ-0287,2018-01-17,2024-06-14,2024-06-14,0,0
Central Vista Redevelopment - Phase 5,Urban Development,CPWD,25025.94,0.36,0.51,0.22,25025.935337921255,23.65,4915.67,PRJ-0288,2020-12-08,2024-04-21,2025-04-16,0,1
Delhi-Mumbai Expressway - Phase 5,Road Transport & Highways,NHAI,60476.22,0.55,0.77,0.88,69377.7,54.24,41707.44,PRJ-0289,2021-06-12,2027-07-11,2029-10-28,1,1
"New Domestic Terminal, Patna - Phase 3",Civil Aviation,AAI,1621.36,0.74,0.66,0.07,1948.81,25.71,483.63,PRJ-0290,2020-02-09,2022-09-26,2023-11-20,1,1
Mumbai Trans Harbour Link (MTHL) - Phase 1,Road Transport & Highways,MMRDA,14493.62,0.0,0.0,0.0,14493.621089476936,26.58,5662.03,PRJ-0291,2020-04-19,2025-08-21,2025-08-21,0,0
Pune Metro Rail Project - Phase 4,Urban Transport,Maha-Metro,12819.49,0.09,0.2,0.87,12819.494181477834,70.53,7863.75,PRJ-0292,2021-03-09,2025-11-13,2027-05-07,0,1
Ganga Expressway - Phase 5,Road Transport & Highways,UPEIDA,41112.42,0.98,0.48,0.47,61556.49,54.45,30546.34,PRJ-0293,2020-06-16,2024-07-25,2026-07-15,1,1
Ken-Betwa River Interlinking - Phase 3,Water Resources,NWDA,29910.88,0.0,0.0,0.0,29910.87593490289,60.76,26977.17,PRJ-0294,2020-06-30,2024-07-09,2024-07-09,0,0
Mumbai Trans Harbour Link (MTHL) - Phase 1,Road Transport & Highways,MMRDA,14758.81,0.79,0.8,0.75,23700.72,15.89,4093.62,PRJ-0295,2019-03-11,2021-11-25,2024-03-14,1,1
Delhi-Mumbai Expressway - Phase 2,Road Transport & Highways,NHAI,80916.67,0.71,0.68,0.52,122397.47,93.4,122397.47,PRJ-0296,2018-06-30,2021-03-16,2023-02-04,1,1
Subansiri Lower Hydroelectric Project - Phase 3,Power,NHPC,22727.54,0.5,0.37,0.85,32083.08,24.21,10863.05,PRJ-0297,2020-02-24,2025-03-29,2027-03-19,1,1
"New Domestic Terminal, Patna - Phase 1",Civil Aviation,AAI,1036.1,0.01,0.41,0.64,1036.101437085901,47.97,590.18,PRJ-0298,2019-01-05,2021-06-23,2022-09-16,0,1
Bharatmala Pariyojana Phase-I - Phase 1,Road Transport & Highways,NHAI,320617.52,0.9,0.05,0.06,320617.5230797993,23.86,103354.15,PRJ-0299,2021-11-30,2027-02-02,2028-02-27,0,1
Bangalore Suburban Rail Project - Phase 3,Urban Transport,K-RIDE,8452.74,0.0,0.0,0.0,8452.739937560329,33.27,2451.02,PRJ-0300,2021-07-06,2024-06-20,2024-06-20,0,0
Bangalore Suburban Rail Project - Phase 1,Urban Transport,K-RIDE,13303.18,0.19,0.51,0.94,15836.97,94.26,15836.97,PRJ-0301,2018-06-04,2024-10-30,2026-09-20,1,1
Ken-Betwa River Interlinking - Phase 2,Water Resources,NWDA,47136.22,0.0,0.0,0.0,47136.22170316838,43.4,17900.3,PRJ-0302,2019-10-09,2021-12-27,2021-12-27,0,0
Kudankulam Nuclear Power Plant - Phase 4,Power,NPCIL,58748.42,0.0,0.0,0.0,58748.42304072949,81.67,48244.27,PRJ-0303,2019-07-11,2023-08-19,2023-08-19,0,0
Zojila Tunnel - Phase 1,Road Transport & Highways,NHIDCL,9753.95,0.0,0.0,0.0,9753.947012875416,76.74,9167.85,PRJ-0304,2021-08-07,2027-07-07,2027-07-07,0,0
Delhi-Mumbai Expressway - Phase 3,Road Transport & Highways,NHAI,133651.74,0.0,0.0,0.0,133651.7363902777,10.03,16097.56,PRJ-0305,2019-06-14,2023-12-20,2023-12-20,0,0
Ganga Expressway - Phase 4,Road Transport & Highways,UPEIDA,20381.0,0.08,0.24,0.71,20380.997494713814,10.07,2235.45,PRJ-0306,2020-07-12,2025-03-18,2026-07-11,0,1
Central Vista Redevelopment - Phase 3,Urban Development,CPWD,17939.05,0.39,0.75,0.44,25806.98,53.45,12835.05,PRJ-0307,2019-08-12,2025-09-09,2027-03-03,1,1
Zojila Tunnel - Phase 3,Road Transport & Highways,NHIDCL,7866.34,0.45,0.99,0.34,11274.19,59.91,8019.91,PRJ-0308,2021-09-24,2025-02-05,2026-07-30,1,1
Kudankulam Nuclear Power Plant - Phase 5,Power,NPCIL,25576.86,0.0,0.0,0.0,25576.858832516486,5.14,1152.2,PRJ-0309,2021-04-03,2027-03-03,2027-03-03,0,0
Subansiri Lower Hydroelectric Project - Phase 2,Power,NHPC,21927.9,0.5,0.41,0.49,29358.98,29.54,7395.55,PRJ-0310,2020-09-21,2025-08-26,2027-02-17,1,1
Bangalore Suburban Rail Project - Phase 2,Urban Transport,K-RIDE,22542.23,0.85,0.17,0.57,34362.73,70.14,28763.84,PRJ-0311,2020-03-30,2027-01-23,2028-11-13,1,1
Bangalore Suburban Rail Project - Phase 4,Urban Transport,K-RIDE,12446.44,0.75,0.51,0.94,18290.93,54.95,13440.56,PRJ-0312,2018-11-29,2023-06-06,2025-10-23,1,1
"New Domestic Terminal, Patna - Phase 5",Civil Aviation,AAI,1405.62,0.74,0.24,0.95,2003.06,54.84,1411.99,PRJ-0313,2021-02-14,2025-05-24,2027-09-11,1,1
"New Domestic Terminal, Patna - Phase 2",Civil Aviation,AAI,1572.76,0.91,0.47,0.91,1870.8,60.53,1084.24,PRJ-0314,2019-05-27,2025-09-22,2028-04-09,1,1
Ken-Betwa River Interlinking - Phase 4,Water Resources,NWDA,41570.89,0.45,0.38,0.22,41570.890983713456,26.8,14520.03,PRJ-0315,2019-08-02,2024-05-07,2025-05-02,0,1
Bharatmala Pariyojana Phase-I - Phase 3,Road Transport & Highways,NHAI,418235.74,0.15,0.89,0.37,633088.99,44.62,291083.61,PRJ-0316,2021-08-20,2026-10-23,2027-12-17,1,1
Bharatmala Pariyojana Phase-I - Phase 5,Road Transport & Highways,NHAI,675150.99,0.98,0.34,0.08,790600.19,86.53,790600.19,PRJ-0317,2018-10-31,2021-06-17,2022-10-10,1,1
Ganga Expressway - Phase 4,Road Transport & Highways,UPEIDA,44980.21,0.42,0.03,0.84,66729.94,45.68,37536.47,PRJ-0318,2020-03-19,2023-07-02,2025-03-23,1,1
Central Vista Redevelopment - Phase 2,Urban Development,CPWD,17105.42,0.0,0.0,0.0,17105.415107672354,19.74,4307.68,PRJ-0319,2021-01-28,2026-07-01,2026-07-01,0,0
Ken-Betwa River Interlinking - Phase 4,Water Resources,NWDA,38034.97,0.68,0.38,0.32,56787.18,20.86,11626.97,PRJ-0320,2018-06-04,2024-07-02,2025-11-24,1,1
Ken-Betwa River Interlinking - Phase 1,Water Resources,NWDA,53621.67,0.16,0.05,0.89,53621.67413523014,11.44,6745.46,PRJ-0321,2021-12-29,2024-01-18,2025-08-10,0,1
Kudankulam Nuclear Power Plant - Phase 4,Power,NPCIL,59018.77,0.0,0.0,0.0,59018.767031422336,21.38,18572.13,PRJ-0322,2019-07-04,2024-01-09,2024-01-09,0,0
Central Vista Redevelopment - Phase 5,Urban Development,CPWD,19652.06,0.41,0.26,0.98,34147.52,76.1,30039.47,PRJ-0323,2019-04-04,2023-10-10,2025-10-29,1,1
Kudankulam Nuclear Power Plant - Phase 1,Power,NPCIL,42011.17,0.69,0.7,0.69,51076.4,78.9,41727.76,PRJ-0324,2019-06-01,2024-12-01,2026-12-21,1,1
"New Domestic Terminal, Patna - Phase 1",Civil Aviation,AAI,1777.18,0.95,0.77,0.55,2973.55,93.61,2973.55,PRJ-0325,2019-08-12,2025-07-11,2027-08-30,1,1
Mumbai Trans Harbour Link (MTHL) - Phase 2,Road Transport & Highways,MMRDA,18401.67,0.94,0.21,0.51,22389.62,94.1,17686.8,PRJ-0326,2018-05-15,2022-08-22,2024-06-12,1,1
Polavaram Irrigation Project - Phase 5,Water Resources,PPA,33193.13,0.97,0.92,0.14,53845.73,17.75,10728.07,PRJ-0327,2020-01-02,2023-05-16,2025-01-05,1,1
Noida International Airport (Jewar) - Phase 1,Civil Aviation,YIAPL,41429.34,0.0,0.0,0.0,41429.33637446116,11.4,6854.47,PRJ-0328,2021-06-23,2025-11-29,2025-11-29,0,0
Navi Mumbai International Airport - Phase 3,Civil Aviation,CIDCO,15630.89,0.44,0.16,0.67,21948.36,85.3,19428.33,PRJ-0329,2020-04-29,2026-04-28,2027-11-19,1,1
Bharatmala Pariyojana Phase-I - Phase 4,Road Transport & Highways,NHAI,663597.93,0.47,1.0,0.75,884269.93,42.88,556010.51,PRJ-0330,2020-03-04,2026-01-02,2028-02-21,1,1
"New Domestic Terminal, Patna - Phase 4",Civil Aviation,AAI,1499.27,0.79,0.96,0.06,2479.23,22.86,584.4,PRJ-0331,2021-05-29,2027-10-25,2029-03-18,1,1
Delhi-Mumbai Expressway - Phase 5,Road Transport & Highways,NHAI,59142.96,0.44,0.82,0.34,76309.8,24.46,23470.55,PRJ-0332,2021-07-09,2024-05-24,2025-10-16,1,1
Chenab Railway Bridge - Phase 1,Railways,Konkan Railway,1828.05,0.91,0.63,0.71,3133.06,94.04,3133.06,PRJ-0333,2020-02-23,2023-11-04,2026-02-21,1,1
Mumbai Trans Harbour Link (MTHL) - Phase 4,Road Transport & Highways,MMRDA,22132.23,0.79,0.32,0.6,35444.53,53.77,25517.68,PRJ-0334,2019-11-20,2022-09-05,2024-07-26,1,1
Noida International Airport (Jewar) - Phase 4,Civil Aviation,YIAPL,22075.05,0.78,0.4,0.99,25831.09,92.06,24817.72,PRJ-0335,2020-08-23,2023-04-10,2025-09-26,1,1
Central Vista Redevelopment - Phase 1,Urban Development,CPWD,28147.62,0.45,0.83,0.29,32539.51,76.63,21272.16,PRJ-0336,2021-07-29,2024-06-13,2025-10-06,1,1
Kudankulam Nuclear Power Plant - Phase 2,Power,NPCIL,29309.22,0.71,0.56,0.97,33682.87,39.9,15722.74,PRJ-0337,2019-08-22,2025-04-22,2027-10-09,1,1
Ken-Betwa River Interlinking - Phase 4,Water Resources,NWDA,58699.14,0.47,0.15,0.77,95247.23,81.29,85979.62,PRJ-0338,2021-10-11,2027-07-12,2029-04-02,1,1
Bangalore Suburban Rail Project - Phase 2,Urban Transport,K-RIDE,14867.92,0.09,0.42,0.92,18702.7,92.24,18104.95,PRJ-0339,2019-09-05,2024-06-10,2026-03-02,1,1
Ganga Expressway - Phase 3,Road Transport & Highways,UPEIDA,21816.58,0.54,0.19,0.6,37593.69,78.32,25513.01,PRJ-0340,2021-12-04,2024-04-22,2025-11-13,1,1
Bharatmala Pariyojana Phase-I - Phase 2,Road Transport & Highways,NHAI,325169.15,0.26,0.43,0.47,325169.1452400891,59.9,215176.65,PRJ-0341,2020-08-29,2024-02-10,2025-05-05,0,1
Zojila Tunnel - Phase 5,Road Transport & Highways,NHIDCL,10111.11,0.82,0.78,0.23,13006.46,59.12,11383.92,PRJ-0342,2021-10-10,2026-12-13,2028-07-05,1,1
Mumbai-Ahmedabad High Speed Rail - Phase 2,Railways,NHSRCL,85163.88,0.73,0.5,0.02,125864.42,77.59,125864.42,PRJ-0343,2018-08-19,2021-10-02,2022-10-27,1,1
Noida International Airport (Jewar) - Phase 2,Civil Aviation,YIAPL,33390.01,0.42,0.31,0.86,58634.82,40.98,32593.39,PRJ-0344,2018-09-20,2023-11-23,2025-10-13,1,1
Delhi-Mumbai Expressway - Phase 3,Road Transport & Highways,NHAI,137555.51,0.57,0.72,0.65,176289.44,27.85,70868.65,PRJ-0345,2021-06-07,2026-10-09,2028-08-29,1,1
Ken-Betwa River Interlinking - Phase 3,Water Resources,NWDA,42856.75,0.69,0.4,0.78,73175.15,14.57,11683.31,PRJ-0346,2021-12-13,2027-09-13,2029-10-02,1,1
Navi Mumbai International Airport - Phase 5,Civil Aviation,CIDCO,23248.61,0.26,0.36,0.41,23248.610518328256,78.47,17949.31,PRJ-0347,2020-12-29,2026-05-02,2027-05-27,0,1
Delhi-Mumbai Expressway - Phase 2,Road Transport & Highways,NHAI,73460.07,0.2,0.54,0.89,81775.95,87.75,81775.95,PRJ-0348,2020-09-08,2023-03-27,2025-01-15,1,1
Chenab Railway Bridge - Phase 5,Railways,Konkan Railway,1999.54,0.84,0.7,0.41,2733.49,72.32,2356.72,PRJ-0349,2020-09-30,2023-08-16,2025-06-06,1,1
Mumbai-Ahmedabad High Speed Rail - Phase 5,Railways,NHSRCL,75353.5,0.36,0.57,0.59,92251.94,15.85,11921.16,PRJ-0350,2020-02-22,2024-05-31,2025-12-22,1,1
Polavaram Irrigation Project - Phase 4,Water Resources,PPA,81605.16,0.69,0.99,0.64,116182.62,75.76,79540.41,PRJ-0351,2020-11-30,2025-08-06,2027-09-25,1,1
Subansiri Lower Hydroelectric Project - Phase 4,Power,NHPC,12287.97,0.97,0.52,0.93,21952.08,20.35,4964.14,PRJ-0352,2018-03-12,2020-08-28,2023-04-15,1,1
Noida International Airport (Jewar) - Phase 3,Civil Aviation,YIAPL,15901.86,0.19,0.42,0.66,23515.51,70.3,16947.43,PRJ-0353,2021-05-22,2025-12-27,2027-05-21,1,1
"New Domestic Terminal, Patna - Phase 3",Civil Aviation,AAI,775.1,0.0,0.0,0.0,775.0951702921018,6.37,63.89,PRJ-0354,2018-08-16,2021-03-03,2021-03-03,0,0
"New Domestic Terminal, Patna - Phase 2",Civil Aviation,AAI,773.07,0.14,0.53,0.85,1332.07,36.36,640.33,PRJ-0355,2020-01-11,2025-12-10,2027-09-01,1,1
Mumbai Trans Harbour Link (MTHL) - Phase 1,Road Transport & Highways,MMRDA,19721.36,0.3,0.73,0.94,26957.7,64.21,18835.16,PRJ-0356,2021-06-17,2028-03-12,2030-04-01,1,1
Noida International Airport (Jewar) - Phase 1,Civil Aviation,YIAPL,18819.43,0.0,0.0,0.0,18819.42641029596,24.08,5942.93,PRJ-0357,2018-02-18,2023-07-22,2023-07-22,0,0
Bangalore Suburban Rail Project - Phase 3,Urban Transport,K-RIDE,12581.55,0.55,0.59,0.38,18556.25,70.37,18556.25,PRJ-0358,2019-09-11,2023-07-22,2024-12-13,1,1
Subansiri Lower Hydroelectric Project - Phase 2,Power,NHPC,12435.85,0.26,0.25,0.69,12435.845936000203,14.17,1572.93,PRJ-0359,2021-09-30,2028-04-26,2029-09-18,0,1
Mumbai-Ahmedabad High Speed Rail - Phase 2,Railways,NHSRCL,149793.48,0.38,0.92,0.29,227608.34,8.42,22107.55,PRJ-0360,2019-12-02,2023-01-15,2024-05-09,1,1
Zojila Tunnel - Phase 5,Road Transport & Highways,NHIDCL,7830.39,0.9,0.15,0.4,12856.92,67.97,8875.43,PRJ-0361,2019-12-23,2023-02-05,2024-08-28,1,1
Central Vista Redevelopment - Phase 1,Urban Development,CPWD,12861.55,0.56,0.28,0.67,14571.73,88.96,13179.99,PRJ-0362,2021-05-04,2026-12-04,2028-08-25,1,1
Zojila Tunnel - Phase 4,Road Transport & Highways,NHIDCL,3570.59,0.52,0.67,0.55,4887.93,13.89,691.29,PRJ-0363,2019-01-30,2022-08-12,2024-05-03,1,1
Mumbai-Ahmedabad High Speed Rail - Phase 2,Railways,NHSRCL,140870.62,0.63,0.9,0.95,231040.94,58.09,125702.34,PRJ-0364,2021-04-15,2026-01-19,2028-08-06,1,1
Ken-Betwa River Interlinking - Phase 3,Water Resources,NWDA,63148.21,0.96,0.2,0.65,110622.91,59.71,56752.29,PRJ-0365,2019-11-13,2023-05-26,2025-06-14,1,1
Ganga Expressway - Phase 1,Road Transport & Highways,UPEIDA,39854.89,0.01,0.65,0.56,46751.43,74.22,46751.43,PRJ-0366,2020-03-10,2022-12-25,2024-03-19,1,1
Chenab Railway Bridge - Phase 3,Railways,Konkan Railway,709.67,0.18,0.91,0.89,1233.65,64.95,819.08,PRJ-0367,2021-07-21,2024-10-03,2026-09-23,1,1
Pune Metro Rail Project - Phase 3,Urban Transport,Maha-Metro,9709.66,0.69,0.57,0.74,16605.21,19.03,4378.45,PRJ-0368,2018-10-09,2025-07-04,2027-08-23,1,1
Ken-Betwa River Interlinking - Phase 5,Water Resources,NWDA,45496.71,0.66,0.65,0.47,65335.22,94.15,65335.22,PRJ-0369,2020-06-24,2026-12-20,2028-09-10,1,1
Mumbai Trans Harbour Link (MTHL) - Phase 5,Road Transport & Highways,MMRDA,18593.23,0.0,0.0,0.0,18593.230010873456,78.35,16911.33,PRJ-0370,2019-05-09,2021-11-24,2021-11-24,0,0
Bharatmala Pariyojana Phase-I - Phase 4,Road Transport & Highways,NHAI,652625.97,0.03,0.33,0.87,815710.78,91.05,649353.95,PRJ-0371,2020-06-12,2024-03-23,2025-09-14,1,1
Mumbai Trans Harbour Link (MTHL) - Phase 4,Road Transport & Highways,MMRDA,15278.38,0.0,0.0,0.0,15278.382757609445,71.3,15278.38,PRJ-0372,2020-12-26,2027-03-25,2027-03-25,0,0
Noida International Airport (Jewar) - Phase 5,Civil Aviation,YIAPL,15045.47,0.49,0.93,0.65,21493.44,13.81,3966.02,PRJ-0373,2019-01-19,2023-02-27,2025-02-16,1,1
Pune Metro Rail Project - Phase 5,Urban Transport,Maha-Metro,9186.72,0.33,0.82,0.85,12315.94,81.03,12315.94,PRJ-0374,2021-08-13,2025-11-20,2027-12-10,1,1
Central Vista Redevelopment - Phase 5,Urban Development,CPWD,14391.06,0.2,0.64,0.69,18985.88,20.48,3133.33,PRJ-0375,2018-02-12,2024-06-10,2026-01-01,1,1
Noida International Airport (Jewar) - Phase 3,Civil Aviation,YIAPL,43639.09,0.02,0.97,0.19,43639.08651480007,14.05,6108.75,PRJ-0376,2020-03-21,2024-10-26,2025-08-22,0,1
Navi Mumbai International Airport - Phase 4,Civil Aviation,CIDCO,8589.86,0.67,0.64,0.88,14011.81,7.04,1450.51,PRJ-0377,2018-10-20,2022-12-28,2025-04-16,1,1
Polavaram Irrigation Project - Phase 3,Water Resources,PPA,58150.21,0.3,0.95,0.31,80542.28,88.08,80542.28,PRJ-0378,2021-02-01,2026-06-05,2027-08-29,1,1
Zojila Tunnel - Phase 2,Road Transport & Highways,NHIDCL,7298.35,0.62,0.36,0.53,9133.66,56.65,6193.77,PRJ-0379,2020-08-03,2023-01-20,2024-09-11,1,1
Subansiri Lower Hydroelectric Project - Phase 5,Power,NHPC,26949.51,0.89,0.93,0.77,33908.56,14.75,4011.75,PRJ-0380,2020-05-17,2023-09-29,2026-04-16,1,1
Ganga Expressway - Phase 3,Road Transport & Highways,UPEIDA,34237.7,0.09,0.56,0.49,34237.701213900895,92.02,34237.7,PRJ-0381,2019-02-23,2026-01-17,2027-03-13,0,1
Bangalore Suburban Rail Project - Phase 5,Urban Transport,K-RIDE,15202.89,0.8,0.36,0.03,15202.892355970065,31.96,6289.0,PRJ-0382,2019-02-16,2023-10-23,2024-11-16,0,1
Pune Metro Rail Project - Phase 1,Urban Transport,Maha-Metro,15716.01,0.52,0.15,0.88,18551.91,18.93,4751.46,PRJ-0383,2021-10-22,2024-01-10,2025-11-30,1,1
Ken-Betwa River Interlinking - Phase 2,Water Resources,NWDA,60087.72,0.18,0.11,0.73,60087.71897766966,68.67,36113.88,PRJ-0384,2019-11-13,2026-02-09,2027-06-04,0,1
"New Domestic Terminal, Patna - Phase 5",Civil Aviation,AAI,1794.42,0.88,0.74,0.29,2998.92,48.75,1261.32,PRJ-0385,2020-12-23,2026-09-23,2028-06-14,1,1
"New Domestic Terminal, Patna - Phase 3",Civil Aviation,AAI,1506.38,0.29,0.65,0.66,2095.9,46.67,1330.13,PRJ-0386,2019-02-24,2023-01-04,2024-08-26,1,1
Mumbai Trans Harbour Link (MTHL) - Phase 4,Road Transport & Highways,MMRDA,13075.18,0.43,0.62,0.42,16684.65,71.0,11662.02,PRJ-0387,2020-03-25,2026-04-23,2027-09-15,1,1
Chenab Railway Bridge - Phase 2,Railways,Konkan Railway,958.91,0.23,0.66,0.7,1294.99,50.24,688.06,PRJ-0388,2020-12-28,2023-08-15,2025-04-06,1,1
Central Vista Redevelopment - Phase 4,Urban Development,CPWD,17943.93,0.66,0.33,0.84,21833.69,17.49,4504.89,PRJ-0389,2018-11-13,2024-11-11,2026-12-01,1,1
Mumbai-Ahmedabad High Speed Rail - Phase 4,Railways,NHSRCL,122399.31,0.28,0.66,0.83,164600.67,60.92,142299.7,PRJ-0390,2020-09-26,2026-09-25,2028-08-15,1,1
Pune Metro Rail Project - Phase 3,Urban Transport,Maha-Metro,13711.46,0.88,0.28,0.7,21337.6,67.44,20893.17,PRJ-0391,2019-01-17,2025-08-13,2027-09-02,1,1
Bangalore Suburban Rail Project - Phase 5,Urban Transport,K-RIDE,12520.0,0.66,0.81,0.05,19047.2,28.73,8048.67,PRJ-0392,2022-01-19,2025-05-03,2026-06-27,1,1
Pune Metro Rail Project - Phase 2,Urban Transport,Maha-Metro,11665.95,0.81,0.2,0.11,11665.945015696088,36.59,5419.9,PRJ-0393,2019-03-16,2023-03-25,2024-04-18,0,1
Kudankulam Nuclear Power Plant - Phase 5,Power,NPCIL,47465.79,0.9,0.26,0.58,69272.0,23.02,18417.44,PRJ-0394,2021-06-21,2026-05-26,2028-04-15,1,1
Ganga Expressway - Phase 1,Road Transport & Highways,UPEIDA,34920.53,0.17,0.99,0.44,45922.21,39.62,18428.42,PRJ-0395,2020-08-31,2026-02-01,2027-05-27,1,1
Pune Metro Rail Project - Phase 2,Urban Transport,Maha-Metro,10517.83,0.4,0.86,0.82,14541.06,68.7,9995.15,PRJ-0396,2020-06-14,2024-02-24,2026-03-15,1,1
Ganga Expressway - Phase 4,Road Transport & Highways,UPEIDA,21876.65,0.85,0.84,0.58,36476.94,65.83,28505.32,PRJ-0397,2018-07-07,2022-04-17,2024-06-05,1,1
Pune Metro Rail Project - Phase 5,Urban Transport,Maha-Metro,10114.43,0.5,0.11,0.92,12930.32,32.14,6127.2,PRJ-0398,2022-01-01,2027-07-04,2029-06-23,1,1
Zojila Tunnel - Phase 5,Road Transport & Highways,NHIDCL,6935.99,0.62,0.63,0.96,10134.07,87.61,10097.89,PRJ-0399,2021-01-24,2027-07-22,2029-12-08,1,1
Chenab Railway Bridge - Phase 3,Railways,Konkan Railway,1228.03,0.0,0.0,0.0,1228.028262120587,27.08,275.25,PRJ-0400,2020-12-31,2026-05-04,2026-05-04,0,0
Zojila Tunnel - Phase 2,Road Transport & Highways,NHIDCL,9936.75,0.68,0.6,0.41,16581.38,66.84,11093.64,PRJ-0401,2021-04-16,2025-07-24,2027-03-16,1,1
Bangalore Suburban Rail Project - Phase 1,Urban Transport,K-RIDE,11772.66,0.46,0.69,0.72,20155.86,73.09,14583.32,PRJ-0402,2019-10-07,2024-09-10,2026-08-01,1,1
Mumbai Trans Harbour Link (MTHL) - Phase 2,Road Transport & Highways,MMRDA,24509.02,0.51,0.93,0.55,27826.19,14.41,5835.11,PRJ-0403,2021-03-06,2023-08-23,2025-06-13,1,1
Chenab Railway Bridge - Phase 3,Railways,Konkan Railway,1671.75,0.14,0.66,0.31,1671.745231595269,60.83,1201.38,PRJ-0404,2019-12-03,2025-03-06,2026-03-01,0,1
Noida International Airport (Jewar) - Phase 3,Civil Aviation,YIAPL,32231.68,0.0,0.0,0.0,32231.67533032934,57.46,17979.56,PRJ-0405,2022-01-17,2025-06-30,2025-06-30,0,0
Delhi-Mumbai Expressway - Phase 4,Road Transport & Highways,NHAI,84393.0,0.18,0.6,0.8,137382.05,59.22,73639.05,PRJ-0406,2021-09-19,2028-06-14,2030-03-06,1,1
Ganga Expressway - Phase 4,Road Transport & Highways,UPEIDA,18384.11,0.0,0.0,0.0,18384.10515975304,80.91,13598.4,PRJ-0407,2019-08-31,2023-08-10,2023-08-10,0,0
Bangalore Suburban Rail Project - Phase 1,Urban Transport,K-RIDE,11929.98,0.96,0.77,0.37,19065.33,16.27,2507.48,PRJ-0408,2018-04-05,2022-01-14,2023-12-05,1,1
Polavaram Irrigation Project - Phase 1,Water Resources,PPA,63975.27,0.17,0.51,0.93,104521.38,7.21,10749.8,PRJ-0409,2021-04-02,2027-05-31,2029-03-21,1,1
Navi Mumbai International Airport - Phase 5,Civil Aviation,CIDCO,12196.25,0.27,0.74,0.1,12196.248691499743,31.57,5326.13,PRJ-0410,2021-01-06,2025-05-15,2026-03-11,0,1
Pune Metro Rail Project - Phase 1,Urban Transport,Maha-Metro,10009.36,0.33,0.54,0.31,10009.355949204544,86.49,10009.36,PRJ-0411,2019-09-03,2022-11-16,2023-12-11,0,1
"New Domestic Terminal, Patna - Phase 3",Civil Aviation,AAI,695.83,0.14,0.55,0.37,695.828622436128,25.64,205.12,PRJ-0412,2018-03-24,2020-04-12,2021-04-07,0,1
Polavaram Irrigation Project - Phase 5,Water Resources,PPA,50566.32,0.14,0.67,0.3,50566.31952765603,54.54,31538.19,PRJ-0413,2021-08-01,2026-06-06,2027-06-01,0,1
Pune Metro Rail Project - Phase 1,Urban Transport,Maha-Metro,10295.16,0.56,0.65,0.61,12303.43,56.31,10202.61,PRJ-0414,2021-04-17,2025-04-26,2027-02-15,1,1
Delhi-Mumbai Expressway - Phase 5,Road Transport & Highways,NHAI,143574.91,0.51,0.69,0.93,180837.16,50.03,135705.39,PRJ-0415,2019-09-06,2024-11-08,2027-02-26,1,1
Delhi-Mumbai Expressway - Phase 2,Road Transport & Highways,NHAI,115585.2,0.83,0.99,0.77,146221.3,56.08,91065.15,PRJ-0416,2018-08-10,2021-02-25,2023-08-14,1,1
Navi Mumbai International Airport - Phase 5,Civil Aviation,CIDCO,22215.32,0.35,0.12,0.63,22215.322398041066,63.48,14460.9,PRJ-0417,2021-02-06,2027-07-05,2028-11-26,0,1
Chenab Railway Bridge - Phase 5,Railways,Konkan Railway,1395.91,0.96,0.59,0.09,1652.99,19.67,341.14,PRJ-0418,2019-03-22,2024-03-25,2025-08-17,1,1
Bharatmala Pariyojana Phase-I - Phase 2,Road Transport & Highways,NHAI,502559.27,0.54,0.51,0.86,633262.81,57.55,404969.72,PRJ-0419,2019-11-26,2022-05-14,2024-07-02,1,1
Zojila Tunnel - Phase 3,Road Transport & Highways,NHIDCL,4177.36,0.5,0.24,0.94,4757.23,33.31,2235.08,PRJ-0420,2019-04-13,2025-02-10,2027-03-02,1,1
Ganga Expressway - Phase 1,Road Transport & Highways,UPEIDA,46146.63,0.61,0.93,0.25,52689.2,89.43,44535.23,PRJ-0421,2020-08-22,2026-02-22,2027-08-16,1,1
Zojila Tunnel - Phase 1,Road Transport & Highways,NHIDCL,8481.57,0.0,0.0,0.0,8481.570736055282,44.94,3053.98,PRJ-0422,2019-02-15,2025-04-14,2025-04-14,0,0
Delhi-Mumbai Expressway - Phase 4,Road Transport & Highways,NHAI,118058.82,0.47,0.33,0.51,164936.34,34.8,53668.84,PRJ-0423,2020-10-17,2025-06-23,2026-11-15,1,1
Chenab Railway Bridge - Phase 5,Railways,Konkan Railway,2051.32,0.0,0.65,0.36,2051.316068474662,88.3,2051.32,PRJ-0424,2018-04-10,2023-09-11,2024-08-06,0,1
Bharatmala Pariyojana Phase-I - Phase 2,Road Transport & Highways,NHAI,344664.82,0.97,0.15,0.56,434044.7,21.52,139142.49,PRJ-0425,2018-06-23,2024-02-22,2026-01-12,1,1
Subansiri Lower Hydroelectric Project - Phase 3,Power,NHPC,14328.46,0.74,0.27,0.22,22136.05,9.33,2309.01,PRJ-0426,2020-01-19,2024-09-24,2025-12-18,1,1
Polavaram Irrigation Project - Phase 1,Water Resources,PPA,39354.53,0.99,0.5,0.61,45410.71,34.62,18390.81,PRJ-0427,2021-02-21,2027-05-21,2029-07-09,1,1
Chenab Railway Bridge - Phase 3,Railways,Konkan Railway,1482.97,0.69,0.89,0.49,1970.2,50.21,1064.33,PRJ-0428,2018-09-01,2021-12-14,2023-11-04,1,1
Pune Metro Rail Project - Phase 3,Urban Transport,Maha-Metro,10302.26,0.02,0.56,0.77,14455.32,75.11,14101.19,PRJ-0429,2018-12-21,2022-04-04,2023-09-26,1,1
Bangalore Suburban Rail Project - Phase 2,Urban Transport,K-RIDE,13470.48,0.58,0.24,0.42,20955.31,90.29,20674.67,PRJ-0430,2020-01-03,2022-05-22,2023-09-14,1,1
Kudankulam Nuclear Power Plant - Phase 5,Power,NPCIL,53460.7,0.54,0.68,0.76,87091.41,69.4,81584.06,PRJ-0431,2020-11-28,2025-12-02,2027-12-22,1,1
Central Vista Redevelopment - Phase 1,Urban Development,CPWD,25313.58,0.13,0.91,0.04,25313.577955193992,23.74,7081.71,PRJ-0432,2021-11-02,2025-04-15,2025-12-11,0,1
Navi Mumbai International Airport - Phase 2,Civil Aviation,CIDCO,17552.49,0.0,0.0,0.0,17552.492283395608,12.57,2489.94,PRJ-0433,2019-10-23,2024-03-30,2024-03-30,0,0
Kudankulam Nuclear Power Plant - Phase 3,Power,NPCIL,41082.28,0.91,0.86,0.62,67968.44,88.96,58588.59,PRJ-0434,2021-10-09,2024-10-23,2027-02-10,1,1
Pune Metro Rail Project - Phase 3,Urban Transport,Maha-Metro,10208.08,0.67,0.44,0.01,10208.079140229274,60.82,5716.74,PRJ-0435,2018-11-19,2022-11-28,2023-10-24,0,1
Noida International Airport (Jewar) - Phase 3,Civil Aviation,YIAPL,41128.17,0.22,0.53,0.88,73731.93,13.02,9853.86,PRJ-0436,2018-11-17,2024-11-15,2026-09-06,1,1
Bharatmala Pariyojana Phase-I - Phase 5,Road Transport & Highways,NHAI,494124.02,0.01,0.76,0.97,784815.13,94.34,784815.13,PRJ-0437,2021-09-24,2025-03-07,2027-01-26,1,1
Bangalore Suburban Rail Project - Phase 1,Urban Transport,K-RIDE,17577.15,0.92,0.13,0.98,28992.45,88.46,26330.83,PRJ-0438,2020-12-14,2027-04-12,2029-09-28,1,1
Zojila Tunnel - Phase 3,Road Transport & Highways,NHIDCL,6431.19,0.54,0.89,0.14,9145.51,54.09,7135.22,PRJ-0439,2018-04-30,2021-05-14,2022-08-07,1,1
Noida International Airport (Jewar) - Phase 2,Civil Aviation,YIAPL,19228.71,0.0,0.0,0.0,19228.71460371375,52.86,14529.63,PRJ-0440,2019-11-15,2024-12-18,2024-12-18,0,0
Mumbai Trans Harbour Link (MTHL) - Phase 3,Road Transport & Highways,MMRDA,23537.7,0.39,0.56,0.46,36693.45,47.13,15719.68,PRJ-0441,2019-10-21,2022-08-06,2023-12-29,1,1
Central Vista Redevelopment - Phase 3,Urban Development,CPWD,11751.68,0.31,0.4,0.81,13717.35,68.99,12676.92,PRJ-0442,2018-07-11,2021-10-23,2023-07-15,1,1
Ken-Betwa River Interlinking - Phase 5,Water Resources,NWDA,66164.2,0.96,0.44,0.66,109476.44,38.85,38085.83,PRJ-0443,2020-01-13,2024-01-22,2026-04-11,1,1
Noida International Airport (Jewar) - Phase 1,Civil Aviation,YIAPL,43116.84,0.44,0.06,0.54,43116.8410732261,76.35,43116.84,PRJ-0444,2020-09-23,2026-05-25,2027-09-17,0,1
Central Vista Redevelopment - Phase 1,Urban Development,CPWD,26542.48,0.26,0.95,0.75,45299.25,52.87,20316.14,PRJ-0445,2019-12-21,2023-11-30,2025-10-20,1,1
Kudankulam Nuclear Power Plant - Phase 1,Power,NPCIL,34454.67,0.46,0.46,0.17,34454.67001848828,51.5,23715.54,PRJ-0446,2020-02-21,2023-11-02,2024-10-27,0,1
Ganga Expressway - Phase 2,Road Transport & Highways,UPEIDA,20368.5,0.43,0.56,0.41,22819.05,36.11,9763.04,PRJ-0447,2019-12-04,2025-12-02,2027-03-27,1,1
Chenab Railway Bridge - Phase 1,Railways,Konkan Railway,1039.07,0.97,0.37,0.68,1709.88,68.88,1239.74,PRJ-0448,2021-10-02,2023-12-21,2026-02-08,1,1
Navi Mumbai International Airport - Phase 1,Civil Aviation,CIDCO,11245.9,0.91,0.13,0.68,20208.54,37.02,11178.69,PRJ-0449,2020-03-22,2026-11-16,2028-11-05,1,1
Mumbai Trans Harbour Link (MTHL) - Phase 5,Road Transport & Highways,MMRDA,15460.15,0.07,0.75,0.63,23632.02,25.32,8935.84,PRJ-0450,2021-03-22,2027-01-20,2028-06-13,1,1
Navi Mumbai International Airport - Phase 5,Civil Aviation,CIDCO,16067.41,0.56,0.29,0.59,18772.35,14.43,2850.45,PRJ-0451,2021-08-04,2026-02-09,2027-10-02,1,1
Central Vista Redevelopment - Phase 5,Urban Development,CPWD,13281.3,0.5,0.69,0.75,18072.22,75.47,13345.64,PRJ-0452,2019-04-01,2024-03-05,2026-02-23,1,1
Delhi-Mumbai Expressway - Phase 2,Road Transport & Highways,NHAI,101376.3,0.35,0.57,0.77,171653.98,57.1,100275.47,PRJ-0453,2021-07-15,2028-04-09,2030-01-29,1,1
Ken-Betwa River Interlinking - Phase 1,Water Resources,NWDA,30614.5,0.23,0.07,0.83,30614.49884014965,23.63,8832.58,PRJ-0454,2019-03-05,2021-02-22,2022-09-15,0,1
Polavaram Irrigation Project - Phase 2,Water Resources,PPA,67953.7,0.53,0.77,0.78,121758.16,28.35,29843.07,PRJ-0455,2020-02-12,2022-02-01,2024-02-21,1,1
Kudankulam Nuclear Power Plant - Phase 5,Power,NPCIL,34488.76,0.0,0.0,0.0,34488.76071451771,84.85,26597.08,PRJ-0456,2018-10-25,2024-05-26,2024-05-26,0,0
Navi Mumbai International Airport - Phase 2,Civil Aviation,CIDCO,22646.58,0.45,0.9,0.83,37294.94,76.23,35514.38,PRJ-0457,2021-08-20,2027-02-20,2029-04-10,1,1
Central Vista Redevelopment - Phase 3,Urban Development,CPWD,28531.26,0.43,0.67,0.32,42163.0,21.14,9879.03,PRJ-0458,2019-05-17,2023-08-24,2024-11-16,1,1
Mumbai Trans Harbour Link (MTHL) - Phase 2,Road Transport & Highways,MMRDA,25187.12,0.84,0.68,0.37,31076.23,87.19,31076.23,PRJ-0459,2018-09-20,2024-02-21,2025-11-12,1,1
Navi Mumbai International Airport - Phase 1,Civil Aviation,CIDCO,16937.21,0.0,0.0,0.0,16937.206673487617,19.95,4398.4,PRJ-0460,2018-02-03,2023-09-05,2023-09-05,0,0
Pune Metro Rail Project - Phase 3,Urban Transport,Maha-Metro,12061.26,0.4,0.19,0.61,21483.26,49.39,11928.6,PRJ-0461,2018-01-06,2021-03-21,2022-08-13,1,1
Subansiri Lower Hydroelectric Project - Phase 4,Power,NHPC,13117.65,0.84,0.8,0.0,16613.93,78.83,15096.94,PRJ-0462,2021-05-01,2024-10-12,2026-01-05,1,1
Bharatmala Pariyojana Phase-I - Phase 3,Road Transport & Highways,NHAI,720715.83,0.97,0.59,0.79,916192.12,56.37,738233.85,PRJ-0463,2018-04-20,2022-08-27,2025-02-12,1,1
Pune Metro Rail Project - Phase 4,Urban Transport,Maha-Metro,8962.26,0.65,0.03,0.71,10135.45,5.47,457.49,PRJ-0464,2020-04-06,2025-05-10,2027-01-30,1,1
Navi Mumbai International Airport - Phase 4,Civil Aviation,CIDCO,19672.95,0.84,0.65,0.9,30332.08,50.89,16480.99,PRJ-0465,2019-02-04,2022-11-15,2025-06-02,1,1
Bharatmala Pariyojana Phase-I - Phase 3,Road Transport & Highways,NHAI,315507.46,0.0,0.0,0.0,315507.45980829274,64.73,211626.59,PRJ-0466,2021-10-07,2025-05-19,2025-05-19,0,0
Noida International Airport (Jewar) - Phase 2,Civil Aviation,YIAPL,19810.03,0.4,0.46,0.97,30859.74,43.63,13097.93,PRJ-0467,2019-03-03,2025-10-27,2027-11-16,1,1
Bharatmala Pariyojana Phase-I - Phase 2,Road Transport & Highways,NHAI,328928.13,0.88,0.49,0.89,454266.72,14.4,58961.7,PRJ-0468,2019-05-06,2026-03-30,2028-09-15,1,1
Central Vista Redevelopment - Phase 5,Urban Development,CPWD,16885.41,0.0,0.0,0.0,16885.409427061702,42.24,6956.6,PRJ-0469,2021-09-29,2025-02-10,2025-02-10,0,0
Bharatmala Pariyojana Phase-I - Phase 3,Road Transport & Highways,NHAI,344507.97,0.78,0.3,0.74,505044.87,29.61,132415.11,PRJ-0470,2018-07-14,2022-11-20,2024-12-09,1,1
Chenab Railway Bridge - Phase 2,Railways,Konkan Railway,1196.01,0.91,0.38,0.59,1736.05,62.84,972.72,PRJ-0471,2021-05-01,2027-11-26,2029-11-15,1,1
Central Vista Redevelopment - Phase 4,Urban Development,CPWD,28875.99,0.4,0.42,0.59,45449.92,70.4,41469.86,PRJ-0472,2019-03-22,2025-04-19,2026-10-11,1,1
Subansiri Lower Hydroelectric Project - Phase 2,Power,NHPC,15594.65,0.27,0.82,0.19,20192.53,15.54,3414.46,PRJ-0473,2020-01-19,2022-04-08,2023-04-03,1,1
Ganga Expressway - Phase 2,Road Transport & Highways,UPEIDA,27292.0,0.63,0.35,0.14,27292.004134789542,75.66,27249.35,PRJ-0474,2021-09-21,2028-04-17,2029-05-12,0,1
Navi Mumbai International Airport - Phase 5,Civil Aviation,CIDCO,12933.07,0.42,0.81,0.41,14893.73,76.51,11787.72,PRJ-0475,2019-08-08,2026-04-03,2027-09-25,1,1
Mumbai-Ahmedabad High Speed Rail - Phase 1,Railways,NHSRCL,156150.44,0.48,0.67,0.46,224413.77,94.31,224413.77,PRJ-0476,2022-01-28,2025-10-09,2027-05-02,1,1
Delhi-Mumbai Expressway - Phase 4,Road Transport & Highways,NHAI,145430.43,0.27,0.91,0.73,220493.36,84.67,204744.79,PRJ-0477,2019-11-08,2021-11-27,2023-09-18,1,1
Navi Mumbai International Airport - Phase 5,Civil Aviation,CIDCO,16404.14,0.77,0.06,0.67,19049.9,63.0,15472.18,PRJ-0478,2019-07-21,2022-08-04,2024-05-25,1,1
Kudankulam Nuclear Power Plant - Phase 2,Power,NPCIL,37414.64,0.46,0.03,0.61,37414.637210880435,87.12,34989.33,PRJ-0479,2018-12-23,2025-01-20,2026-06-14,0,1
"New Domestic Terminal, Patna - Phase 1",Civil Aviation,AAI,1392.37,0.0,0.0,0.0,1392.3683949023816,89.44,1392.37,PRJ-0480,2020-09-14,2027-05-11,2027-05-11,0,0
Mumbai Trans Harbour Link (MTHL) - Phase 3,Road Transport & Highways,MMRDA,25846.87,0.42,0.82,0.24,36235.11,41.48,19812.97,PRJ-0481,2020-05-15,2022-07-04,2023-09-27,1,1
"New Domestic Terminal, Patna - Phase 4",Civil Aviation,AAI,1657.36,0.39,0.52,0.91,1877.44,67.35,1593.64,PRJ-0482,2020-06-29,2025-10-31,2027-11-20,1,1
Noida International Airport (Jewar) - Phase 2,Civil Aviation,YIAPL,18114.54,0.14,0.55,0.94,28931.16,94.51,28931.16,PRJ-0483,2018-11-17,2021-10-02,2023-07-24,1,1
Mumbai Trans Harbour Link (MTHL) - Phase 3,Road Transport & Highways,MMRDA,9194.69,0.0,0.0,0.0,9194.692010462033,21.26,1775.92,PRJ-0484,2020-01-10,2023-05-24,2023-05-24,0,0
Zojila Tunnel - Phase 1,Road Transport & Highways,NHIDCL,9392.85,0.0,0.0,0.0,9392.849125451265,77.59,6179.27,PRJ-0485,2022-01-19,2025-11-29,2025-11-29,0,0
Mumbai Trans Harbour Link (MTHL) - Phase 3,Road Transport & Highways,MMRDA,13948.34,0.44,0.71,0.06,20222.73,19.61,3684.58,PRJ-0486,2019-02-26,2022-10-08,2023-09-03,1,1
Delhi-Mumbai Expressway - Phase 5,Road Transport & Highways,NHAI,105635.33,0.23,0.47,0.33,105635.33159556413,29.84,44247.71,PRJ-0487,2021-08-26,2023-10-15,2024-10-09,0,1
Navi Mumbai International Airport - Phase 3,Civil Aviation,CIDCO,10930.86,0.62,0.33,0.81,13353.78,26.1,3680.1,PRJ-0488,2018-06-16,2021-05-31,2023-06-20,1,1
Bangalore Suburban Rail Project - Phase 3,Urban Transport,K-RIDE,20083.75,0.0,0.0,0.0,20083.748670809084,37.41,10300.26,PRJ-0489,2018-02-13,2022-12-19,2022-12-19,0,0
Bharatmala Pariyojana Phase-I - Phase 5,Road Transport & Highways,NHAI,335942.32,0.61,0.91,0.12,572889.8,38.32,229621.81,PRJ-0490,2021-06-12,2026-10-14,2028-01-07,1,1
"New Domestic Terminal, Patna - Phase 5",Civil Aviation,AAI,836.98,0.96,0.05,0.94,1267.96,84.5,1267.96,PRJ-0491,2019-04-29,2022-10-10,2025-02-26,1,1
Mumbai-Ahmedabad High Speed Rail - Phase 1,Railways,NHSRCL,86203.05,0.69,0.45,0.18,148268.82,64.35,101573.41,PRJ-0492,2021-02-06,2025-07-15,2026-10-08,1,1
Pune Metro Rail Project - Phase 1,Urban Transport,Maha-Metro,9460.06,0.0,0.0,0.0,9460.063589252502,42.16,3651.45,PRJ-0493,2018-04-30,2023-04-04,2023-04-04,0,0
Kudankulam Nuclear Power Plant - Phase 3,Power,NPCIL,27253.14,0.16,0.89,0.29,31450.23,57.12,16772.51,PRJ-0494,2019-07-13,2023-10-20,2024-11-13,1,1
Chenab Railway Bridge - Phase 3,Railways,Konkan Railway,785.96,0.96,0.04,0.54,892.69,64.64,723.8,PRJ-0495,2020-02-16,2026-02-14,2027-12-06,1,1
Kudankulam Nuclear Power Plant - Phase 5,Power,NPCIL,39282.53,0.53,0.62,0.73,54990.77,33.51,15237.97,PRJ-0496,2019-02-26,2025-10-22,2027-10-12,1,1
Chenab Railway Bridge - Phase 2,Railways,Konkan Railway,1533.69,0.87,0.93,0.32,1712.41,73.23,1614.59,PRJ-0497,2021-03-14,2027-11-08,2029-08-29,1,1
Chenab Railway Bridge - Phase 5,Railways,Konkan Railway,1287.81,0.0,0.0,0.0,1287.8123587356704,86.61,1120.06,PRJ-0498,2019-06-22,2025-09-18,2025-09-18,0,0
Subansiri Lower Hydroelectric Project - Phase 1,Power,NHPC,21399.57,0.44,0.95,0.3,24059.25,52.09,15683.94,PRJ-0499,2021-10-16,2027-10-15,2029-03-08,1,1
Mumbai-Ahmedabad High Speed Rail - Phase 3,Railways,NHSRCL,81290.38,0.0,0.0,0.0,81290.38428587498,49.75,44399.37,PRJ-0500,2021-11-20,2028-01-18,2028-01-18,0,0
Polavaram Irrigation Project - Phase 1,Water Resources,PPA,35074.45,0.38,0.56,0.74,41355.39,53.06,31768.96,PRJ-0501,2021-05-26,2024-02-10,2025-12-01,1,1
Mumbai Trans Harbour Link (MTHL) - Phase 1,Road Transport & Highways,MMRDA,21916.52,0.78,0.43,0.97,38211.94,64.95,30268.76,PRJ-0502,2019-07-02,2022-01-17,2024-07-05,1,1
Noida International Airport (Jewar) - Phase 4,Civil Aviation,YIAPL,20757.07,0.0,0.0,0.0,20757.070962850266,72.43,12146.07,PRJ-0503,2021-10-10,2024-05-27,2024-05-27,0,0
Delhi-Mumbai Expressway - Phase 4,Road Transport & Highways,NHAI,136115.05,0.79,0.21,0.08,136115.05276873635,82.97,131284.22,PRJ-0504,2020-04-07,2024-02-16,2025-03-12,0,1
Central Vista Redevelopment - Phase 3,Urban Development,CPWD,17206.27,0.81,0.65,0.97,21246.23,16.93,4337.36,PRJ-0505,2021-06-07,2027-10-04,2030-05-21,1,1
Mumbai Trans Harbour Link (MTHL) - Phase 2,Road Transport & Highways,MMRDA,20612.97,0.74,0.37,0.97,26609.18,40.97,11427.52,PRJ-0506,2021-11-05,2026-02-12,2028-07-01,1,1
Zojila Tunnel - Phase 3,Road Transport & Highways,NHIDCL,7142.6,0.99,0.75,0.95,8934.49,28.88,2517.89,PRJ-0507,2021-10-19,2026-01-26,2028-11-11,1,1
Zojila Tunnel - Phase 5,Road Transport & Highways,NHIDCL,10127.02,0.06,0.67,0.4,10127.024868456467,18.02,1546.48,PRJ-0508,2020-07-09,2026-11-05,2027-11-30,0,1
Central Vista Redevelopment - Phase 2,Urban Development,CPWD,19143.93,0.83,0.88,0.23,31804.62,62.85,23266.11,PRJ-0509,2020-02-07,2024-11-12,2026-07-05,1,1
Subansiri Lower Hydroelectric Project - Phase 2,Power,NHPC,27115.83,0.57,0.55,0.9,32924.4,37.33,17609.46,PRJ-0510,2020-08-29,2022-10-18,2025-01-05,1,1
Ken-Betwa River Interlinking - Phase 1,Water Resources,NWDA,61323.98,0.0,0.0,0.0,61323.976268117425,27.06,14103.47,PRJ-0511,2021-03-07,2027-03-06,2027-03-06,0,0
Bharatmala Pariyojana Phase-I - Phase 4,Road Transport & Highways,NHAI,325693.52,0.47,0.06,0.79,381835.85,32.09,120171.77,PRJ-0512,2019-09-30,2026-07-25,2028-04-15,1,1
Zojila Tunnel - Phase 5,Road Transport & Highways,NHIDCL,4786.08,0.9,0.18,0.8,5291.98,50.49,2964.95,PRJ-0513,2020-06-12,2024-11-18,2027-02-06,1,1
Bangalore Suburban Rail Project - Phase 2,Urban Transport,K-RIDE,9093.38,0.03,0.85,0.18,9093.379582852453,54.03,7079.8,PRJ-0514,2021-06-15,2023-09-03,2024-05-30,0,1
Navi Mumbai International Airport - Phase 1,Civil Aviation,CIDCO,23665.87,0.0,0.0,0.0,23665.866231036733,60.63,12394.71,PRJ-0515,2020-10-12,2024-11-20,2024-11-20,0,0
Delhi-Mumbai Expressway - Phase 5,Road Transport & Highways,NHAI,81241.67,0.8,0.99,0.68,144315.96,5.78,11008.49,PRJ-0516,2019-08-27,2021-09-15,2024-01-03,1,1
Pune Metro Rail Project - Phase 1,Urban Transport,Maha-Metro,15582.12,0.4,0.75,0.94,21539.2,25.0,7804.05,PRJ-0517,2020-11-19,2022-12-09,2025-02-26,1,1
Chenab Railway Bridge - Phase 1,Railways,Konkan Railway,1573.13,0.33,0.91,0.44,2714.2,13.03,524.88,PRJ-0518,2019-03-22,2025-07-18,2027-01-09,1,1
Zojila Tunnel - Phase 3,Road Transport & Highways,NHIDCL,9336.3,0.82,0.36,0.19,12123.25,11.56,1585.76,PRJ-0519,2018-09-10,2021-01-27,2022-05-22,1,1
Mumbai Trans Harbour Link (MTHL) - Phase 2,Road Transport & Highways,MMRDA,22371.54,0.9,0.11,0.18,22371.537243577033,41.55,11416.71,PRJ-0520,2020-12-25,2025-07-02,2026-09-25,0,1
Noida International Airport (Jewar) - Phase 2,Civil Aviation,YIAPL,15245.7,0.21,0.5,0.49,25910.34,41.62,14397.67,PRJ-0521,2018-11-17,2022-12-26,2024-03-20,1,1
Central Vista Redevelopment - Phase 4,Urban Development,CPWD,22265.38,0.88,0.71,0.74,29751.59,21.3,7953.16,PRJ-0522,2021-06-07,2024-07-21,2026-12-08,1,1
Mumbai-Ahmedabad High Speed Rail - Phase 5,Railways,NHSRCL,71543.03,0.81,0.89,0.79,115846.05,61.22,59207.89,PRJ-0523,2018-04-06,2020-05-25,2022-11-11,1,1
Navi Mumbai International Airport - Phase 4,Civil Aviation,CIDCO,13965.3,0.5,0.3,0.36,13965.296606125896,8.19,1558.89,PRJ-0524,2018-07-06,2022-10-13,2024-01-06,0,1
Ken-Betwa River Interlinking - Phase 5,Water Resources,NWDA,28808.8,0.62,0.94,0.06,50480.05,48.84,27651.82,PRJ-0525,2018-05-16,2021-03-31,2022-06-24,1,1
Central Vista Redevelopment - Phase 2,Urban Development,CPWD,28694.47,0.77,0.64,0.28,45180.64,35.96,22732.15,PRJ-0526,2019-08-30,2025-07-29,2027-02-19,1,1
Central Vista Redevelopment - Phase 1,Urban Development,CPWD,28005.09,0.89,0.87,0.34,35673.96,21.15,7285.7,PRJ-0527,2021-01-26,2023-08-14,2025-06-04,1,1
Navi Mumbai International Airport - Phase 5,Civil Aviation,CIDCO,10379.03,0.0,0.0,0.0,10379.032256641574,71.73,8429.33,PRJ-0528,2018-10-03,2022-11-11,2022-11-11,0,0
Zojila Tunnel - Phase 3,Road Transport & Highways,NHIDCL,8954.65,0.55,0.53,0.3,9996.88,45.34,4944.43,PRJ-0529,2018-05-08,2024-09-03,2025-12-27,1,1
Polavaram Irrigation Project - Phase 1,Water Resources,PPA,66413.05,0.07,0.65,0.36,66413.04654101767,76.38,61360.09,PRJ-0530,2019-11-30,2023-05-13,2024-05-07,0,1
Subansiri Lower Hydroelectric Project - Phase 5,Power,NHPC,26099.62,0.0,0.0,0.0,26099.619137118832,38.86,10511.31,PRJ-0531,2018-12-17,2024-02-19,2024-02-19,0,0
Chenab Railway Bridge - Phase 1,Railways,Konkan Railway,710.08,0.74,0.84,0.61,989.11,82.9,989.11,PRJ-0532,2020-12-29,2026-07-31,2028-08-19,1,1
Ganga Expressway - Phase 4,Road Transport & Highways,UPEIDA,43319.3,0.34,0.87,0.69,62787.08,94.7,47764.55,PRJ-0533,2020-10-07,2026-03-10,2027-12-30,1,1
Navi Mumbai International Airport - Phase 4,Civil Aviation,CIDCO,14498.78,0.02,0.62,0.76,21582.64,55.85,16556.86,PRJ-0534,2019-07-15,2023-08-23,2025-02-13,1,1
Subansiri Lower Hydroelectric Project - Phase 4,Power,NHPC,14311.3,0.0,0.0,0.0,14311.301232999138,89.32,11799.86,PRJ-0535,2020-01-03,2024-11-07,2024-11-07,0,0
Mumbai-Ahmedabad High Speed Rail - Phase 4,Railways,NHSRCL,96117.05,0.0,0.0,0.0,96117.05459437975,9.75,8703.43,PRJ-0536,2021-01-25,2026-01-29,2026-01-29,0,0
Subansiri Lower Hydroelectric Project - Phase 3,Power,NHPC,29924.67,0.21,0.51,0.95,41334.42,45.95,20883.65,PRJ-0537,2020-07-29,2027-01-24,2028-12-14,1,1
Bharatmala Pariyojana Phase-I - Phase 5,Road Transport & Highways,NHAI,332885.56,0.83,0.61,0.85,472586.08,23.7,146084.03,PRJ-0538,2018-09-23,2021-11-06,2024-03-25,1,1
Noida International Airport (Jewar) - Phase 2,Civil Aviation,YIAPL,42423.95,0.81,0.37,0.48,67063.83,58.89,40007.02,PRJ-0539,2021-04-12,2023-06-01,2025-02-20,1,1
Kudankulam Nuclear Power Plant - Phase 5,Power,NPCIL,31012.49,0.72,0.08,0.64,40720.31,80.52,31573.99,PRJ-0540,2018-07-16,2022-01-26,2023-10-18,1,1
Zojila Tunnel - Phase 1,Road Transport & Highways,NHIDCL,6957.04,0.33,0.45,0.28,6957.038576680455,18.86,1861.42,PRJ-0541,2021-03-25,2027-07-22,2028-07-16,0,1
Navi Mumbai International Airport - Phase 1,Civil Aviation,CIDCO,14640.07,0.24,0.85,0.49,21089.66,59.39,18571.94,PRJ-0542,2021-07-24,2024-11-05,2026-03-30,1,1
Bangalore Suburban Rail Project - Phase 1,Urban Transport,K-RIDE,9972.88,0.89,0.0,0.67,13702.45,53.02,10849.14,PRJ-0543,2021-12-01,2025-12-10,2027-10-31,1,1
Ken-Betwa River Interlinking - Phase 1,Water Resources,NWDA,43708.46,0.5,0.61,0.2,77843.59,86.59,55219.45,PRJ-0544,2019-11-26,2023-06-08,2024-08-01,1,1
Delhi-Mumbai Expressway - Phase 5,Road Transport & Highways,NHAI,56770.89,0.42,0.17,0.55,56770.89215431863,44.41,34221.3,PRJ-0545,2018-12-13,2021-05-01,2022-09-23,0,1
Bharatmala Pariyojana Phase-I - Phase 5,Road Transport & Highways,NHAI,598248.62,0.66,0.32,0.23,669317.65,80.78,570973.5,PRJ-0546,2020-10-10,2023-05-28,2024-07-21,1,1
Kudankulam Nuclear Power Plant - Phase 2,Power,NPCIL,31276.27,0.59,0.92,0.95,37894.69,42.23,17770.21,PRJ-0547,2018-04-21,2024-02-19,2026-08-07,1,1
Chenab Railway Bridge - Phase 4,Railways,Konkan Railway,1524.98,0.33,0.16,0.99,2700.87,56.78,1342.31,PRJ-0548,2021-04-12,2025-05-21,2027-04-11,1,1
Mumbai Trans Harbour Link (MTHL) - Phase 3,Road Transport & Highways,MMRDA,25879.35,0.6,0.09,0.68,38001.18,51.64,21648.7,PRJ-0549,2018-11-01,2025-04-28,2026-12-19,1,1
Navi Mumbai International Airport - Phase 2,Civil Aviation,CIDCO,21907.87,0.51,0.92,0.09,32265.66,94.33,25209.64,PRJ-0550,2019-03-22,2026-01-14,2027-03-10,1,1
Kudankulam Nuclear Power Plant - Phase 5,Power,NPCIL,28874.28,0.0,0.0,0.0,28874.280608821824,26.64,6687.07,PRJ-0551,2020-09-15,2023-08-31,2023-08-31,0,0
Zojila Tunnel - Phase 5,Road Transport & Highways,NHIDCL,5014.41,0.0,0.0,0.0,5014.4065741480235,55.93,2284.66,PRJ-0552,2018-04-30,2024-11-24,2024-11-24,0,0
Bharatmala Pariyojana Phase-I - Phase 3,Road Transport & Highways,NHAI,781907.86,0.32,0.49,0.25,781907.8596798969,6.78,69617.53,PRJ-0553,2018-06-01,2021-02-15,2022-02-10,0,1
Bharatmala Pariyojana Phase-I - Phase 5,Road Transport & Highways,NHAI,387747.37,0.0,0.0,0.0,387747.37303851027,27.36,154951.52,PRJ-0554,2021-11-30,2025-05-13,2025-05-13,0,0
Chenab Railway Bridge - Phase 5,Railways,Konkan Railway,1048.49,0.56,0.69,0.79,1445.65,54.95,912.0,PRJ-0555,2018-08-12,2020-11-29,2022-12-19,1,1
Kudankulam Nuclear Power Plant - Phase 5,Power,NPCIL,23724.37,0.76,0.1,0.73,30720.2,37.53,13152.91,PRJ-0556,2019-01-19,2022-04-03,2024-02-22,1,1
Zojila Tunnel - Phase 5,Road Transport & Highways,NHIDCL,9267.28,0.76,0.04,0.61,16560.97,43.07,9324.68,PRJ-0557,2020-11-26,2024-02-09,2025-10-31,1,1
Polavaram Irrigation Project - Phase 5,Water Resources,PPA,32316.05,0.29,0.21,0.9,45675.06,83.85,39184.17,PRJ-0558,2020-07-22,2025-02-26,2026-12-18,1,1
Mumbai Trans Harbour Link (MTHL) - Phase 1,Road Transport & Highways,MMRDA,19935.0,0.16,0.85,0.44,25616.83,57.59,18580.06,PRJ-0559,2020-12-08,2025-04-16,2026-08-09,1,1
Ken-Betwa River Interlinking - Phase 2,Water Resources,NWDA,31531.34,0.0,0.0,0.0,31531.344996304037,13.0,4297.15,PRJ-0560,2021-10-24,2024-10-08,2024-10-08,0,0
Chenab Railway Bridge - Phase 3,Railways,Konkan Railway,862.54,0.63,0.01,0.41,862.5369421128582,94.02,782.76,PRJ-0561,2018-06-09,2025-03-04,2026-06-27,0,1
Ganga Expressway - Phase 3,Road Transport & Highways,UPEIDA,53538.44,0.74,0.09,0.66,76377.01,58.56,37233.75,PRJ-0562,2018-11-22,2024-02-24,2025-12-15,1,1
Bharatmala Pariyojana Phase-I - Phase 4,Road Transport & Highways,NHAI,776663.83,0.52,0.49,0.78,1237404.03,48.05,590101.01,PRJ-0563,2018-07-03,2022-03-14,2024-03-03,1,1
Navi Mumbai International Airport - Phase 3,Civil Aviation,CIDCO,16552.78,0.96,0.11,1.0,26275.62,23.48,9249.87,PRJ-0564,2018-06-07,2024-05-06,2026-11-22,1,1
Noida International Airport (Jewar) - Phase 2,Civil Aviation,YIAPL,27543.06,0.56,0.64,0.94,34237.9,46.79,20622.49,PRJ-0565,2018-07-28,2021-12-09,2024-03-28,1,1
Kudankulam Nuclear Power Plant - Phase 3,Power,NPCIL,59077.29,0.65,0.49,0.54,67386.2,14.01,13558.06,PRJ-0566,2020-04-27,2023-12-08,2025-08-29,1,1
Noida International Airport (Jewar) - Phase 2,Civil Aviation,YIAPL,14846.66,0.0,0.0,0.0,14846.66043797589,11.08,1529.46,PRJ-0567,2021-02-25,2024-03-11,2024-03-11,0,0
Noida International Airport (Jewar) - Phase 2,Civil Aviation,YIAPL,21343.64,0.0,0.0,0.0,21343.639065757052,13.26,3522.95,PRJ-0568,2020-02-20,2024-07-28,2024-07-28,0,0
Kudankulam Nuclear Power Plant - Phase 5,Power,NPCIL,45123.59,0.98,0.59,0.73,55877.48,87.18,55877.48,PRJ-0569,2021-05-20,2024-06-03,2026-10-21,1,1
Ken-Betwa River Interlinking - Phase 3,Water Resources,NWDA,38729.04,0.0,0.0,0.0,38729.03898687733,76.05,25637.83,PRJ-0570,2021-09-18,2026-08-23,2026-08-23,0,0
Navi Mumbai International Airport - Phase 1,Civil Aviation,CIDCO,22437.18,0.0,0.0,0.0,22437.183836584514,44.52,13378.12,PRJ-0571,2019-11-09,2025-05-11,2025-05-11,0,0
Chenab Railway Bridge - Phase 5,Railways,Konkan Railway,1722.63,0.8,0.58,0.5,2882.59,32.56,1022.81,PRJ-0572,2018-06-29,2025-02-22,2027-01-13,1,1
Zojila Tunnel - Phase 3,Road Transport & Highways,NHIDCL,8086.01,0.84,0.57,0.68,9454.15,30.64,3997.79,PRJ-0573,2021-07-26,2024-08-09,2026-09-28,1,1
Kudankulam Nuclear Power Plant - Phase 2,Power,NPCIL,32120.0,0.54,0.97,0.25,47892.91,53.57,33697.84,PRJ-0574,2018-03-12,2024-02-09,2025-07-03,1,1
Polavaram Irrigation Project - Phase 4,Water Resources,PPA,43787.82,0.62,0.77,0.82,61801.68,82.24,54041.68,PRJ-0575,2018-09-21,2023-07-27,2025-10-14,1,1
Bharatmala Pariyojana Phase-I - Phase 2,Road Transport & Highways,NHAI,787988.06,0.0,0.0,0.0,787988.0630402997,93.6,787965.81,PRJ-0576,2018-01-26,2020-01-16,2020-01-16,0,0
Chenab Railway Bridge - Phase 5,Railways,Konkan Railway,1538.5,0.0,0.0,0.0,1538.4997656104972,60.72,888.72,PRJ-0577,2020-06-05,2024-01-16,2024-01-16,0,0
Mumbai Trans Harbour Link (MTHL) - Phase 4,Road Transport & Highways,MMRDA,23932.57,0.92,0.45,0.97,38314.15,60.76,20355.83,PRJ-0578,2021-06-22,2023-06-12,2026-01-27,1,1
Pune Metro Rail Project - Phase 4,Urban Transport,Maha-Metro,7236.81,0.72,0.72,0.39,12308.99,31.77,3130.98,PRJ-0579,2019-03-15,2022-08-26,2024-04-17,1,1
Mumbai Trans Harbour Link (MTHL) - Phase 1,Road Transport & Highways,MMRDA,16121.79,0.44,0.19,0.92,21777.31,68.05,19140.2,PRJ-0580,2018-03-23,2020-06-10,2022-05-01,1,1
Zojila Tunnel - Phase 4,Road Transport & Highways,NHIDCL,5033.2,0.52,0.3,0.79,8979.79,75.59,8098.47,PRJ-0581,2020-10-16,2025-09-20,2027-08-11,1,1
Mumbai Trans Harbour Link (MTHL) - Phase 3,Road Transport & Highways,MMRDA,18378.19,0.82,0.53,0.52,24234.36,19.48,6761.78,PRJ-0582,2020-04-10,2023-01-25,2024-12-15,1,1
Subansiri Lower Hydroelectric Project - Phase 2,Power,NHPC,17422.38,0.69,0.74,0.75,21560.17,80.51,21560.17,PRJ-0583,2020-10-08,2024-05-20,2026-08-08,1,1
Mumbai-Ahmedabad High Speed Rail - Phase 2,Railways,NHSRCL,141026.4,0.23,0.97,0.37,253743.29,38.22,120630.43,PRJ-0584,2020-10-07,2025-09-11,2027-01-04,1,1
Chenab Railway Bridge - Phase 5,Railways,Konkan Railway,1167.01,0.76,0.53,0.89,1984.37,60.33,1751.55,PRJ-0585,2019-04-24,2025-11-18,2028-04-06,1,1
Central Vista Redevelopment - Phase 3,Urban Development,CPWD,21305.68,0.95,0.1,0.39,37175.38,67.07,34270.03,PRJ-0586,2021-07-02,2023-07-22,2025-02-11,1,1
Delhi-Mumbai Expressway - Phase 1,Road Transport & Highways,NHAI,140253.39,0.0,0.0,0.0,140253.3870360295,90.62,140253.39,PRJ-0587,2021-02-02,2026-11-03,2026-11-03,0,0
"New Domestic Terminal, Patna - Phase 1",Civil Aviation,AAI,753.22,0.0,0.0,0.0,753.2172285361883,86.31,753.22,PRJ-0588,2018-08-04,2021-07-19,2021-07-19,0,0
Navi Mumbai International Airport - Phase 3,Civil Aviation,CIDCO,11595.86,0.26,0.88,0.18,19689.1,90.07,19689.1,PRJ-0589,2022-01-29,2027-02-02,2028-01-28,1,1
Pune Metro Rail Project - Phase 5,Urban Transport,Maha-Metro,12327.99,0.3,0.18,0.77,15718.11,39.75,6448.75,PRJ-0590,2018-12-31,2024-09-30,2026-04-23,1,1
Noida International Airport (Jewar) - Phase 4,Civil Aviation,YIAPL,17157.6,0.93,0.5,0.72,27981.73,71.52,24218.18,PRJ-0591,2018-06-04,2022-10-11,2025-01-28,1,1
"New Domestic Terminal, Patna - Phase 3",Civil Aviation,AAI,1007.13,0.72,0.74,0.93,1446.5,45.94,558.96,PRJ-0592,2018-07-21,2020-07-10,2022-12-27,1,1
Navi Mumbai International Airport - Phase 4,Civil Aviation,CIDCO,9030.12,0.35,0.47,0.27,9030.118311676419,88.56,9030.12,PRJ-0593,2021-01-25,2026-05-29,2027-05-24,0,1
Noida International Airport (Jewar) - Phase 3,Civil Aviation,YIAPL,22099.57,0.64,0.61,0.49,26929.87,12.54,3742.93,PRJ-0594,2019-04-15,2025-07-12,2027-04-03,1,1
Ganga Expressway - Phase 3,Road Transport & Highways,UPEIDA,36430.75,0.53,0.31,0.69,42272.81,60.94,24637.89,PRJ-0595,2021-02-15,2027-05-15,2029-02-03,1,1
Zojila Tunnel - Phase 4,Road Transport & Highways,NHIDCL,7257.12,0.0,0.0,0.0,7257.117811692684,38.22,3441.09,PRJ-0596,2019-08-01,2023-07-11,2023-07-11,0,0
Central Vista Redevelopment - Phase 3,Urban Development,CPWD,11142.16,0.13,0.9,0.04,11142.159359580499,45.4,5204.46,PRJ-0597,2020-11-30,2026-04-03,2026-11-29,0,1
Subansiri Lower Hydroelectric Project - Phase 5,Power,NHPC,24909.34,0.71,0.59,0.32,33558.41,23.12,10986.83,PRJ-0598,2021-06-20,2026-03-26,2027-09-17,1,1
Noida International Airport (Jewar) - Phase 2,Civil Aviation,YIAPL,28752.79,0.3,0.7,0.93,38786.34,85.11,38786.34,PRJ-0599,2020-03-09,2022-05-28,2024-06-16,1,1
Ken-Betwa River Interlinking - Phase 3,Water Resources,NWDA,36282.14,0.23,0.47,0.88,48786.58,72.79,30767.79,PRJ-0600,2021-05-20,2024-05-04,2026-02-23,1,1
Ganga Expressway - Phase 5,Road Transport & Highways,UPEIDA,46334.32,0.07,0.19,0.79,46334.32003412405,11.51,7244.68,PRJ-0601,2018-06-14,2022-09-21,2024-02-13,0,1
Ganga Expressway - Phase 5,Road Transport & Highways,UPEIDA,22933.76,0.0,0.0,0.0,22933.762554293895,46.06,10616.53,PRJ-0602,2018-06-18,2024-11-13,2024-11-13,0,0
Ganga Expressway - Phase 5,Road Transport & Highways,UPEIDA,33865.1,0.21,0.87,0.59,48902.08,16.19,10760.47,PRJ-0603,2018-11-13,2025-10-07,2027-04-30,1,1
Navi Mumbai International Airport - Phase 5,Civil Aviation,CIDCO,13031.5,0.74,0.76,0.0,19364.52,20.23,3549.03,PRJ-0604,2018-05-23,2023-05-27,2024-07-20,1,1
Polavaram Irrigation Project - Phase 5,Water Resources,PPA,32251.17,0.94,0.03,0.03,32251.170815254627,49.4,15609.53,PRJ-0605,2019-11-15,2024-06-21,2025-07-16,0,1
Ken-Betwa River Interlinking - Phase 5,Water Resources,NWDA,49358.85,0.58,0.11,0.66,81063.07,87.01,81063.07,PRJ-0606,2021-12-05,2024-02-23,2025-10-15,1,1
Pune Metro Rail Project - Phase 2,Urban Transport,Maha-Metro,14984.75,0.47,0.69,0.58,26650.56,16.46,5682.72,PRJ-0607,2018-07-27,2025-01-21,2026-10-13,1,1
Mumbai-Ahmedabad High Speed Rail - Phase 2,Railways,NHSRCL,60607.33,0.0,0.0,0.0,60607.32638142713,89.9,60607.33,PRJ-0608,2020-03-13,2023-12-23,2023-12-23,0,0
Subansiri Lower Hydroelectric Project - Phase 1,Power,NHPC,15395.15,0.53,0.05,0.48,15395.150410596705,81.84,15395.15,PRJ-0609,2019-01-02,2023-09-08,2024-12-31,0,1
Ken-Betwa River Interlinking - Phase 5,Water Resources,NWDA,45046.1,0.99,0.65,0.47,75356.6,23.2,21945.25,PRJ-0610,2020-06-08,2025-07-12,2027-08-01,1,1
Chenab Railway Bridge - Phase 1,Railways,Konkan Railway,889.68,0.73,0.39,0.46,1519.83,87.89,1519.83,PRJ-0611,2019-04-01,2023-05-10,2024-12-30,1,1
Mumbai Trans Harbour Link (MTHL) - Phase 2,Road Transport & Highways,MMRDA,13626.78,0.72,0.6,0.71,19184.82,82.5,19184.82,PRJ-0612,2018-06-01,2023-05-06,2025-05-25,1,1
"New Domestic Terminal, Patna - Phase 2",Civil Aviation,AAI,1822.83,0.0,0.0,0.0,1822.8314180914692,65.67,1118.27,PRJ-0613,2021-07-29,2027-09-26,2027-09-26,0,0
Delhi-Mumbai Expressway - Phase 4,Road Transport & Highways,NHAI,109662.37,0.11,0.5,0.97,195032.4,61.77,96733.46,PRJ-0614,2018-10-23,2022-09-02,2024-06-23,1,1
Delhi-Mumbai Expressway - Phase 4,Road Transport & Highways,NHAI,62236.03,0.71,0.56,0.58,72124.66,81.12,72124.66,PRJ-0615,2018-01-16,2023-04-20,2025-03-10,1,1
Mumbai Trans Harbour Link (MTHL) - Phase 2,Road Transport & Highways,MMRDA,24972.59,0.0,0.0,0.0,24972.586916355976,86.65,19483.97,PRJ-0616,2019-07-12,2025-04-11,2025-04-11,0,0
Polavaram Irrigation Project - Phase 2,Water Resources,PPA,43656.62,0.35,0.66,0.84,60556.46,66.53,58407.92,PRJ-0617,2018-03-12,2023-12-11,2025-11-30,1,1
Central Vista Redevelopment - Phase 4,Urban Development,CPWD,11715.82,0.3,0.63,0.67,14051.43,38.68,4379.57,PRJ-0618,2018-12-08,2022-10-18,2024-06-09,1,1
Ganga Expressway - Phase 1,Road Transport & Highways,UPEIDA,45733.11,0.14,0.56,0.79,70760.39,30.22,29973.59,PRJ-0619,2022-01-23,2028-10-18,2030-06-10,1,1
Mumbai-Ahmedabad High Speed Rail - Phase 1,Railways,NHSRCL,133177.83,0.17,0.13,0.88,133177.8266779604,19.62,36867.39,PRJ-0620,2019-02-07,2021-10-24,2023-05-17,0,1
Central Vista Redevelopment - Phase 4,Urban Development,CPWD,16702.9,0.82,0.22,0.43,25734.16,85.58,21203.05,PRJ-0621,2020-05-29,2025-08-31,2027-03-24,1,1
Subansiri Lower Hydroelectric Project - Phase 5,Power,NHPC,10861.29,0.01,0.68,0.46,10861.286839545659,63.46,7035.28,PRJ-0622,2018-05-05,2024-08-31,2025-09-25,0,1
Kudankulam Nuclear Power Plant - Phase 3,Power,NPCIL,25057.52,0.0,0.0,0.0,25057.519441434404,11.95,3104.07,PRJ-0623,2018-11-21,2021-11-05,2021-11-05,0,0
Noida International Airport (Jewar) - Phase 2,Civil Aviation,YIAPL,20475.25,0.22,0.85,0.42,29915.66,26.74,7692.21,PRJ-0624,2020-01-25,2023-04-09,2024-08-01,1,1
Ganga Expressway - Phase 3,Road Transport & Highways,UPEIDA,48316.85,0.0,0.99,0.4,59337.19,65.31,38524.94,PRJ-0625,2020-10-23,2025-07-29,2026-09-22,1,1
Polavaram Irrigation Project - Phase 5,Water Resources,PPA,59040.98,0.67,0.01,0.49,59040.97702782764,65.52,53694.44,PRJ-0626,2020-02-23,2022-10-10,2024-03-03,0,1
Mumbai-Ahmedabad High Speed Rail - Phase 2,Railways,NHSRCL,151296.37,0.68,0.21,0.52,235131.13,88.3,199729.56,PRJ-0627,2018-08-26,2023-05-02,2024-11-22,1,1
Kudankulam Nuclear Power Plant - Phase 2,Power,NPCIL,40360.02,0.66,0.49,0.66,48386.96,29.31,12104.58,PRJ-0628,2021-04-03,2024-05-17,2026-04-07,1,1
Noida International Airport (Jewar) - Phase 3,Civil Aviation,YIAPL,31593.18,0.94,0.23,0.63,39070.61,49.35,28704.01,PRJ-0629,2018-10-19,2024-04-20,2026-05-10,1,1
Zojila Tunnel - Phase 1,Road Transport & Highways,NHIDCL,8417.86,0.77,0.24,0.72,12522.98,66.29,8741.66,PRJ-0630,2021-12-20,2028-02-17,2030-02-06,1,1
Ganga Expressway - Phase 5,Road Transport & Highways,UPEIDA,52997.77,0.18,0.37,0.97,77620.49,63.61,73373.63,PRJ-0631,2019-12-20,2023-08-01,2025-05-22,1,1
Ken-Betwa River Interlinking - Phase 2,Water Resources,NWDA,36555.84,0.43,0.6,0.03,36555.843431659785,28.16,13350.26,PRJ-0632,2021-04-25,2028-01-19,2028-11-14,0,1
Mumbai Trans Harbour Link (MTHL) - Phase 5,Road Transport & Highways,MMRDA,23133.02,0.04,0.17,0.95,23133.021755842536,72.53,15953.12,PRJ-0633,2018-04-07,2020-04-26,2021-11-17,0,1
Pune Metro Rail Project - Phase 1,Urban Transport,Maha-Metro,8349.85,0.0,0.0,0.0,8349.845167561383,76.94,5724.36,PRJ-0634,2019-05-04,2024-08-05,2024-08-05,0,0
Subansiri Lower Hydroelectric Project - Phase 5,Power,NHPC,13558.57,0.62,0.45,0.93,18821.78,37.41,7465.87,PRJ-0635,2021-09-19,2023-12-08,2026-02-25,1,1
Bharatmala Pariyojana Phase-I - Phase 5,Road Transport & Highways,NHAI,726478.02,0.29,0.81,0.26,1225344.89,69.38,790314.27,PRJ-0636,2018-07-05,2024-11-30,2026-01-24,1,1
Zojila Tunnel - Phase 5,Road Transport & Highways,NHIDCL,8773.81,0.18,0.65,0.9,12691.44,91.22,12101.54,PRJ-0637,2018-02-21,2021-09-03,2023-07-25,1,1
Zojila Tunnel - Phase 5,Road Transport & Highways,NHIDCL,4207.23,0.8,0.89,0.84,6724.57,60.13,5019.99,PRJ-0638,2019-07-27,2022-09-09,2025-03-27,1,1
Zojila Tunnel - Phase 3,Road Transport & Highways,NHIDCL,4390.13,0.0,0.0,0.0,4390.133741121428,55.51,2057.95,PRJ-0639,2018-01-02,2021-12-12,2021-12-12,0,0
Kudankulam Nuclear Power Plant - Phase 2,Power,NPCIL,23267.18,0.98,0.66,0.4,38626.23,39.15,18484.54,PRJ-0640,2021-06-03,2024-06-17,2026-05-08,1,1
Ganga Expressway - Phase 1,Road Transport & Highways,UPEIDA,46675.85,0.83,0.73,0.35,57876.31,26.81,14579.8,PRJ-0641,2019-07-23,2025-06-21,2027-03-13,1,1
Delhi-Mumbai Expressway - Phase 3,Road Transport & Highways,NHAI,121108.22,0.12,0.33,0.77,183329.65,85.66,183329.65,PRJ-0642,2020-04-16,2025-11-16,2027-05-10,1,1
Navi Mumbai International Airport - Phase 3,Civil Aviation,CIDCO,20571.15,0.44,0.17,0.43,20571.15318630287,40.19,9578.61,PRJ-0643,2021-01-14,2023-09-01,2024-10-25,0,1
Ganga Expressway - Phase 3,Road Transport & Highways,UPEIDA,50129.05,0.8,0.99,0.49,57405.84,75.87,57405.84,PRJ-0644,2019-10-13,2022-06-29,2024-07-18,1,1
Zojila Tunnel - Phase 4,Road Transport & Highways,NHIDCL,9414.47,0.04,0.92,0.52,16385.83,30.69,4904.19,PRJ-0645,2020-03-02,2024-03-11,2025-07-04,1,1
Zojila Tunnel - Phase 5,Road Transport & Highways,NHIDCL,7599.64,0.57,1.0,0.64,9221.54,51.88,5630.37,PRJ-0646,2020-08-17,2022-10-06,2024-10-25,1,1
Ken-Betwa River Interlinking - Phase 1,Water Resources,NWDA,27477.9,0.3,0.81,0.36,44451.62,59.49,21428.4,PRJ-0647,2019-10-13,2025-06-13,2026-10-06,1,1
Chenab Railway Bridge - Phase 1,Railways,Konkan Railway,1628.19,0.19,0.53,0.36,1628.1867904573937,82.28,1628.19,PRJ-0648,2020-11-08,2022-11-28,2023-12-23,0,1
Zojila Tunnel - Phase 1,Road Transport & Highways,NHIDCL,5809.29,0.39,1.0,0.81,7991.58,32.45,2985.63,PRJ-0649,2019-10-07,2026-01-03,2028-02-22,1,1
Mumbai-Ahmedabad High Speed Rail - Phase 2,Railways,NHSRCL,137495.98,0.68,0.08,0.97,153340.91,72.76,91600.17,PRJ-0650,2021-01-15,2025-04-24,2027-07-13,1,1
Zojila Tunnel - Phase 5,Road Transport & Highways,NHIDCL,6415.98,0.74,0.67,0.22,11295.0,45.07,5080.16,PRJ-0651,2021-10-19,2023-12-08,2025-05-01,1,1
Ken-Betwa River Interlinking - Phase 3,Water Resources,NWDA,50029.1,0.74,0.8,0.6,55259.02,60.1,30079.49,PRJ-0652,2021-09-16,2027-04-18,2029-05-07,1,1
Subansiri Lower Hydroelectric Project - Phase 1,Power,NHPC,17141.96,0.33,0.07,0.61,17141.962500909864,17.84,3466.61,PRJ-0653,2021-07-26,2023-09-14,2025-01-06,0,1
Bangalore Suburban Rail Project - Phase 2,Urban Transport,K-RIDE,17341.57,0.85,0.96,0.75,23723.74,73.82,17573.26,PRJ-0654,2019-10-31,2023-03-14,2025-08-30,1,1
"New Domestic Terminal, Patna - Phase 4",Civil Aviation,AAI,1022.61,0.17,0.38,0.54,1022.6080774853705,23.84,255.96,PRJ-0655,2021-10-26,2027-09-25,2028-12-18,0,1
Zojila Tunnel - Phase 1,Road Transport & Highways,NHIDCL,9327.06,0.65,0.11,0.95,14649.67,17.36,3643.72,PRJ-0656,2018-10-09,2021-10-23,2023-12-12,1,1
Noida International Airport (Jewar) - Phase 2,Civil Aviation,YIAPL,33832.63,0.16,0.56,0.85,51527.39,92.55,44868.15,PRJ-0657,2020-07-18,2026-05-18,2028-02-07,1,1
Bangalore Suburban Rail Project - Phase 4,Urban Transport,K-RIDE,14027.55,0.18,0.91,0.96,18616.25,61.65,9210.89,PRJ-0658,2018-05-18,2022-12-23,2025-01-11,1,1
Zojila Tunnel - Phase 5,Road Transport & Highways,NHIDCL,9490.99,0.07,0.56,0.66,13817.16,57.21,10006.3,PRJ-0659,2020-07-29,2024-01-10,2025-06-03,1,1
Ken-Betwa River Interlinking - Phase 4,Water Resources,NWDA,64014.41,0.0,0.0,0.0,64014.41476545757,76.99,64014.41,PRJ-0660,2021-01-01,2024-03-16,2024-03-16,0,0
Bangalore Suburban Rail Project - Phase 1,Urban Transport,K-RIDE,11025.29,0.01,0.5,0.92,14945.3,6.07,954.8,PRJ-0661,2019-04-11,2025-03-10,2026-10-31,1,1
Subansiri Lower Hydroelectric Project - Phase 5,Power,NHPC,26866.97,0.71,0.32,0.17,26866.966109480836,91.41,26866.97,PRJ-0662,2020-02-25,2024-10-01,2025-11-25,0,1
Ken-Betwa River Interlinking - Phase 1,Water Resources,NWDA,50982.61,0.0,0.0,0.0,50982.60667189436,47.5,29178.68,PRJ-0663,2022-02-09,2027-12-10,2027-12-10,0,0
Central Vista Redevelopment - Phase 4,Urban Development,CPWD,14895.36,0.53,0.84,0.33,21375.55,39.47,7104.27,PRJ-0664,2021-07-29,2027-01-29,2028-07-22,1,1
Subansiri Lower Hydroelectric Project - Phase 3,Power,NHPC,12038.77,0.8,0.71,0.15,13845.29,31.83,4189.14,PRJ-0665,2020-10-06,2025-08-11,2027-01-03,1,1
Delhi-Mumbai Expressway - Phase 5,Road Transport & Highways,NHAI,131503.17,1.0,0.44,0.81,175098.19,18.76,38952.48,PRJ-0666,2020-05-12,2026-11-07,2029-04-25,1,1
Subansiri Lower Hydroelectric Project - Phase 3,Power,NHPC,14363.24,0.83,0.88,0.26,23832.79,12.37,3582.53,PRJ-0667,2020-02-29,2022-04-19,2023-12-10,1,1
Mumbai Trans Harbour Link (MTHL) - Phase 3,Road Transport & Highways,MMRDA,23524.36,0.37,0.94,0.79,37147.87,93.24,37147.87,PRJ-0668,2019-12-01,2023-06-13,2025-07-02,1,1
Subansiri Lower Hydroelectric Project - Phase 5,Power,NHPC,20468.85,0.95,0.51,0.03,23834.73,78.99,23834.73,PRJ-0669,2021-04-04,2025-11-09,2027-03-04,1,1
Mumbai-Ahmedabad High Speed Rail - Phase 3,Railways,NHSRCL,143428.0,0.46,0.07,0.63,143428.00183086688,6.7,13972.52,PRJ-0670,2018-02-28,2022-12-04,2024-05-27,0,1
Chenab Railway Bridge - Phase 5,Railways,Konkan Railway,1475.62,0.49,0.1,0.49,1475.6242798565977,85.16,1475.62,PRJ-0671,2020-03-03,2024-09-08,2026-01-01,0,1
Bangalore Suburban Rail Project - Phase 2,Urban Transport,K-RIDE,13317.37,0.0,0.0,0.0,13317.371502329208,34.52,4224.23,PRJ-0672,2019-10-08,2025-03-10,2025-03-10,0,0
Ganga Expressway - Phase 2,Road Transport & Highways,UPEIDA,50140.08,0.57,0.18,0.95,66277.3,75.69,40766.1,PRJ-0673,2020-08-11,2026-12-08,2029-01-26,1,1
Subansiri Lower Hydroelectric Project - Phase 4,Power,NHPC,10825.25,0.68,0.62,0.5,15905.97,73.0,13042.2,PRJ-0674,2019-04-18,2025-02-15,2026-11-07,1,1
Polavaram Irrigation Project - Phase 1,Water Resources,PPA,27975.21,0.69,0.11,0.91,49127.78,21.97,14860.75,PRJ-0675,2019-06-23,2024-04-27,2026-06-16,1,1
Ken-Betwa River Interlinking - Phase 5,Water Resources,NWDA,48819.39,0.35,0.02,0.88,68866.36,24.45,22753.39,PRJ-0676,2021-10-02,2028-02-28,2029-11-19,1,1
Zojila Tunnel - Phase 3,Road Transport & Highways,NHIDCL,6548.47,0.0,0.0,0.0,6548.46749662901,22.13,2014.06,PRJ-0677,2019-03-17,2023-09-22,2023-09-22,0,0
"New Domestic Terminal, Patna - Phase 5",Civil Aviation,AAI,969.49,0.58,0.1,0.43,969.4919390645265,25.84,213.2,PRJ-0678,2019-01-04,2024-05-07,2025-08-30,0,1
Kudankulam Nuclear Power Plant - Phase 5,Power,NPCIL,39739.35,0.75,0.91,0.74,56001.42,64.62,31098.05,PRJ-0679,2018-01-09,2024-03-08,2026-06-26,1,1
Mumbai-Ahmedabad High Speed Rail - Phase 5,Railways,NHSRCL,81945.21,0.74,0.92,0.82,140267.99,54.6,67819.77,PRJ-0680,2021-09-21,2024-02-08,2026-07-27,1,1
Polavaram Irrigation Project - Phase 1,Water Resources,PPA,38967.46,0.71,0.13,0.4,52123.81,48.44,24762.09,PRJ-0681,2021-02-06,2024-12-17,2026-05-11,1,1
Bangalore Suburban Rail Project - Phase 1,Urban Transport,K-RIDE,22972.07,0.75,0.5,0.75,28297.26,30.81,7085.68,PRJ-0682,2019-06-13,2026-03-08,2028-04-26,1,1
Mumbai Trans Harbour Link (MTHL) - Phase 4,Road Transport & Highways,MMRDA,13039.79,0.77,0.9,0.19,21880.75,48.87,11035.23,PRJ-0683,2021-10-14,2025-05-26,2026-12-17,1,1
Kudankulam Nuclear Power Plant - Phase 2,Power,NPCIL,27464.28,0.68,0.94,0.17,40912.14,69.29,29674.08,PRJ-0684,2018-11-30,2024-06-01,2025-10-24,1,1
Subansiri Lower Hydroelectric Project - Phase 4,Power,NHPC,16441.86,0.58,0.59,0.41,26755.95,76.72,24165.21,PRJ-0685,2019-03-17,2023-05-25,2024-11-15,1,1
Ken-Betwa River Interlinking - Phase 4,Water Resources,NWDA,34927.65,0.93,0.35,0.29,54134.21,90.22,46268.36,PRJ-0686,2020-04-05,2026-10-01,2028-04-23,1,1
"New Domestic Terminal, Patna - Phase 4",Civil Aviation,AAI,1495.79,0.0,0.0,0.0,1495.7859315591243,85.22,1495.79,PRJ-0687,2018-06-06,2021-05-21,2021-05-21,0,0
Bharatmala Pariyojana Phase-I - Phase 4,Road Transport & Highways,NHAI,610883.85,0.2,0.99,0.38,1074857.53,16.42,178041.57,PRJ-0688,2020-02-16,2023-05-01,2024-08-23,1,1
Zojila Tunnel - Phase 1,Road Transport & Highways,NHIDCL,6098.91,0.32,0.71,0.22,7377.2,66.47,6301.87,PRJ-0689,2019-09-21,2022-11-04,2023-10-30,1,1
"New Domestic Terminal, Patna - Phase 5",Civil Aviation,AAI,642.12,0.1,0.93,0.22,771.78,87.62,771.78,PRJ-0690,2020-04-14,2024-05-23,2025-04-18,1,1
Ken-Betwa River Interlinking - Phase 2,Water Resources,NWDA,50259.78,0.47,0.61,0.89,72740.5,90.01,72161.69,PRJ-0691,2020-03-24,2024-07-31,2026-09-19,1,1
Pune Metro Rail Project - Phase 3,Urban Transport,Maha-Metro,9178.78,0.91,0.01,0.54,14039.15,17.97,3360.34,PRJ-0692,2020-10-27,2023-09-12,2025-06-03,1,1
Zojila Tunnel - Phase 2,Road Transport & Highways,NHIDCL,9492.01,0.65,0.45,0.97,11018.17,15.21,2229.79,PRJ-0693,2019-11-05,2024-10-09,2027-02-26,1,1
Kudankulam Nuclear Power Plant - Phase 1,Power,NPCIL,53703.27,0.63,0.39,0.9,93975.84,34.7,48539.48,PRJ-0694,2018-12-15,2024-04-17,2026-07-06,1,1
Ken-Betwa River Interlinking - Phase 3,Water Resources,NWDA,29949.76,0.7,0.55,0.12,39963.49,41.15,15819.4,PRJ-0695,2021-11-02,2024-07-19,2025-09-12,1,1
Kudankulam Nuclear Power Plant - Phase 3,Power,NPCIL,55494.92,0.41,0.97,0.86,76149.06,47.25,30171.53,PRJ-0696,2018-05-01,2023-04-05,2025-06-23,1,1
Mumbai Trans Harbour Link (MTHL) - Phase 4,Road Transport & Highways,MMRDA,20869.24,0.15,0.37,0.55,20869.23579668783,36.09,11112.05,PRJ-0697,2018-02-23,2024-10-19,2025-12-13,0,1
Noida International Airport (Jewar) - Phase 5,Civil Aviation,YIAPL,42979.8,0.78,0.28,0.52,69031.45,31.57,28649.65,PRJ-0698,2021-01-19,2023-04-09,2024-12-29,1,1
Kudankulam Nuclear Power Plant - Phase 2,Power,NPCIL,45674.73,0.19,0.12,0.99,75340.31,32.72,36816.38,PRJ-0699,2020-01-22,2022-11-07,2024-07-29,1,1
Noida International Airport (Jewar) - Phase 1,Civil Aviation,YIAPL,23442.61,0.81,0.37,0.9,29756.45,75.11,29756.45,PRJ-0700,2018-05-12,2023-12-12,2026-04-30,1,1
Bharatmala Pariyojana Phase-I - Phase 4,Road Transport & Highways,NHAI,361553.77,0.23,0.89,0.84,445480.55,13.18,48842.63,PRJ-0701,2021-07-31,2024-11-12,2026-11-02,1,1
Navi Mumbai International Airport - Phase 4,Civil Aviation,CIDCO,9946.73,0.22,0.52,0.4,9946.734065265357,72.32,8646.59,PRJ-0702,2018-04-09,2022-09-15,2023-10-10,0,1
Chenab Railway Bridge - Phase 2,Railways,Konkan Railway,769.69,0.21,0.23,0.57,769.6850267991746,89.18,769.69,PRJ-0703,2019-11-21,2026-05-18,2027-08-11,0,1
Ken-Betwa River Interlinking - Phase 5,Water Resources,NWDA,39564.89,0.98,0.49,0.42,46299.47,53.22,20850.64,PRJ-0704,2021-02-01,2027-09-28,2029-08-18,1,1
Pune Metro Rail Project - Phase 5,Urban Transport,Maha-Metro,12781.39,0.28,0.64,1.0,21660.21,93.06,21660.21,PRJ-0705,2018-05-31,2022-02-09,2024-03-30,1,1
Mumbai-Ahmedabad High Speed Rail - Phase 3,Railways,NHSRCL,146176.46,0.81,0.23,0.43,223547.77,81.46,154769.49,PRJ-0706,2021-09-22,2025-04-04,2026-10-26,1,1
Ganga Expressway - Phase 4,Road Transport & Highways,UPEIDA,51206.97,0.79,0.81,0.33,59267.74,33.33,26813.84,PRJ-0707,2018-10-27,2023-09-01,2025-05-23,1,1
Mumbai-Ahmedabad High Speed Rail - Phase 2,Railways,NHSRCL,151874.77,0.7,0.48,0.7,218420.73,25.97,83425.57,PRJ-0708,2019-08-18,2024-10-20,2026-10-10,1,1
Mumbai-Ahmedabad High Speed Rail - Phase 3,Railways,NHSRCL,129073.27,0.33,0.35,0.61,165481.39,87.41,165481.39,PRJ-0709,2019-08-09,2022-10-22,2024-04-14,1,1
Subansiri Lower Hydroelectric Project - Phase 4,Power,NHPC,28466.71,0.73,0.84,0.22,36327.5,68.87,22308.99,PRJ-0710,2021-08-01,2025-08-10,2027-02-01,1,1
Ganga Expressway - Phase 2,Road Transport & Highways,UPEIDA,50873.27,0.0,0.0,0.0,50873.27349615941,63.71,26915.49,PRJ-0711,2019-03-22,2022-12-01,2022-12-01,0,0
Ganga Expressway - Phase 5,Road Transport & Highways,UPEIDA,46241.31,0.24,0.51,0.36,46241.306316256225,24.18,11768.33,PRJ-0712,2021-08-27,2024-09-10,2025-10-05,0,1
Mumbai Trans Harbour Link (MTHL) - Phase 3,Road Transport & Highways,MMRDA,9492.46,0.35,0.85,0.27,16575.95,6.0,1263.9,PRJ-0713,2019-06-01,2026-02-24,2027-05-20,1,1
Mumbai-Ahmedabad High Speed Rail - Phase 1,Railways,NHSRCL,102449.31,0.61,0.39,0.37,162287.77,12.15,22855.91,PRJ-0714,2021-02-08,2026-04-13,2027-09-05,1,1
Subansiri Lower Hydroelectric Project - Phase 5,Power,NHPC,26567.12,0.03,0.55,0.95,39011.52,55.5,27214.4,PRJ-0715,2018-10-28,2023-12-31,2025-09-21,1,1
Chenab Railway Bridge - Phase 2,Railways,Konkan Railway,806.78,0.25,0.67,0.85,1273.74,74.69,1184.8,PRJ-0716,2019-03-17,2024-07-18,2026-06-08,1,1
Subansiri Lower Hydroelectric Project - Phase 5,Power,NHPC,20656.89,0.19,0.93,0.27,37037.73,28.32,13125.95,PRJ-0717,2018-03-16,2020-10-31,2021-11-25,1,1
Bangalore Suburban Rail Project - Phase 4,Urban Transport,K-RIDE,19321.73,0.04,0.75,0.4,19321.730981350975,10.77,2567.36,PRJ-0718,2021-05-21,2025-08-28,2026-09-22,0,1
Navi Mumbai International Airport - Phase 1,Civil Aviation,CIDCO,22804.23,0.0,0.0,0.0,22804.23271899627,82.7,16570.34,PRJ-0719,2020-09-04,2026-05-06,2026-05-06,0,0
"New Domestic Terminal, Patna - Phase 1",Civil Aviation,AAI,1455.39,0.2,0.41,0.4,1455.3937038597037,46.92,838.51,PRJ-0720,2019-04-21,2024-05-24,2025-06-18,0,1
Zojila Tunnel - Phase 5,Road Transport & Highways,NHIDCL,8934.73,0.78,0.3,0.83,11172.53,58.9,9003.82,PRJ-0721,2020-01-29,2024-11-03,2027-01-22,1,1
Bangalore Suburban Rail Project - Phase 3,Urban Transport,K-RIDE,11279.24,0.78,0.89,0.73,15369.5,52.96,11803.75,PRJ-0722,2019-03-25,2023-10-30,2026-02-16,1,1
Bangalore Suburban Rail Project - Phase 3,Urban Transport,K-RIDE,21981.5,0.24,0.81,0.27,26327.2,34.49,10480.04,PRJ-0723,2018-03-29,2025-02-20,2026-03-17,1,1
Subansiri Lower Hydroelectric Project - Phase 2,Power,NHPC,23523.21,0.28,0.57,0.18,23523.210669280525,90.54,23523.21,PRJ-0724,2019-08-02,2026-03-28,2027-01-22,0,1
Chenab Railway Bridge - Phase 2,Railways,Konkan Railway,827.98,0.83,0.8,0.26,1362.01,18.69,324.1,PRJ-0725,2021-08-13,2028-05-08,2029-12-29,1,1
Chenab Railway Bridge - Phase 1,Railways,Konkan Railway,1932.32,0.72,0.29,0.91,2566.21,90.36,2535.35,PRJ-0726,2020-12-06,2025-12-10,2028-02-28,1,1
Bangalore Suburban Rail Project - Phase 1,Urban Transport,K-RIDE,12766.48,0.18,0.19,0.85,15334.76,78.25,15334.76,PRJ-0727,2019-10-20,2022-03-08,2023-09-29,1,1
Ganga Expressway - Phase 1,Road Transport & Highways,UPEIDA,27960.68,0.39,0.27,0.51,27960.676928648612,51.01,18504.15,PRJ-0728,2021-07-28,2023-12-15,2025-04-08,0,1
Navi Mumbai International Airport - Phase 4,Civil Aviation,CIDCO,10459.49,0.89,0.48,0.15,18522.49,63.26,13967.49,PRJ-0729,2018-09-20,2021-03-08,2022-07-31,1,1
Chenab Railway Bridge - Phase 4,Railways,Konkan Railway,702.84,0.21,0.63,0.85,1083.5,7.3,99.4,PRJ-0730,2019-09-04,2024-01-11,2025-11-01,1,1
Mumbai-Ahmedabad High Speed Rail - Phase 3,Railways,NHSRCL,105801.92,0.81,0.78,0.2,186880.76,42.31,110013.21,PRJ-0731,2020-11-22,2026-05-25,2027-12-16,1,1
Mumbai-Ahmedabad High Speed Rail - Phase 4,Railways,NHSRCL,117515.25,0.7,0.37,0.13,204234.25,62.23,110187.21,PRJ-0732,2020-10-09,2023-09-24,2024-10-18,1,1
Ken-Betwa River Interlinking - Phase 5,Water Resources,NWDA,60376.0,0.94,0.64,0.04,78668.56,57.63,44666.14,PRJ-0733,2020-04-05,2024-12-10,2026-04-04,1,1
Delhi-Mumbai Expressway - Phase 5,Road Transport & Highways,NHAI,119401.64,0.58,0.52,0.63,213999.48,15.02,31157.73,PRJ-0734,2020-02-29,2023-02-13,2024-12-04,1,1
Delhi-Mumbai Expressway - Phase 3,Road Transport & Highways,NHAI,88496.46,0.12,0.6,0.68,144526.38,65.23,111236.74,PRJ-0735,2021-12-17,2025-05-30,2026-11-21,1,1
Delhi-Mumbai Expressway - Phase 5,Road Transport & Highways,NHAI,141262.47,0.84,0.12,0.41,220433.59,66.01,167646.73,PRJ-0736,2019-10-17,2023-08-27,2025-03-19,1,1
Central Vista Redevelopment - Phase 3,Urban Development,CPWD,19869.85,0.0,0.0,0.0,19869.84895610777,94.55,19869.85,PRJ-0737,2018-02-21,2024-10-17,2024-10-17,0,0
Chenab Railway Bridge - Phase 4,Railways,Konkan Railway,1061.0,0.9,0.93,0.34,1361.09,38.84,596.72,PRJ-0738,2019-11-04,2023-03-18,2025-02-05,1,1
Central Vista Redevelopment - Phase 1,Urban Development,CPWD,13716.04,0.0,0.0,0.0,13716.042449852335,26.75,3618.33,PRJ-0739,2020-06-15,2025-02-19,2025-02-19,0,0
Bangalore Suburban Rail Project - Phase 2,Urban Transport,K-RIDE,11928.52,0.0,0.0,0.0,11928.522532565188,40.88,7307.29,PRJ-0740,2020-11-08,2024-06-20,2024-06-20,0,0
Mumbai Trans Harbour Link (MTHL) - Phase 4,Road Transport & Highways,MMRDA,12097.6,0.4,0.61,0.24,18713.04,31.18,4777.44,PRJ-0741,2019-06-14,2023-11-20,2024-12-14,1,1
Central Vista Redevelopment - Phase 3,Urban Development,CPWD,29084.29,0.8,0.59,0.85,50174.45,36.82,27122.83,PRJ-0742,2018-08-28,2020-10-16,2023-03-05,1,1
Bangalore Suburban Rail Project - Phase 5,Urban Transport,K-RIDE,21354.8,0.85,0.54,0.84,37007.34,31.57,15466.19,PRJ-0743,2019-09-07,2024-01-14,2026-06-02,1,1
Delhi-Mumbai Expressway - Phase 3,Road Transport & Highways,NHAI,135863.14,0.78,0.14,0.66,200397.55,82.89,194864.89,PRJ-0744,2019-01-05,2021-11-20,2023-10-11,1,1
Polavaram Irrigation Project - Phase 5,Water Resources,PPA,44648.59,0.36,0.81,0.88,65028.28,71.56,51639.48,PRJ-0745,2018-03-08,2024-01-06,2026-02-24,1,1
Ganga Expressway - Phase 3,Road Transport & Highways,UPEIDA,22383.86,0.72,0.02,0.99,38352.22,80.86,38352.22,PRJ-0746,2019-03-01,2025-02-27,2027-05-18,1,1
Pune Metro Rail Project - Phase 5,Urban Transport,Maha-Metro,8485.49,0.43,0.4,0.27,8485.485199203504,90.06,8225.01,PRJ-0747,2018-01-16,2024-05-14,2025-06-08,0,1
Ganga Expressway - Phase 4,Road Transport & Highways,UPEIDA,26997.13,0.17,0.47,0.56,34819.54,55.29,26476.0,PRJ-0748,2018-05-22,2024-12-16,2026-03-11,1,1
Bangalore Suburban Rail Project - Phase 4,Urban Transport,K-RIDE,15405.54,0.26,0.73,0.05,15405.543134727552,42.18,7647.73,PRJ-0749,2019-03-11,2022-10-21,2023-07-18,0,1
Central Vista Redevelopment - Phase 5,Urban Development,CPWD,11221.25,0.37,0.43,0.87,17610.68,89.82,17610.68,PRJ-0750,2021-01-12,2023-07-31,2025-06-20,1,1
Ken-Betwa River Interlinking - Phase 2,Water Resources,NWDA,61657.71,0.0,0.0,0.0,61657.70562935007,28.62,24328.5,PRJ-0751,2020-08-10,2023-07-26,2023-07-26,0,0
Zojila Tunnel - Phase 2,Road Transport & Highways,NHIDCL,9193.2,0.0,0.0,0.0,9193.199331959213,67.53,7592.98,PRJ-0752,2018-09-16,2021-12-29,2021-12-29,0,0
Noida International Airport (Jewar) - Phase 3,Civil Aviation,YIAPL,23326.99,0.51,0.67,0.32,35653.02,86.03,29788.2,PRJ-0753,2018-03-04,2023-08-05,2024-11-27,1,1
Navi Mumbai International Airport - Phase 1,Civil Aviation,CIDCO,24683.04,0.14,0.57,0.36,24683.040145225852,32.16,7591.45,PRJ-0754,2019-02-13,2023-12-19,2024-12-13,0,1
"New Domestic Terminal, Patna - Phase 2",Civil Aviation,AAI,1070.03,0.12,0.69,0.52,1813.92,58.47,991.59,PRJ-0755,2019-12-28,2023-07-10,2024-10-02,1,1
"New Domestic Terminal, Patna - Phase 2",Civil Aviation,AAI,1443.76,0.35,0.69,0.2,2195.56,32.73,918.42,PRJ-0756,2020-09-11,2023-07-28,2024-07-22,1,1
"New Domestic Terminal, Patna - Phase 1",Civil Aviation,AAI,687.55,0.0,0.0,0.0,687.5544089659708,38.53,239.12,PRJ-0757,2020-09-28,2023-12-12,2023-12-12,0,0
Central Vista Redevelopment - Phase 2,Urban Development,CPWD,17552.03,0.0,0.0,0.0,17552.02852895758,15.5,3170.42,PRJ-0758,2018-12-07,2021-08-23,2021-08-23,0,0
Kudankulam Nuclear Power Plant - Phase 5,Power,NPCIL,55018.31,0.31,0.18,0.52,55018.31277710686,77.71,47249.41,PRJ-0759,2021-07-17,2027-01-17,2028-04-11,0,1
Central Vista Redevelopment - Phase 2,Urban Development,CPWD,26766.86,0.19,0.67,0.24,26766.859737159994,61.27,14083.81,PRJ-0760,2018-08-09,2024-05-09,2025-04-04,0,1
Bangalore Suburban Rail Project - Phase 3,Urban Transport,K-RIDE,10567.14,0.64,0.79,0.81,15176.5,27.63,5139.76,PRJ-0761,2021-06-06,2026-02-10,2028-05-30,1,1
Zojila Tunnel - Phase 5,Road Transport & Highways,NHIDCL,9089.56,0.07,0.41,0.75,11092.42,32.98,3176.64,PRJ-0762,2019-02-06,2021-12-22,2023-05-16,1,1
Bharatmala Pariyojana Phase-I - Phase 2,Road Transport & Highways,NHAI,387055.54,0.85,0.44,0.73,526997.73,57.48,303374.25,PRJ-0763,2021-10-27,2026-10-01,2028-11-19,1,1
Navi Mumbai International Airport - Phase 5,Civil Aviation,CIDCO,19580.17,0.19,0.76,0.12,19580.17036030586,88.24,19580.17,PRJ-0764,2018-09-23,2025-03-20,2026-01-14,0,1
Polavaram Irrigation Project - Phase 3,Water Resources,PPA,80209.71,0.51,0.04,0.82,114741.69,41.19,43512.95,PRJ-0765,2018-09-21,2025-04-17,2027-02-06,1,1
Polavaram Irrigation Project - Phase 3,Water Resources,PPA,39345.68,0.54,0.09,0.92,43670.71,68.97,30630.2,PRJ-0766,2018-01-31,2023-12-31,2025-12-20,1,1
Noida International Airport (Jewar) - Phase 2,Civil Aviation,YIAPL,28896.49,0.21,0.88,0.72,35175.62,47.01,17285.7,PRJ-0767,2020-02-26,2027-01-20,2028-10-11,1,1
Polavaram Irrigation Project - Phase 5,Water Resources,PPA,48899.62,0.49,0.8,0.67,65678.25,76.67,47087.69,PRJ-0768,2019-07-08,2023-09-15,2025-08-05,1,1
Delhi-Mumbai Expressway - Phase 4,Road Transport & Highways,NHAI,51956.3,0.62,0.38,0.93,72981.42,9.11,9307.87,PRJ-0769,2018-09-05,2023-12-08,2026-02-25,1,1
Zojila Tunnel - Phase 1,Road Transport & Highways,NHIDCL,6948.13,0.99,0.8,0.49,8254.57,94.68,8254.57,PRJ-0770,2018-06-22,2024-07-20,2026-09-08,1,1
Mumbai-Ahmedabad High Speed Rail - Phase 1,Railways,NHSRCL,151912.68,0.07,0.9,0.87,169227.24,92.89,169227.24,PRJ-0771,2018-05-04,2023-10-05,2025-07-26,1,1
Central Vista Redevelopment - Phase 1,Urban Development,CPWD,11507.83,0.0,0.0,0.0,11507.833894680967,41.26,5528.08,PRJ-0772,2021-12-21,2025-02-03,2025-02-03,0,0
Mumbai Trans Harbour Link (MTHL) - Phase 4,Road Transport & Highways,MMRDA,16839.97,0.57,0.6,0.31,26310.19,58.23,18475.13,PRJ-0773,2018-10-10,2023-01-17,2024-05-11,1,1
Bharatmala Pariyojana Phase-I - Phase 3,Road Transport & Highways,NHAI,376776.36,0.57,0.1,0.89,662270.9,42.78,340153.59,PRJ-0774,2018-03-15,2024-05-12,2026-05-02,1,1
Pune Metro Rail Project - Phase 1,Urban Transport,Maha-Metro,12993.45,0.74,1.0,0.24,22558.86,47.05,9941.19,PRJ-0775,2019-04-07,2023-08-14,2025-04-05,1,1
Zojila Tunnel - Phase 4,Road Transport & Highways,NHIDCL,8634.89,0.41,0.78,0.76,14494.7,25.27,3857.24,PRJ-0776,2020-12-21,2024-08-02,2026-07-23,1,1
Central Vista Redevelopment - Phase 2,Urban Development,CPWD,11743.13,0.0,0.0,0.0,11743.133583237484,47.31,6890.55,PRJ-0777,2020-07-15,2025-12-16,2025-12-16,0,0
Delhi-Mumbai Expressway - Phase 4,Road Transport & Highways,NHAI,117097.47,0.03,0.91,0.37,173672.66,25.1,51615.1,PRJ-0778,2020-08-13,2024-10-21,2025-11-15,1,1
Delhi-Mumbai Expressway - Phase 4,Road Transport & Highways,NHAI,89162.09,0.73,0.04,0.99,156077.14,81.7,102587.34,PRJ-0779,2018-01-31,2023-02-04,2025-04-24,1,1
Pune Metro Rail Project - Phase 3,Urban Transport,Maha-Metro,15834.38,0.97,0.03,0.62,23034.56,67.24,17519.54,PRJ-0780,2021-12-24,2027-02-26,2029-02-15,1,1
Subansiri Lower Hydroelectric Project - Phase 4,Power,NHPC,17942.94,0.41,1.0,0.07,21490.07,20.72,6632.44,PRJ-0781,2019-05-12,2022-03-27,2023-04-21,1,1
Mumbai-Ahmedabad High Speed Rail - Phase 2,Railways,NHSRCL,141187.44,0.2,0.24,0.93,232431.23,57.39,158101.69,PRJ-0782,2022-02-01,2027-11-02,2029-07-24,1,1
Chenab Railway Bridge - Phase 3,Railways,Konkan Railway,825.36,0.83,0.81,0.82,1359.15,51.12,811.43,PRJ-0783,2021-02-23,2024-06-07,2026-11-24,1,1
Ganga Expressway - Phase 4,Road Transport & Highways,UPEIDA,41951.53,0.41,0.88,0.95,66706.7,18.14,10123.95,PRJ-0784,2018-05-24,2023-07-27,2025-11-13,1,1
Navi Mumbai International Airport - Phase 2,Civil Aviation,CIDCO,23808.31,0.97,0.06,0.11,23808.31329002149,93.54,23808.31,PRJ-0785,2021-01-01,2026-05-05,2027-06-29,0,1
Ken-Betwa River Interlinking - Phase 1,Water Resources,NWDA,47265.57,0.59,0.98,0.25,77600.18,13.03,11759.95,PRJ-0786,2020-05-18,2026-04-17,2027-10-09,1,1
Bharatmala Pariyojana Phase-I - Phase 4,Road Transport & Highways,NHAI,800523.43,0.31,0.67,0.11,800523.4284090847,57.55,397050.14,PRJ-0787,2021-04-24,2025-07-02,2026-04-28,0,1
Ken-Betwa River Interlinking - Phase 1,Water Resources,NWDA,50075.25,0.65,0.12,0.93,74306.65,11.2,9350.79,PRJ-0788,2018-06-28,2024-12-23,2027-02-11,1,1
Ganga Expressway - Phase 5,Road Transport & Highways,UPEIDA,28019.61,0.0,0.0,0.0,28019.614933925408,9.24,2847.11,PRJ-0789,2019-10-24,2024-08-28,2024-08-28,0,0
Polavaram Irrigation Project - Phase 4,Water Resources,PPA,40929.43,0.6,0.37,0.53,68502.08,85.14,68502.08,PRJ-0790,2021-06-15,2023-09-03,2025-03-26,1,1
Central Vista Redevelopment - Phase 5,Urban Development,CPWD,20962.63,0.0,0.0,0.0,20962.628465601618,26.53,8072.57,PRJ-0791,2018-12-28,2021-12-12,2021-12-12,0,0
Zojila Tunnel - Phase 4,Road Transport & Highways,NHIDCL,3413.84,0.0,0.0,0.0,3413.8418595965086,74.4,2707.61,PRJ-0792,2020-04-21,2023-10-03,2023-10-03,0,0
Ganga Expressway - Phase 5,Road Transport & Highways,UPEIDA,27878.03,0.94,0.89,0.34,31469.43,16.54,5182.52,PRJ-0793,2019-06-12,2026-03-07,2028-01-26,1,1
Mumbai Trans Harbour Link (MTHL) - Phase 2,Road Transport & Highways,MMRDA,15997.83,0.0,0.0,0.0,15997.834317487437,69.54,12775.73,PRJ-0794,2020-11-06,2024-02-19,2024-02-19,0,0
Pune Metro Rail Project - Phase 3,Urban Transport,Maha-Metro,9430.25,0.0,0.0,0.0,9430.253659971271,53.24,6324.01,PRJ-0795,2018-07-02,2022-12-08,2022-12-08,0,0
Delhi-Mumbai Expressway - Phase 1,Road Transport & Highways,NHAI,59231.05,0.0,0.0,0.0,59231.04748714338,39.77,28757.38,PRJ-0796,2018-02-07,2020-01-28,2020-01-28,0,0
Ganga Expressway - Phase 3,Road Transport & Highways,UPEIDA,31111.87,0.34,0.73,0.16,52613.98,43.97,32504.72,PRJ-0797,2018-06-30,2025-03-25,2026-03-20,1,1
Zojila Tunnel - Phase 2,Road Transport & Highways,NHIDCL,4485.32,0.99,0.73,0.47,7302.46,83.54,6693.63,PRJ-0798,2020-03-16,2026-11-10,2028-11-29,1,1
Chenab Railway Bridge - Phase 2,Railways,Konkan Railway,1158.19,0.0,0.0,0.0,1158.1936607454086,35.09,453.75,PRJ-0799,2020-06-07,2024-04-17,2024-04-17,0,0
Bharatmala Pariyojana Phase-I - Phase 2,Road Transport & Highways,NHAI,379786.56,0.14,0.62,0.41,379786.5616750055,66.2,277243.49,PRJ-0800,2020-06-21,2023-10-04,2024-10-28,0,1
Mumbai-Ahmedabad High Speed Rail - Phase 2,Railways,NHSRCL,150034.44,0.08,0.6,0.71,183117.99,63.72,97532.37,PRJ-0801,2020-12-29,2027-11-23,2029-05-16,1,1
Navi Mumbai International Airport - Phase 2,Civil Aviation,CIDCO,9374.15,0.0,0.0,0.0,9374.153669024385,15.02,2012.86,PRJ-0802,2020-02-26,2024-01-06,2024-01-06,0,0
Pune Metro Rail Project - Phase 1,Urban Transport,Maha-Metro,6398.1,0.99,0.32,0.69,9164.76,48.96,4370.38,PRJ-0803,2021-05-19,2026-05-23,2028-08-10,1,1
Central Vista Redevelopment - Phase 1,Urban Development,CPWD,20186.69,0.0,0.0,0.0,20186.691283951255,75.37,14719.33,PRJ-0804,2020-10-07,2026-12-05,2026-12-05,0,0
Pune Metro Rail Project - Phase 4,Urban Transport,Maha-Metro,11990.73,0.31,0.58,0.89,20800.77,9.01,2673.35,PRJ-0805,2019-06-07,2025-03-07,2027-02-25,1,1
Kudankulam Nuclear Power Plant - Phase 4,Power,NPCIL,35507.86,0.67,0.2,0.49,45340.07,33.85,18997.79,PRJ-0806,2018-12-06,2021-08-22,2023-03-15,1,1
Noida International Airport (Jewar) - Phase 5,Civil Aviation,YIAPL,24849.2,0.35,0.75,0.15,31268.33,19.09,4919.29,PRJ-0807,2018-03-09,2022-07-16,2023-07-11,1,1
Delhi-Mumbai Expressway - Phase 3,Road Transport & Highways,NHAI,104610.05,0.42,0.71,0.23,183486.02,60.98,106346.61,PRJ-0808,2021-09-21,2026-12-24,2028-02-17,1,1
Noida International Airport (Jewar) - Phase 1,Civil Aviation,YIAPL,23061.15,0.74,0.37,0.88,34950.36,13.05,4801.36,PRJ-0809,2018-12-09,2020-12-28,2023-03-18,1,1
Mumbai-Ahmedabad High Speed Rail - Phase 1,Railways,NHSRCL,153558.65,0.15,0.79,0.79,205315.15,94.67,157661.98,PRJ-0810,2021-11-22,2026-11-26,2028-08-17,1,1
Bharatmala Pariyojana Phase-I - Phase 5,Road Transport & Highways,NHAI,612360.56,0.78,0.41,0.12,846453.79,44.08,317698.56,PRJ-0811,2019-07-13,2025-02-11,2026-04-07,1,1
Mumbai-Ahmedabad High Speed Rail - Phase 4,Railways,NHSRCL,110579.88,0.0,0.0,0.0,110579.88229718052,91.34,110579.88,PRJ-0812,2018-09-14,2021-05-01,2021-05-01,0,0
Noida International Airport (Jewar) - Phase 5,Civil Aviation,YIAPL,16198.99,0.91,0.5,0.81,19201.8,26.75,4239.62,PRJ-0813,2019-04-30,2024-07-02,2026-11-19,1,1
"New Domestic Terminal, Patna - Phase 5",Civil Aviation,AAI,696.63,0.13,0.98,0.96,824.99,13.59,144.38,PRJ-0814,2018-12-15,2021-03-04,2023-03-24,1,1
Navi Mumbai International Airport - Phase 4,Civil Aviation,CIDCO,18424.72,0.45,0.72,0.58,27181.8,56.17,15959.12,PRJ-0815,2021-06-02,2026-10-04,2028-06-25,1,1
Noida International Airport (Jewar) - Phase 3,Civil Aviation,YIAPL,23152.31,0.98,0.85,0.1,32839.19,41.15,15429.44,PRJ-0816,2021-10-27,2027-07-28,2029-02-17,1,1
Pune Metro Rail Project - Phase 3,Urban Transport,Maha-Metro,10850.73,0.62,0.55,0.63,18315.81,25.32,6007.96,PRJ-0817,2020-06-21,2022-10-09,2024-08-29,1,1
Delhi-Mumbai Expressway - Phase 2,Road Transport & Highways,NHAI,64846.97,0.03,0.73,0.71,73984.33,11.25,11078.72,PRJ-0818,2020-07-27,2026-01-27,2027-07-21,1,1
Polavaram Irrigation Project - Phase 3,Water Resources,PPA,49186.17,0.14,0.32,0.82,56220.9,86.6,46455.66,PRJ-0819,2018-03-22,2024-03-20,2025-10-11,1,1
Delhi-Mumbai Expressway - Phase 5,Road Transport & Highways,NHAI,103719.07,0.82,0.05,0.52,177353.77,88.74,129384.29,PRJ-0820,2018-03-26,2022-05-04,2023-12-25,1,1
Bharatmala Pariyojana Phase-I - Phase 3,Road Transport & Highways,NHAI,516686.96,0.22,0.39,0.88,810965.36,88.37,639399.03,PRJ-0821,2019-04-24,2024-05-27,2026-02-16,1,1
Bangalore Suburban Rail Project - Phase 4,Urban Transport,K-RIDE,13357.61,0.49,0.45,0.22,13357.607523047369,74.19,13357.61,PRJ-0822,2021-06-14,2027-04-14,2028-05-08,0,1
Mumbai Trans Harbour Link (MTHL) - Phase 5,Road Transport & Highways,MMRDA,16530.73,0.5,0.8,0.45,25790.45,63.23,13653.95,PRJ-0823,2018-02-20,2022-06-29,2024-01-20,1,1
Delhi-Mumbai Expressway - Phase 5,Road Transport & Highways,NHAI,135989.56,0.96,0.43,0.8,161081.48,92.13,151628.98,PRJ-0824,2020-08-08,2026-02-08,2028-06-27,1,1
Bangalore Suburban Rail Project - Phase 2,Urban Transport,K-RIDE,17178.96,0.53,0.41,0.18,17178.958144885455,70.0,16779.6,PRJ-0825,2021-01-13,2027-07-11,2028-08-04,0,1
Polavaram Irrigation Project - Phase 4,Water Resources,PPA,48344.93,0.9,0.28,0.19,58308.69,86.67,58308.69,PRJ-0826,2018-08-05,2021-05-21,2022-09-13,1,1
Mumbai Trans Harbour Link (MTHL) - Phase 4,Road Transport & Highways,MMRDA,22422.08,0.8,0.66,0.01,29412.49,91.62,29412.49,PRJ-0827,2020-10-16,2024-12-24,2026-02-17,1,1
Chenab Railway Bridge - Phase 5,Railways,Konkan Railway,944.88,0.67,0.94,0.08,1412.99,56.6,740.87,PRJ-0828,2020-03-31,2023-08-13,2024-12-05,1,1
Mumbai-Ahmedabad High Speed Rail - Phase 2,Railways,NHSRCL,125147.87,0.73,0.89,0.83,182789.7,75.61,168541.51,PRJ-0829,2018-05-07,2020-09-23,2023-03-12,1,1
Chenab Railway Bridge - Phase 3,Railways,Konkan Railway,740.1,0.67,0.54,0.73,1274.75,41.18,426.85,PRJ-0830,2021-03-21,2027-06-18,2029-07-07,1,1
Kudankulam Nuclear Power Plant - Phase 4,Power,NPCIL,37786.19,0.21,0.98,0.88,50343.88,39.29,16900.67,PRJ-0831,2018-10-26,2021-07-12,2023-08-01,1,1
Zojila Tunnel - Phase 1,Road Transport & Highways,NHIDCL,5649.68,0.27,0.11,0.96,9520.34,70.15,6763.01,PRJ-0832,2020-11-11,2024-08-22,2026-06-13,1,1
"New Domestic Terminal, Patna - Phase 1",Civil Aviation,AAI,974.62,0.61,0.28,0.97,1628.26,39.65,822.02,PRJ-0833,2020-11-17,2023-11-02,2026-01-20,1,1
Kudankulam Nuclear Power Plant - Phase 3,Power,NPCIL,34018.01,0.68,0.73,0.73,38129.16,46.13,20491.31,PRJ-0834,2019-11-04,2025-11-02,2027-12-22,1,1
Pune Metro Rail Project - Phase 1,Urban Transport,Maha-Metro,7472.59,0.78,0.79,0.83,8661.08,65.31,5556.61,PRJ-0835,2020-04-03,2024-08-10,2027-01-27,1,1
Mumbai Trans Harbour Link (MTHL) - Phase 4,Road Transport & Highways,MMRDA,18690.24,0.51,0.71,0.96,28673.13,23.68,7621.77,PRJ-0836,2021-01-14,2024-12-24,2027-04-13,1,1
Mumbai Trans Harbour Link (MTHL) - Phase 2,Road Transport & Highways,MMRDA,13746.45,0.0,0.0,0.0,13746.447179395698,76.96,13746.45,PRJ-0837,2018-12-15,2023-09-20,2023-09-20,0,0
Navi Mumbai International Airport - Phase 2,Civil Aviation,CIDCO,11224.12,0.12,0.73,0.53,12820.23,84.44,12820.23,PRJ-0838,2019-08-10,2023-02-20,2024-06-14,1,1
Mumbai-Ahmedabad High Speed Rail - Phase 1,Railways,NHSRCL,93026.22,0.44,0.51,0.52,166548.71,29.18,57020.75,PRJ-0839,2018-03-01,2023-03-05,2024-08-26,1,1
Bangalore Suburban Rail Project - Phase 4,Urban Transport,K-RIDE,14370.34,0.15,0.84,0.53,21213.6,13.76,4207.93,PRJ-0840,2018-11-10,2020-10-30,2022-03-24,1,1
Subansiri Lower Hydroelectric Project - Phase 1,Power,NHPC,15294.89,0.69,0.59,0.21,17840.26,65.26,16734.34,PRJ-0841,2018-06-16,2021-01-31,2022-05-26,1,1
Navi Mumbai International Airport - Phase 3,Civil Aviation,CIDCO,14468.1,0.94,0.03,0.63,24814.77,81.06,22112.8,PRJ-0842,2021-10-05,2026-03-13,2028-02-01,1,1
Ken-Betwa River Interlinking - Phase 3,Water Resources,NWDA,63048.94,0.0,0.0,0.0,63048.936418452264,14.88,8083.11,PRJ-0843,2020-05-05,2023-02-19,2023-02-19,0,0
Delhi-Mumbai Expressway - Phase 4,Road Transport & Highways,NHAI,84075.65,0.11,0.47,0.51,84075.64668009515,82.18,67093.79,PRJ-0844,2020-03-08,2024-09-13,2025-11-07,0,1
Central Vista Redevelopment - Phase 4,Urban Development,CPWD,27586.46,0.8,0.2,0.9,46722.7,70.46,46722.7,PRJ-0845,2019-12-22,2024-09-26,2027-01-14,1,1
Delhi-Mumbai Expressway - Phase 4,Road Transport & Highways,NHAI,124979.15,0.78,0.49,0.22,162598.02,32.54,54603.69,PRJ-0846,2021-01-11,2026-12-11,2028-05-04,1,1
Noida International Airport (Jewar) - Phase 4,Civil Aviation,YIAPL,41400.07,0.94,0.07,0.29,56589.0,46.91,38191.62,PRJ-0847,2018-01-03,2022-04-12,2023-09-04,1,1
"New Domestic Terminal, Patna - Phase 2",Civil Aviation,AAI,1366.99,0.01,0.88,0.39,2138.73,76.17,1769.4,PRJ-0848,2019-12-23,2026-09-17,2027-10-12,1,1
Ken-Betwa River Interlinking - Phase 1,Water Resources,NWDA,47559.55,0.0,0.0,0.0,47559.55399284886,18.94,8687.38,PRJ-0849,2019-10-18,2022-08-03,2022-08-03,0,0
Ganga Expressway - Phase 3,Road Transport & Highways,UPEIDA,48684.37,0.0,0.0,0.0,48684.367990347804,52.84,35501.87,PRJ-0850,2018-07-10,2020-07-29,2020-07-29,0,0
Ganga Expressway - Phase 1,Road Transport & Highways,UPEIDA,30150.69,0.61,0.41,0.56,33318.45,48.04,15696.79,PRJ-0851,2019-07-24,2024-01-29,2025-09-20,1,1
Ganga Expressway - Phase 5,Road Transport & Highways,UPEIDA,33637.74,0.2,0.7,0.75,37189.92,92.1,29505.36,PRJ-0852,2018-09-05,2025-03-02,2026-11-22,1,1
Kudankulam Nuclear Power Plant - Phase 1,Power,NPCIL,27829.49,0.72,0.95,0.94,37935.97,13.85,6949.27,PRJ-0853,2020-08-20,2025-06-25,2028-02-10,1,1
Subansiri Lower Hydroelectric Project - Phase 5,Power,NHPC,21942.21,0.87,0.19,0.89,30867.05,76.86,30867.05,PRJ-0854,2021-09-01,2025-09-10,2027-12-29,1,1
Mumbai-Ahmedabad High Speed Rail - Phase 1,Railways,NHSRCL,62959.36,0.19,1.0,0.11,84344.71,59.41,45619.06,PRJ-0855,2019-07-18,2023-09-25,2024-08-20,1,1
Bangalore Suburban Rail Project - Phase 1,Urban Transport,K-RIDE,14516.02,0.98,0.21,0.78,17786.19,42.56,10477.0,PRJ-0856,2020-02-14,2025-02-17,2027-05-08,1,1
Delhi-Mumbai Expressway - Phase 5,Road Transport & Highways,NHAI,98166.7,0.87,0.45,0.82,158476.82,16.91,37352.08,PRJ-0857,2021-04-07,2023-08-25,2025-12-12,1,1
Kudankulam Nuclear Power Plant - Phase 5,Power,NPCIL,30981.1,0.65,0.16,0.76,47368.38,18.37,9938.31,PRJ-0858,2020-03-25,2025-08-26,2027-07-17,1,1
Chenab Railway Bridge - Phase 4,Railways,Konkan Railway,1193.94,0.62,0.53,0.62,2128.79,30.48,714.93,PRJ-0859,2019-12-21,2024-09-25,2026-07-17,1,1
Delhi-Mumbai Expressway - Phase 5,Road Transport & Highways,NHAI,104414.85,0.0,0.0,0.0,104414.84945524656,44.34,55595.14,PRJ-0860,2020-01-13,2023-08-25,2023-08-25,0,0
"New Domestic Terminal, Patna - Phase 5",Civil Aviation,AAI,1287.3,0.26,0.58,0.45,1527.96,10.19,171.65,PRJ-0861,2020-10-27,2025-04-04,2026-06-28,1,1
Zojila Tunnel - Phase 1,Road Transport & Highways,NHIDCL,9312.65,0.77,0.32,0.48,11652.83,11.23,1721.32,PRJ-0862,2019-04-17,2025-09-12,2027-05-05,1,1
Bangalore Suburban Rail Project - Phase 4,Urban Transport,K-RIDE,10181.63,0.0,0.0,0.0,10181.629167846864,14.17,1155.96,PRJ-0863,2020-06-12,2024-05-22,2024-05-22,0,0
Bharatmala Pariyojana Phase-I - Phase 3,Road Transport & Highways,NHAI,455867.86,0.76,0.5,0.73,592933.29,75.03,371995.79,PRJ-0864,2021-02-04,2024-11-15,2027-01-04,1,1
Subansiri Lower Hydroelectric Project - Phase 1,Power,NHPC,26527.79,0.21,0.03,0.88,26527.78662097691,45.29,15234.3,PRJ-0865,2020-11-28,2026-07-30,2028-02-20,0,1
Chenab Railway Bridge - Phase 4,Railways,Konkan Railway,907.31,0.69,0.91,0.32,1291.61,82.91,1015.24,PRJ-0866,2021-08-12,2027-12-09,2029-07-31,1,1
Delhi-Mumbai Expressway - Phase 2,Road Transport & Highways,NHAI,119774.8,0.0,0.0,0.0,119774.79959191784,21.58,36156.97,PRJ-0867,2019-10-20,2023-09-29,2023-09-29,0,0
Chenab Railway Bridge - Phase 1,Railways,Konkan Railway,1581.36,0.13,0.87,0.57,2563.73,46.36,1580.17,PRJ-0868,2019-08-11,2022-12-23,2024-06-15,1,1
Navi Mumbai International Airport - Phase 1,Civil Aviation,CIDCO,15340.6,0.39,0.89,0.35,17310.44,49.46,9402.08,PRJ-0869,2019-11-23,2025-08-23,2027-01-15,1,1
Chenab Railway Bridge - Phase 4,Railways,Konkan Railway,1722.4,0.64,0.51,0.29,2527.3,38.57,1068.12,PRJ-0870,2019-10-28,2024-05-04,2025-08-27,1,1
Pune Metro Rail Project - Phase 4,Urban Transport,Maha-Metro,7011.25,0.5,0.43,0.51,9135.26,80.87,7002.05,PRJ-0871,2022-01-07,2028-09-02,2030-02-24,1,1
Central Vista Redevelopment - Phase 5,Urban Development,CPWD,23799.11,0.0,0.0,0.0,23799.113779127638,11.67,3249.12,PRJ-0872,2021-12-08,2026-02-15,2026-02-15,0,0
Zojila Tunnel - Phase 5,Road Transport & Highways,NHIDCL,4321.65,0.34,0.6,0.2,4321.654241260019,24.26,1004.49,PRJ-0873,2020-05-08,2023-01-23,2024-01-18,0,1
Ganga Expressway - Phase 3,Road Transport & Highways,UPEIDA,37813.21,0.73,0.28,0.82,58442.35,20.11,12012.28,PRJ-0874,2021-12-27,2027-10-27,2029-12-15,1,1
Chenab Railway Bridge - Phase 1,Railways,Konkan Railway,833.03,0.11,0.92,0.83,1231.16,22.27,255.43,PRJ-0875,2018-10-16,2024-11-13,2026-09-04,1,1
Chenab Railway Bridge - Phase 4,Railways,Konkan Railway,1831.74,0.83,0.16,0.38,2964.37,60.99,1933.42,PRJ-0876,2021-06-17,2025-03-28,2026-09-19,1,1
Navi Mumbai International Airport - Phase 1,Civil Aviation,CIDCO,24409.95,0.3,0.02,0.92,28098.23,93.6,28098.23,PRJ-0877,2021-12-19,2024-10-04,2026-06-26,1,1
Pune Metro Rail Project - Phase 2,Urban Transport,Maha-Metro,8500.05,0.49,0.22,0.96,14300.32,8.07,1632.96,PRJ-0878,2019-11-12,2026-01-09,2028-01-29,1,1
Mumbai-Ahmedabad High Speed Rail - Phase 2,Railways,NHSRCL,97952.75,0.0,0.0,0.0,97952.75276548915,91.4,97952.75,PRJ-0879,2021-08-21,2027-11-18,2027-11-18,0,0
Zojila Tunnel - Phase 5,Road Transport & Highways,NHIDCL,6010.77,0.0,0.0,0.0,6010.765425060441,16.19,1311.08,PRJ-0880,2020-07-20,2022-09-08,2022-09-08,0,0
Zojila Tunnel - Phase 2,Road Transport & Highways,NHIDCL,3735.76,0.6,0.8,0.59,4225.98,88.53,4225.98,PRJ-0881,2019-04-17,2023-11-22,2025-10-12,1,1
Delhi-Mumbai Expressway - Phase 4,Road Transport & Highways,NHAI,71937.0,0.0,0.0,0.0,71936.99859018916,10.69,10882.53,PRJ-0882,2020-04-14,2025-06-17,2025-06-17,0,0
Zojila Tunnel - Phase 3,Road Transport & Highways,NHIDCL,5777.57,0.39,0.77,0.73,8578.09,80.32,6069.89,PRJ-0883,2020-04-30,2026-05-29,2028-04-18,1,1
Central Vista Redevelopment - Phase 1,Urban Development,CPWD,27306.11,0.5,0.59,0.01,27306.113386388926,16.44,3940.03,PRJ-0884,2021-12-15,2024-04-03,2025-01-28,0,1
Delhi-Mumbai Expressway - Phase 2,Road Transport & Highways,NHAI,65968.13,0.4,0.77,0.53,95208.88,57.41,79215.66,PRJ-0885,2018-03-18,2023-06-20,2025-01-10,1,1
Ken-Betwa River Interlinking - Phase 4,Water Resources,NWDA,53057.28,0.0,0.0,0.0,53057.282308755784,68.41,51348.38,PRJ-0886,2021-10-31,2025-12-09,2025-12-09,0,0
Bharatmala Pariyojana Phase-I - Phase 1,Road Transport & Highways,NHAI,729448.2,0.9,0.28,0.39,1182074.56,35.87,585578.44,PRJ-0887,2018-10-19,2024-12-16,2026-08-08,1,1
Ken-Betwa River Interlinking - Phase 5,Water Resources,NWDA,59597.56,0.12,0.78,0.86,68457.0,27.08,23514.48,PRJ-0888,2020-02-14,2023-04-29,2025-02-17,1,1
Zojila Tunnel - Phase 2,Road Transport & Highways,NHIDCL,3559.34,0.44,0.9,0.65,5314.05,74.14,3810.84,PRJ-0889,2019-04-29,2026-03-23,2028-02-11,1,1
"New Domestic Terminal, Patna - Phase 3",Civil Aviation,AAI,1749.24,0.23,0.53,0.58,2006.99,46.31,1283.89,PRJ-0890,2021-09-17,2023-11-06,2025-03-30,1,1
Polavaram Irrigation Project - Phase 4,Water Resources,PPA,81663.57,0.0,0.0,0.0,81663.56891534664,83.21,81320.23,PRJ-0891,2021-04-26,2028-02-19,2028-02-19,0,0
Subansiri Lower Hydroelectric Project - Phase 3,Power,NHPC,14543.11,0.0,0.0,0.0,14543.108510264092,51.81,6726.52,PRJ-0892,2020-11-22,2023-10-08,2023-10-08,0,0
Pune Metro Rail Project - Phase 3,Urban Transport,Maha-Metro,10790.01,0.23,0.61,0.56,13868.36,82.78,12070.14,PRJ-0893,2018-08-15,2023-08-19,2025-01-10,1,1
Mumbai Trans Harbour Link (MTHL) - Phase 3,Road Transport & Highways,MMRDA,22820.66,0.57,0.7,0.52,25957.61,21.34,5366.77,PRJ-0894,2021-09-19,2023-09-09,2025-05-31,1,1
Zojila Tunnel - Phase 2,Road Transport & Highways,NHIDCL,5825.13,0.01,0.43,0.62,5825.134147372688,20.47,1691.99,PRJ-0895,2020-09-28,2024-08-08,2025-10-02,0,1
Zojila Tunnel - Phase 2,Road Transport & Highways,NHIDCL,3747.89,0.0,0.0,0.0,3747.8883353947676,46.47,1917.31,PRJ-0896,2020-12-09,2026-05-12,2026-05-12,0,0
Kudankulam Nuclear Power Plant - Phase 2,Power,NPCIL,36838.87,0.91,0.25,0.64,62631.33,26.91,17401.55,PRJ-0897,2018-07-23,2023-10-25,2025-10-14,1,1
Delhi-Mumbai Expressway - Phase 5,Road Transport & Highways,NHAI,69947.11,0.75,0.27,0.22,84992.04,13.63,13681.8,PRJ-0898,2018-12-01,2023-06-08,2024-08-31,1,1
Kudankulam Nuclear Power Plant - Phase 1,Power,NPCIL,48952.19,0.96,0.28,0.88,82975.56,58.13,67410.46,PRJ-0899,2020-02-23,2023-09-05,2026-01-22,1,1
Central Vista Redevelopment - Phase 5,Urban Development,CPWD,24110.06,0.0,0.0,0.0,24110.05890814251,52.48,16251.62,PRJ-0900,2021-10-08,2024-07-24,2024-07-24,0,0
Mumbai-Ahmedabad High Speed Rail - Phase 1,Railways,NHSRCL,80865.23,0.58,0.82,0.1,144219.91,75.74,88776.25,PRJ-0901,2018-01-16,2023-11-16,2025-01-09,1,1
Ganga Expressway - Phase 5,Road Transport & Highways,UPEIDA,37001.56,0.39,0.76,0.39,66213.72,13.48,9695.54,PRJ-0902,2018-12-14,2025-08-09,2027-01-01,1,1
Delhi-Mumbai Expressway - Phase 3,Road Transport & Highways,NHAI,119274.28,0.46,0.86,0.14,197787.87,27.82,69576.23,PRJ-0903,2018-05-07,2020-09-23,2021-11-17,1,1
Chenab Railway Bridge - Phase 2,Railways,Konkan Railway,1540.2,0.85,0.77,0.5,2200.99,63.14,2078.55,PRJ-0904,2018-07-04,2022-02-13,2024-02-03,1,1
Polavaram Irrigation Project - Phase 3,Water Resources,PPA,58399.91,0.22,0.1,0.89,71530.4,25.55,26593.22,PRJ-0905,2020-02-24,2025-02-27,2026-10-20,1,1
Bangalore Suburban Rail Project - Phase 1,Urban Transport,K-RIDE,22576.1,0.08,0.3,0.79,22576.099331971596,66.92,21634.49,PRJ-0906,2021-08-15,2027-07-15,2029-01-05,0,1
Zojila Tunnel - Phase 5,Road Transport & Highways,NHIDCL,6853.37,0.52,0.2,0.95,8682.69,11.53,930.27,PRJ-0907,2020-06-05,2024-01-16,2026-02-04,1,1
Delhi-Mumbai Expressway - Phase 2,Road Transport & Highways,NHAI,52838.87,0.66,0.57,0.87,66697.84,85.27,66697.84,PRJ-0908,2018-08-11,2025-03-07,2027-06-25,1,1
Delhi-Mumbai Expressway - Phase 5,Road Transport & Highways,NHAI,119952.45,0.99,0.91,0.91,138820.9,38.74,50028.65,PRJ-0909,2018-08-21,2023-01-27,2025-11-12,1,1
Bharatmala Pariyojana Phase-I - Phase 5,Road Transport & Highways,NHAI,416899.98,0.07,0.64,0.38,416899.9808106749,39.39,144115.17,PRJ-0910,2021-06-20,2026-04-25,2027-04-20,0,1
Bangalore Suburban Rail Project - Phase 1,Urban Transport,K-RIDE,12297.58,0.47,0.54,0.62,18549.88,87.33,18549.88,PRJ-0911,2021-04-29,2023-06-18,2025-03-09,1,1
Bangalore Suburban Rail Project - Phase 3,Urban Transport,K-RIDE,10766.04,0.61,0.12,0.62,16654.71,64.28,8691.36,PRJ-0912,2022-01-23,2028-12-17,2030-08-09,1,1
Central Vista Redevelopment - Phase 4,Urban Development,CPWD,18448.29,0.0,0.0,0.0,18448.29438987929,22.19,4902.43,PRJ-0913,2021-11-03,2025-02-15,2025-02-15,0,0
Ken-Betwa River Interlinking - Phase 1,Water Resources,NWDA,42130.08,0.68,0.09,0.99,57879.46,75.47,47477.11,PRJ-0914,2019-12-31,2025-04-03,2027-06-22,1,1
Subansiri Lower Hydroelectric Project - Phase 4,Power,NHPC,18549.71,0.23,0.7,0.71,30078.34,28.11,10264.96,PRJ-0915,2018-01-24,2020-10-10,2022-06-02,1,1
Ken-Betwa River Interlinking - Phase 2,Water Resources,NWDA,44659.95,0.3,0.66,0.82,65114.25,71.49,65114.25,PRJ-0916,2018-06-15,2022-02-24,2024-01-15,1,1
Kudankulam Nuclear Power Plant - Phase 4,Power,NPCIL,32345.96,0.0,0.0,0.0,32345.959548961535,73.12,21885.2,PRJ-0917,2018-04-08,2022-05-17,2022-05-17,0,0
Subansiri Lower Hydroelectric Project - Phase 2,Power,NHPC,15333.13,0.51,0.98,0.5,27508.59,46.61,15515.86,PRJ-0918,2020-05-25,2024-09-01,2026-06-23,1,1
Bharatmala Pariyojana Phase-I - Phase 4,Road Transport & Highways,NHAI,304105.59,0.77,0.94,0.99,449677.58,72.23,427393.2,PRJ-0919,2021-12-09,2025-01-22,2027-10-09,1,1
Mumbai-Ahmedabad High Speed Rail - Phase 4,Railways,NHSRCL,67154.03,0.87,0.69,0.84,108553.23,76.18,72823.96,PRJ-0920,2020-11-14,2023-08-01,2026-01-17,1,1
Bangalore Suburban Rail Project - Phase 2,Urban Transport,K-RIDE,22408.24,0.51,0.22,0.66,38949.6,53.58,29012.1,PRJ-0921,2021-08-14,2025-03-26,2026-11-16,1,1
Chenab Railway Bridge - Phase 3,Railways,Konkan Railway,1662.14,0.0,0.0,0.0,1662.1378672414567,76.32,1662.14,PRJ-0922,2018-02-11,2020-05-01,2020-05-01,0,0
Subansiri Lower Hydroelectric Project - Phase 1,Power,NHPC,23197.48,0.28,0.59,0.32,23197.47725399889,76.44,14549.14,PRJ-0923,2019-10-05,2023-11-13,2024-12-07,0,1
Navi Mumbai International Airport - Phase 4,Civil Aviation,CIDCO,24581.32,0.23,0.33,0.78,36563.39,76.38,36563.39,PRJ-0924,2019-06-21,2022-10-03,2024-04-25,1,1
Chenab Railway Bridge - Phase 1,Railways,Konkan Railway,1432.59,0.49,0.92,0.53,1775.96,51.27,1165.58,PRJ-0925,2021-11-26,2027-06-28,2029-03-19,1,1
Bangalore Suburban Rail Project - Phase 2,Urban Transport,K-RIDE,15053.22,0.43,0.95,0.08,20767.34,21.23,6451.43,PRJ-0926,2021-03-20,2025-06-27,2026-07-22,1,1
Bangalore Suburban Rail Project - Phase 3,Urban Transport,K-RIDE,9134.16,0.28,0.93,0.38,13140.64,58.43,10321.5,PRJ-0927,2021-02-24,2027-01-24,2028-05-18,1,1
Navi Mumbai International Airport - Phase 5,Civil Aviation,CIDCO,23986.2,0.49,0.39,0.31,31943.44,60.72,20646.69,PRJ-0928,2021-08-10,2026-01-16,2027-03-12,1,1
Subansiri Lower Hydroelectric Project - Phase 2,Power,NHPC,11533.46,0.45,0.55,0.22,15939.4,72.41,15031.63,PRJ-0929,2020-02-05,2022-02-24,2023-03-21,1,1
Zojila Tunnel - Phase 4,Road Transport & Highways,NHIDCL,5072.75,0.59,0.1,0.76,7689.0,39.8,3515.54,PRJ-0930,2020-09-17,2023-12-01,2025-09-21,1,1
"New Domestic Terminal, Patna - Phase 5",Civil Aviation,AAI,952.13,0.5,0.23,0.91,1166.58,40.08,429.54,PRJ-0931,2018-08-16,2020-11-03,2022-10-24,1,1
Bharatmala Pariyojana Phase-I - Phase 4,Road Transport & Highways,NHAI,660198.46,0.78,0.28,0.11,660198.4635826318,56.05,448651.52,PRJ-0932,2021-11-19,2026-01-27,2027-03-23,0,1
Noida International Airport (Jewar) - Phase 1,Civil Aviation,YIAPL,16447.06,0.24,0.88,0.25,22350.2,87.07,22350.2,PRJ-0933,2020-09-08,2025-11-11,2026-12-06,1,1
Subansiri Lower Hydroelectric Project - Phase 1,Power,NHPC,12971.8,0.81,0.78,0.35,22248.69,53.52,16171.62,PRJ-0934,2021-12-03,2028-03-31,2029-12-21,1,1
Central Vista Redevelopment - Phase 1,Urban Development,CPWD,27328.92,0.99,0.06,0.49,36868.61,58.72,22557.08,PRJ-0935,2021-11-28,2028-10-22,2030-08-13,1,1
Central Vista Redevelopment - Phase 4,Urban Development,CPWD,10923.12,0.33,0.48,0.46,15423.72,24.37,5137.93,PRJ-0936,2018-01-26,2024-12-20,2026-04-14,1,1
Navi Mumbai International Airport - Phase 1,Civil Aviation,CIDCO,18726.42,0.48,0.87,0.34,22605.13,49.9,9765.87,PRJ-0937,2019-08-05,2025-12-31,2027-06-24,1,1
Ken-Betwa River Interlinking - Phase 2,Water Resources,NWDA,51340.97,0.25,0.71,0.52,66254.56,92.91,52356.3,PRJ-0938,2020-02-05,2025-05-09,2026-10-01,1,1
Ganga Expressway - Phase 5,Road Transport & Highways,UPEIDA,31350.38,0.72,0.81,0.75,46164.09,68.83,39939.9,PRJ-0939,2018-03-16,2024-02-13,2026-05-03,1,1
Central Vista Redevelopment - Phase 2,Urban Development,CPWD,13224.63,0.91,0.22,0.99,16012.34,31.1,7270.3,PRJ-0940,2018-03-01,2021-02-13,2023-09-01,1,1
Noida International Airport (Jewar) - Phase 4,Civil Aviation,YIAPL,31038.14,0.75,0.22,0.43,52683.19,57.83,26179.7,PRJ-0941,2020-12-21,2026-07-23,2028-02-13,1,1
Polavaram Irrigation Project - Phase 5,Water Resources,PPA,48795.61,0.0,0.0,0.0,48795.60820960081,49.33,28296.27,PRJ-0942,2020-07-25,2026-07-24,2026-07-24,0,0
Navi Mumbai International Airport - Phase 5,Civil Aviation,CIDCO,12649.31,0.48,0.72,0.59,14233.24,36.26,5764.43,PRJ-0943,2019-01-29,2023-10-05,2025-06-26,1,1
Zojila Tunnel - Phase 1,Road Transport & Highways,NHIDCL,8528.36,0.0,0.0,0.0,8528.357404229115,61.59,6704.32,PRJ-0944,2021-06-29,2026-01-04,2026-01-04,0,0
"New Domestic Terminal, Patna - Phase 2",Civil Aviation,AAI,662.64,0.3,0.71,0.07,662.6430686239765,87.37,530.43,PRJ-0945,2018-07-09,2024-01-09,2024-11-04,0,1
Central Vista Redevelopment - Phase 1,Urban Development,CPWD,19612.87,0.16,0.89,0.22,28565.22,15.27,5147.55,PRJ-0946,2018-08-25,2024-06-24,2025-06-19,1,1
Polavaram Irrigation Project - Phase 5,Water Resources,PPA,55909.4,0.0,0.0,0.0,55909.401565275984,84.99,53141.28,PRJ-0947,2018-11-08,2024-05-10,2024-05-10,0,0
Kudankulam Nuclear Power Plant - Phase 1,Power,NPCIL,20969.62,0.65,0.5,0.35,31499.18,26.5,7930.69,PRJ-0948,2018-03-24,2020-12-08,2022-06-01,1,1
Noida International Airport (Jewar) - Phase 1,Civil Aviation,YIAPL,38980.31,0.0,0.98,0.58,59987.31,41.33,32168.56,PRJ-0949,2021-07-23,2027-04-23,2028-09-14,1,1
Bharatmala Pariyojana Phase-I - Phase 2,Road Transport & Highways,NHAI,653780.29,0.43,0.52,0.93,981092.0,44.99,563770.26,PRJ-0950,2020-07-13,2027-05-08,2029-06-26,1,1
Kudankulam Nuclear Power Plant - Phase 1,Power,NPCIL,20046.52,0.21,0.5,0.75,32145.95,85.96,32145.95,PRJ-0951,2018-06-24,2020-06-13,2022-02-03,1,1
Navi Mumbai International Airport - Phase 3,Civil Aviation,CIDCO,20724.42,0.69,0.18,0.22,20724.418973049284,78.5,20724.42,PRJ-0952,2019-12-04,2023-02-16,2024-04-11,0,1
Navi Mumbai International Airport - Phase 2,Civil Aviation,CIDCO,21096.45,0.68,0.74,0.31,30749.62,29.38,9082.11,PRJ-0953,2018-09-05,2020-11-23,2022-06-16,1,1
Central Vista Redevelopment - Phase 2,Urban Development,CPWD,13618.79,0.98,0.97,0.93,24498.8,89.18,24498.8,PRJ-0954,2021-11-01,2026-08-07,2029-06-22,1,1
Navi Mumbai International Airport - Phase 4,Civil Aviation,CIDCO,18869.58,0.81,0.28,0.07,18869.579257736306,75.96,18525.56,PRJ-0955,2019-06-28,2026-04-22,2027-05-17,0,1
Mumbai-Ahmedabad High Speed Rail - Phase 1,Railways,NHSRCL,109450.21,0.75,0.87,0.71,196176.5,28.14,72349.62,PRJ-0956,2021-12-05,2024-08-21,2026-11-09,1,1
Ken-Betwa River Interlinking - Phase 4,Water Resources,NWDA,29437.22,0.0,0.0,0.0,29437.223328346507,7.95,3230.58,PRJ-0957,2021-05-13,2026-12-13,2026-12-13,0,0
Polavaram Irrigation Project - Phase 4,Water Resources,PPA,36546.27,0.1,0.86,0.67,41102.65,82.13,33921.6,PRJ-0958,2018-07-12,2022-08-20,2024-03-12,1,1
Pune Metro Rail Project - Phase 5,Urban Transport,Maha-Metro,11512.5,0.67,0.5,0.85,15507.65,93.49,13301.13,PRJ-0959,2020-07-20,2026-10-17,2029-01-04,1,1
Navi Mumbai International Airport - Phase 4,Civil Aviation,CIDCO,23722.98,0.92,0.48,0.04,35459.36,67.18,34644.27,PRJ-0960,2019-08-01,2026-04-26,2027-07-20,1,1
Navi Mumbai International Airport - Phase 2,Civil Aviation,CIDCO,10871.71,0.84,0.43,0.17,18021.66,8.77,1437.46,PRJ-0961,2019-01-21,2025-08-17,2026-12-10,1,1
Navi Mumbai International Airport - Phase 5,Civil Aviation,CIDCO,17599.03,0.69,0.41,0.57,20393.12,49.73,14861.78,PRJ-0962,2019-02-06,2024-07-09,2026-04-30,1,1
Bharatmala Pariyojana Phase-I - Phase 1,Road Transport & Highways,NHAI,731059.23,0.38,0.25,0.44,731059.2252171581,27.02,211941.39,PRJ-0963,2020-08-05,2024-11-12,2026-01-06,0,1
Pune Metro Rail Project - Phase 3,Urban Transport,Maha-Metro,9029.73,0.61,0.66,0.09,13617.37,67.64,11721.75,PRJ-0964,2018-03-24,2022-09-29,2023-10-24,1,1
Navi Mumbai International Airport - Phase 4,Civil Aviation,CIDCO,12155.5,0.13,0.35,0.86,18377.44,20.58,3480.5,PRJ-0965,2020-07-26,2023-03-13,2024-11-02,1,1
Mumbai Trans Harbour Link (MTHL) - Phase 4,Road Transport & Highways,MMRDA,14228.99,0.0,0.0,0.0,14228.993877370638,84.39,12263.51,PRJ-0966,2018-11-30,2022-06-12,2022-06-12,0,0
Zojila Tunnel - Phase 2,Road Transport & Highways,NHIDCL,5443.56,0.18,0.79,0.65,8706.92,50.72,4866.81,PRJ-0967,2019-09-10,2022-06-26,2024-01-17,1,1
Navi Mumbai International Airport - Phase 4,Civil Aviation,CIDCO,21221.23,0.5,0.94,0.58,34947.68,57.77,26171.11,PRJ-0968,2018-01-31,2020-05-20,2022-04-10,1,1
Central Vista Redevelopment - Phase 4,Urban Development,CPWD,29908.57,0.72,0.89,0.91,34965.42,77.76,23968.84,PRJ-0969,2021-05-28,2026-06-01,2028-12-17,1,1
Ganga Expressway - Phase 3,Road Transport & Highways,UPEIDA,48236.12,0.4,0.66,0.12,48236.12369262671,87.93,48236.12,PRJ-0970,2020-05-02,2026-01-31,2026-12-27,0,1
Mumbai-Ahmedabad High Speed Rail - Phase 1,Railways,NHSRCL,133490.18,0.03,0.75,0.99,176469.81,26.62,60199.71,PRJ-0971,2019-06-09,2025-05-08,2027-03-29,1,1
Navi Mumbai International Airport - Phase 4,Civil Aviation,CIDCO,22247.81,0.98,0.75,0.35,36217.17,53.74,28262.11,PRJ-0972,2018-12-01,2025-10-25,2027-09-15,1,1
Polavaram Irrigation Project - Phase 2,Water Resources,PPA,80845.87,0.11,0.54,1.0,130994.86,16.36,27511.83,PRJ-0973,2019-03-26,2025-02-22,2027-01-13,1,1
Polavaram Irrigation Project - Phase 5,Water Resources,PPA,77867.46,0.58,0.05,0.85,122183.36,88.92,104654.49,PRJ-0974,2020-09-04,2024-04-16,2026-03-07,1,1
Noida International Airport (Jewar) - Phase 3,Civil Aviation,YIAPL,34054.94,0.77,0.85,0.92,52488.53,72.55,52488.53,PRJ-0975,2018-08-07,2021-04-23,2023-11-09,1,1
Delhi-Mumbai Expressway - Phase 5,Road Transport & Highways,NHAI,61184.35,0.6,0.13,0.43,61184.34598598227,69.87,52449.89,PRJ-0976,2021-10-26,2026-01-03,2027-04-28,0,1
"New Domestic Terminal, Patna - Phase 2",Civil Aviation,AAI,953.26,0.81,0.61,0.05,1503.7,35.14,726.19,PRJ-0977,2020-07-06,2025-11-07,2027-01-31,1,1
Noida International Airport (Jewar) - Phase 5,Civil Aviation,YIAPL,31452.06,0.78,0.05,0.96,45287.65,91.12,45287.65,PRJ-0978,2019-11-11,2022-11-25,2025-02-12,1,1
Ganga Expressway - Phase 4,Road Transport & Highways,UPEIDA,39936.71,0.0,0.0,0.0,39936.71469849985,38.91,22423.36,PRJ-0979,2019-11-23,2022-01-11,2022-01-11,0,0
Polavaram Irrigation Project - Phase 1,Water Resources,PPA,63489.39,0.42,0.76,0.22,81698.79,24.68,17593.81,PRJ-0980,2020-06-21,2025-12-22,2027-02-15,1,1
Central Vista Redevelopment - Phase 4,Urban Development,CPWD,18134.12,0.42,0.56,0.64,22288.82,36.19,11445.89,PRJ-0981,2019-06-20,2023-03-31,2024-11-20,1,1
Mumbai Trans Harbour Link (MTHL) - Phase 1,Road Transport & Highways,MMRDA,20206.47,0.61,0.62,0.58,28173.21,59.93,23942.67,PRJ-0982,2019-06-12,2026-04-06,2028-01-26,1,1
Bangalore Suburban Rail Project - Phase 4,Urban Transport,K-RIDE,23493.09,0.0,0.0,0.0,23493.086490486046,42.3,11162.06,PRJ-0983,2020-11-11,2024-11-20,2024-11-20,0,0
Zojila Tunnel - Phase 2,Road Transport & Highways,NHIDCL,5027.18,0.66,0.24,0.97,7770.23,63.94,5649.1,PRJ-0984,2020-04-18,2022-10-05,2024-12-23,1,1
Ganga Expressway - Phase 3,Road Transport & Highways,UPEIDA,41605.22,0.3,0.93,0.61,53601.53,52.59,38349.71,PRJ-0985,2019-12-16,2023-09-26,2025-06-17,1,1
Ganga Expressway - Phase 1,Road Transport & Highways,UPEIDA,31402.88,0.17,0.67,0.98,42687.89,52.06,32966.08,PRJ-0986,2020-07-29,2027-05-24,2029-05-13,1,1
Ganga Expressway - Phase 3,Road Transport & Highways,UPEIDA,38731.73,0.81,0.08,0.31,38731.72990239165,29.63,15182.13,PRJ-0987,2020-08-11,2026-11-08,2028-03-02,0,1
Mumbai-Ahmedabad High Speed Rail - Phase 5,Railways,NHSRCL,115604.59,0.0,0.0,0.0,115604.58791572647,35.76,42457.37,PRJ-0988,2019-02-01,2021-01-21,2021-01-21,0,0
Mumbai-Ahmedabad High Speed Rail - Phase 5,Railways,NHSRCL,120685.82,0.93,0.93,0.98,149451.47,20.38,39390.99,PRJ-0989,2020-10-23,2024-09-02,2027-07-19,1,1
Ganga Expressway - Phase 3,Road Transport & Highways,UPEIDA,25037.11,0.87,0.43,0.54,36705.49,27.74,12726.59,PRJ-0990,2019-03-09,2023-07-16,2025-06-05,1,1
Bangalore Suburban Rail Project - Phase 3,Urban Transport,K-RIDE,15956.66,0.19,0.71,0.78,24049.99,53.66,10830.52,PRJ-0991,2019-09-08,2024-02-14,2025-11-05,1,1
Ganga Expressway - Phase 5,Road Transport & Highways,UPEIDA,21972.21,0.78,0.18,0.27,31330.28,69.16,25558.0,PRJ-0992,2020-03-26,2023-06-09,2024-10-01,1,1
Ganga Expressway - Phase 4,Road Transport & Highways,UPEIDA,44527.23,0.89,0.6,0.98,73183.19,23.83,14178.7,PRJ-0993,2019-09-08,2024-10-11,2027-05-29,1,1
Polavaram Irrigation Project - Phase 3,Water Resources,PPA,33755.83,0.71,0.57,0.99,38917.42,20.99,9269.39,PRJ-0994,2020-05-24,2026-02-22,2028-08-10,1,1
Mumbai-Ahmedabad High Speed Rail - Phase 3,Railways,NHSRCL,88169.38,0.02,0.48,0.51,88169.38304852256,91.71,83917.31,PRJ-0995,2020-08-29,2025-06-04,2026-06-29,0,1
Noida International Airport (Jewar) - Phase 1,Civil Aviation,YIAPL,30837.24,0.22,0.8,0.91,36585.63,42.37,22407.85,PRJ-0996,2019-07-04,2023-03-15,2025-03-04,1,1
Bangalore Suburban Rail Project - Phase 2,Urban Transport,K-RIDE,10151.7,0.94,0.61,0.88,15231.32,31.71,6335.04,PRJ-0997,2020-03-15,2024-10-20,2027-05-08,1,1
Ken-Betwa River Interlinking - Phase 1,Water Resources,NWDA,32232.63,0.45,0.91,1.0,51538.3,74.09,51538.3,PRJ-0998,2018-04-07,2023-12-07,2026-04-25,1,1
Polavaram Irrigation Project - Phase 2,Water Resources,PPA,54063.36,0.13,0.85,0.41,77367.08,17.09,16439.85,PRJ-0999,2018-03-20,2024-01-18,2025-04-12,1,1
Mumbai-Ahmedabad High Speed Rail - Phase 2,Railways,NHSRCL,128908.35,0.87,0.49,0.79,145857.45,56.03,92758.33,PRJ-1000,2018-03-10,2021-10-20,2024-02-07,1,1
Pune Metro Rail Project - Phase 5,Urban Transport,Maha-Metro,8307.73,0.26,0.93,0.43,10744.42,52.62,8210.93,PRJ-1001,2021-02-27,2027-09-24,2029-02-15,1,1
Pune Metro Rail Project - Phase 5,Urban Transport,Maha-Metro,12786.37,0.67,0.44,0.03,12786.366239046332,28.52,4993.37,PRJ-1002,2018-01-18,2023-12-18,2024-12-12,0,1
Polavaram Irrigation Project - Phase 2,Water Resources,PPA,48780.58,0.62,0.36,0.78,62406.94,28.92,15513.34,PRJ-1003,2020-10-28,2025-10-02,2027-09-22,1,1
Mumbai Trans Harbour Link (MTHL) - Phase 1,Road Transport & Highways,MMRDA,19209.78,0.0,0.0,0.0,19209.776817709328,6.04,1670.91,PRJ-1004,2022-01-06,2028-09-01,2028-09-01,0,0
Chenab Railway Bridge - Phase 5,Railways,Konkan Railway,1812.63,0.89,0.15,0.83,3149.1,74.92,2594.06,PRJ-1005,2019-02-08,2021-10-25,2024-01-13,1,1
Noida International Airport (Jewar) - Phase 4,Civil Aviation,YIAPL,41998.99,0.38,0.82,0.86,62273.21,51.29,46878.57,PRJ-1006,2021-07-19,2026-09-21,2028-10-10,1,1
Subansiri Lower Hydroelectric Project - Phase 1,Power,NHPC,19324.59,0.38,0.66,0.84,31694.71,67.25,30064.76,PRJ-1007,2020-01-14,2022-08-31,2024-08-20,1,1
Bharatmala Pariyojana Phase-I - Phase 2,Road Transport & Highways,NHAI,746461.32,0.67,0.6,0.26,1098001.76,80.57,1098001.76,PRJ-1008,2020-11-20,2025-09-25,2027-02-17,1,1
Polavaram Irrigation Project - Phase 5,Water Resources,PPA,82086.84,0.18,0.73,0.76,109448.26,83.07,100517.05,PRJ-1009,2021-11-09,2024-12-23,2026-09-14,1,1
Subansiri Lower Hydroelectric Project - Phase 1,Power,NHPC,29775.08,0.22,0.63,0.41,38548.77,72.86,23645.07,PRJ-1010,2020-09-27,2023-02-14,2024-04-09,1,1
Central Vista Redevelopment - Phase 4,Urban Development,CPWD,14341.73,0.41,0.55,0.83,17132.39,72.44,11515.78,PRJ-1011,2019-08-30,2026-05-25,2028-05-14,1,1
Bangalore Suburban Rail Project - Phase 3,Urban Transport,K-RIDE,15156.51,0.41,0.48,0.62,19256.39,53.06,9863.94,PRJ-1012,2020-11-24,2024-11-03,2026-05-27,1,1
Chenab Railway Bridge - Phase 5,Railways,Konkan Railway,1708.16,0.42,0.51,0.4,2368.03,31.63,1082.05,PRJ-1013,2019-05-09,2025-05-07,2026-08-30,1,1
Mumbai Trans Harbour Link (MTHL) - Phase 2,Road Transport & Highways,MMRDA,26473.57,0.13,0.47,0.96,30773.09,22.85,8979.5,PRJ-1014,2019-02-24,2025-03-24,2027-01-13,1,1
Delhi-Mumbai Expressway - Phase 1,Road Transport & Highways,NHAI,126071.25,0.08,0.99,0.47,195940.62,73.67,183687.95,PRJ-1015,2018-11-11,2024-10-10,2026-02-02,1,1
Chenab Railway Bridge - Phase 4,Railways,Konkan Railway,1310.47,0.58,0.26,0.77,1482.6,58.58,1205.66,PRJ-1016,2019-06-12,2026-04-06,2028-02-25,1,1
"New Domestic Terminal, Patna - Phase 1",Civil Aviation,AAI,1229.09,0.9,0.96,0.07,2125.01,47.84,1308.96,PRJ-1017,2020-11-21,2026-04-24,2027-10-16,1,1
Bharatmala Pariyojana Phase-I - Phase 1,Road Transport & Highways,NHAI,672425.59,0.79,0.11,0.17,672425.5930433738,62.43,486190.01,PRJ-1018,2018-09-26,2025-03-23,2026-05-17,0,1
Navi Mumbai International Airport - Phase 5,Civil Aviation,CIDCO,24435.35,0.05,0.55,0.48,24435.34772157701,33.9,11516.08,PRJ-1019,2020-09-13,2023-11-27,2024-12-21,0,1
Noida International Airport (Jewar) - Phase 5,Civil Aviation,YIAPL,34724.39,0.6,0.82,0.5,42249.79,62.19,31410.23,PRJ-1020,2021-01-13,2024-09-24,2026-06-16,1,1
Delhi-Mumbai Expressway - Phase 3,Road Transport & Highways,NHAI,68652.28,0.46,0.38,0.54,75887.35,76.29,75887.35,PRJ-1021,2021-10-18,2025-10-27,2027-04-20,1,1
Pune Metro Rail Project - Phase 2,Urban Transport,Maha-Metro,8280.84,0.49,0.23,0.44,8280.838278652274,33.34,3282.87,PRJ-1022,2019-11-09,2022-04-27,2023-08-20,0,1
Pune Metro Rail Project - Phase 2,Urban Transport,Maha-Metro,8043.07,0.0,0.0,0.0,8043.073490630001,25.58,2341.11,PRJ-1023,2021-08-28,2028-03-24,2028-03-24,0,0
Mumbai Trans Harbour Link (MTHL) - Phase 4,Road Transport & Highways,MMRDA,26530.19,0.79,0.61,0.97,44094.84,28.84,18737.39,PRJ-1024,2019-09-10,2022-06-26,2025-01-11,1,1
"New Domestic Terminal, Patna - Phase 1",Civil Aviation,AAI,998.46,0.57,0.7,0.09,1340.71,82.43,1340.71,PRJ-1025,2018-01-02,2021-04-16,2022-05-11,1,1
Bharatmala Pariyojana Phase-I - Phase 1,Road Transport & Highways,NHAI,606577.06,0.45,0.13,0.57,606577.0589666909,41.8,250814.76,PRJ-1026,2019-01-04,2021-07-22,2022-12-14,0,1
Subansiri Lower Hydroelectric Project - Phase 4,Power,NHPC,27913.88,0.31,0.85,0.66,34482.92,73.56,27745.24,PRJ-1027,2021-07-23,2026-12-24,2028-09-14,1,1
Delhi-Mumbai Expressway - Phase 3,Road Transport & Highways,NHAI,98045.3,0.88,0.58,0.67,119274.67,31.56,55008.23,PRJ-1028,2019-10-02,2024-01-09,2026-03-29,1,1
Mumbai Trans Harbour Link (MTHL) - Phase 3,Road Transport & Highways,MMRDA,9602.88,0.16,0.04,0.85,9602.882696774457,34.04,3936.67,PRJ-1029,2019-01-14,2021-04-03,2022-09-25,0,1
Zojila Tunnel - Phase 1,Road Transport & Highways,NHIDCL,6798.56,0.91,0.55,0.93,9286.47,75.22,8763.68,PRJ-1030,2020-02-15,2026-01-14,2028-08-01,1,1
Ganga Expressway - Phase 4,Road Transport & Highways,UPEIDA,38783.09,0.09,0.13,0.81,38783.094100559334,79.01,38783.09,PRJ-1031,2021-04-12,2025-09-18,2027-02-10,0,1
Delhi-Mumbai Expressway - Phase 4,Road Transport & Highways,NHAI,59724.48,0.12,0.51,0.57,98364.19,86.13,98364.19,PRJ-1032,2021-04-13,2026-06-16,2027-09-09,1,1
Mumbai-Ahmedabad High Speed Rail - Phase 2,Railways,NHSRCL,149774.59,0.83,0.83,0.54,214412.43,5.37,10864.3,PRJ-1033,2019-06-06,2025-03-06,2027-03-26,1,1
Central Vista Redevelopment - Phase 3,Urban Development,CPWD,11512.23,0.58,0.21,0.42,18504.71,71.21,13761.89,PRJ-1034,2019-07-10,2021-09-27,2023-01-20,1,1
Chenab Railway Bridge - Phase 1,Railways,Konkan Railway,1637.09,0.84,0.32,0.28,2435.78,69.8,1541.05,PRJ-1035,2019-09-18,2026-02-13,2027-08-07,1,1
Ganga Expressway - Phase 1,Road Transport & Highways,UPEIDA,29838.19,0.0,0.0,0.0,29838.187002350773,79.97,29838.19,PRJ-1036,2021-06-05,2024-08-18,2024-08-18,0,0
Kudankulam Nuclear Power Plant - Phase 1,Power,NPCIL,22101.24,0.04,0.58,0.52,22101.24152150734,23.42,5195.85,PRJ-1037,2020-06-19,2026-05-19,2027-07-13,0,1
Zojila Tunnel - Phase 2,Road Transport & Highways,NHIDCL,8047.41,0.88,0.84,0.22,14048.42,51.05,8674.99,PRJ-1038,2021-02-07,2026-06-11,2028-02-01,1,1
Navi Mumbai International Airport - Phase 5,Civil Aviation,CIDCO,15806.69,0.67,0.91,0.38,19002.28,6.32,1222.26,PRJ-1039,2021-07-17,2027-02-16,2028-11-07,1,1
Polavaram Irrigation Project - Phase 4,Water Resources,PPA,43783.02,0.81,0.69,0.51,72013.73,24.48,18312.57,PRJ-1040,2018-12-08,2024-06-09,2026-04-30,1,1
Mumbai-Ahmedabad High Speed Rail - Phase 1,Railways,NHSRCL,105783.67,0.0,0.0,0.0,105783.66798764151,82.16,78604.39,PRJ-1041,2021-12-04,2027-07-06,2027-07-06,0,0
Kudankulam Nuclear Power Plant - Phase 1,Power,NPCIL,59371.62,0.14,0.8,0.63,105125.58,63.92,54659.52,PRJ-1042,2021-10-31,2028-08-25,2030-02-16,1,1
Ken-Betwa River Interlinking - Phase 1,Water Resources,NWDA,23827.67,0.05,0.78,0.68,27867.26,80.04,26774.76,PRJ-1043,2019-03-10,2025-03-08,2026-08-30,1,1
Noida International Airport (Jewar) - Phase 4,Civil Aviation,YIAPL,39460.47,0.92,0.97,0.63,62835.08,81.49,62835.08,PRJ-1044,2019-10-29,2023-04-11,2025-08-28,1,1
Navi Mumbai International Airport - Phase 1,Civil Aviation,CIDCO,12491.76,0.77,0.96,0.62,14919.35,5.63,1082.09,PRJ-1045,2019-03-31,2025-09-25,2027-12-14,1,1
Mumbai Trans Harbour Link (MTHL) - Phase 1,Road Transport & Highways,MMRDA,19492.35,0.71,0.0,0.31,19492.354448030113,82.1,18946.11,PRJ-1046,2022-01-20,2027-11-20,2029-02-12,0,1
Ganga Expressway - Phase 2,Road Transport & Highways,UPEIDA,24000.84,0.63,0.52,0.06,30775.54,68.86,20354.76,PRJ-1047,2021-01-23,2025-12-28,2026-12-23,1,1
Delhi-Mumbai Expressway - Phase 3,Road Transport & Highways,NHAI,132296.04,0.28,0.68,0.69,215253.72,52.6,152306.16,PRJ-1048,2021-07-30,2023-11-17,2025-07-09,1,1
Polavaram Irrigation Project - Phase 4,Water Resources,PPA,60575.07,0.67,0.69,0.51,86268.1,40.08,50299.08,PRJ-1049,2018-03-28,2022-01-06,2023-10-28,1,1
Mumbai-Ahmedabad High Speed Rail - Phase 3,Railways,NHSRCL,146825.41,0.0,0.0,0.0,146825.41342645691,82.71,146825.41,PRJ-1050,2021-12-05,2027-12-04,2027-12-04,0,0
Delhi-Mumbai Expressway - Phase 4,Road Transport & Highways,NHAI,130739.7,0.21,0.37,0.56,130739.70101052694,51.31,70492.44,PRJ-1051,2019-11-27,2022-07-14,2023-10-07,0,1
Bangalore Suburban Rail Project - Phase 3,Urban Transport,K-RIDE,12142.88,0.48,0.83,0.85,17074.75,35.11,5385.9,PRJ-1052,2018-02-13,2023-01-18,2025-03-08,1,1
Noida International Airport (Jewar) - Phase 5,Civil Aviation,YIAPL,30699.14,0.82,0.4,0.34,46127.93,53.54,36015.04,PRJ-1053,2019-05-23,2023-09-29,2025-04-21,1,1
Subansiri Lower Hydroelectric Project - Phase 1,Power,NHPC,17351.96,0.78,0.18,0.65,28941.69,91.87,28941.69,PRJ-1054,2018-12-21,2022-08-02,2024-06-22,1,1
Ganga Expressway - Phase 3,Road Transport & Highways,UPEIDA,33987.15,0.18,0.69,0.86,52910.94,30.86,19104.8,PRJ-1055,2021-10-17,2027-05-19,2029-03-09,1,1
Navi Mumbai International Airport - Phase 2,Civil Aviation,CIDCO,21889.43,0.81,0.53,0.7,31447.49,65.82,23362.36,PRJ-1056,2020-07-04,2023-02-19,2025-04-09,1,1
Navi Mumbai International Airport - Phase 4,Civil Aviation,CIDCO,19979.61,0.0,0.0,0.0,19979.607919249356,74.63,12785.51,PRJ-1057,2020-08-03,2023-06-19,2023-06-19,0,0
Noida International Airport (Jewar) - Phase 5,Civil Aviation,YIAPL,28812.22,0.58,0.36,0.11,28812.215902443335,54.96,15423.91,PRJ-1058,2021-08-24,2027-04-25,2028-04-19,0,1
Noida International Airport (Jewar) - Phase 5,Civil Aviation,YIAPL,24399.67,0.59,0.09,0.54,30727.15,31.34,10536.22,PRJ-1059,2020-12-31,2027-02-28,2028-08-21,1,1
Mumbai Trans Harbour Link (MTHL) - Phase 2,Road Transport & Highways,MMRDA,24906.04,0.45,0.72,0.62,40421.66,58.17,31574.78,PRJ-1060,2018-07-15,2022-09-22,2024-06-13,1,1
Pune Metro Rail Project - Phase 1,Urban Transport,Maha-Metro,14222.9,0.26,0.86,0.75,16446.21,22.03,4816.3,PRJ-1061,2018-11-08,2024-11-06,2026-08-28,1,1
Mumbai Trans Harbour Link (MTHL) - Phase 4,Road Transport & Highways,MMRDA,15708.25,0.93,0.9,0.41,19745.09,47.98,8988.85,PRJ-1062,2020-02-11,2023-08-24,2025-09-12,1,1
Polavaram Irrigation Project - Phase 2,Water Resources,PPA,41544.9,0.22,0.85,0.8,66771.48,41.5,26236.44,PRJ-1063,2020-09-18,2023-06-05,2025-04-25,1,1
Chenab Railway Bridge - Phase 4,Railways,Konkan Railway,1758.66,0.96,0.34,0.34,2007.39,10.86,224.7,PRJ-1064,2021-03-08,2023-03-28,2024-11-17,1,1
Subansiri Lower Hydroelectric Project - Phase 5,Power,NHPC,18356.7,0.81,0.32,0.84,24387.84,52.03,10321.88,PRJ-1065,2021-09-05,2023-12-24,2026-03-13,1,1
Zojila Tunnel - Phase 1,Road Transport & Highways,NHIDCL,4164.8,0.42,0.59,0.98,7232.87,14.9,1595.52,PRJ-1066,2021-05-04,2027-09-30,2029-12-18,1,1
Mumbai Trans Harbour Link (MTHL) - Phase 5,Road Transport & Highways,MMRDA,20684.18,0.25,0.4,0.62,33728.35,66.0,29795.75,PRJ-1067,2020-04-19,2025-10-20,2027-03-14,1,1
Pune Metro Rail Project - Phase 4,Urban Transport,Maha-Metro,7040.15,0.4,0.51,0.74,7838.94,67.01,7665.55,PRJ-1068,2018-02-08,2022-03-19,2024-01-08,1,1
Mumbai-Ahmedabad High Speed Rail - Phase 5,Railways,NHSRCL,55001.86,0.88,0.92,0.12,72147.5,87.35,72147.5,PRJ-1069,2018-06-28,2021-01-13,2022-08-06,1,1
Mumbai Trans Harbour Link (MTHL) - Phase 3,Road Transport & Highways,MMRDA,24409.71,0.99,0.81,0.29,28853.13,25.8,7903.79,PRJ-1070,2019-02-08,2024-10-09,2026-07-31,1,1
Mumbai Trans Harbour Link (MTHL) - Phase 2,Road Transport & Highways,MMRDA,26028.32,0.06,0.66,0.37,26028.320852511963,20.44,6989.28,PRJ-1071,2020-04-07,2024-06-15,2025-06-10,0,1
Ganga Expressway - Phase 2,Road Transport & Highways,UPEIDA,33303.07,0.89,0.57,0.88,37060.41,25.69,13165.01,PRJ-1072,2020-08-28,2026-11-25,2029-06-12,1,1
Bangalore Suburban Rail Project - Phase 5,Urban Transport,K-RIDE,22717.54,0.88,0.49,0.07,39253.71,15.05,6075.33,PRJ-1073,2018-10-19,2021-08-04,2022-10-28,1,1
Central Vista Redevelopment - Phase 4,Urban Development,CPWD,26963.47,0.0,0.0,0.0,26963.474986328,56.17,20091.18,PRJ-1074,2020-05-23,2022-09-10,2022-09-10,0,0
Pune Metro Rail Project - Phase 4,Urban Transport,Maha-Metro,16478.23,0.78,0.99,0.01,28324.54,29.95,11965.6,PRJ-1075,2019-11-11,2024-11-14,2026-03-09,1,1
Central Vista Redevelopment - Phase 5,Urban Development,CPWD,23924.94,0.98,0.05,0.59,32946.13,82.22,22028.48,PRJ-1076,2019-05-08,2024-08-09,2026-06-30,1,1
Navi Mumbai International Airport - Phase 3,Civil Aviation,CIDCO,12357.85,0.55,0.1,0.68,15755.88,17.57,2695.03,PRJ-1077,2021-10-13,2025-05-25,2027-01-15,1,1
Mumbai-Ahmedabad High Speed Rail - Phase 1,Railways,NHSRCL,150201.87,0.45,0.45,0.34,248486.63,40.94,90751.8,PRJ-1078,2020-06-15,2026-01-15,2027-04-10,1,1
Delhi-Mumbai Expressway - Phase 1,Road Transport & Highways,NHAI,75602.52,0.52,0.23,0.26,75602.51563177923,69.09,75602.52,PRJ-1079,2019-03-17,2022-11-26,2023-12-21,0,1
Ganga Expressway - Phase 4,Road Transport & Highways,UPEIDA,25398.66,0.94,0.72,0.06,37801.93,18.37,10369.65,PRJ-1080,2019-09-26,2023-09-05,2025-01-27,1,1
Noida International Airport (Jewar) - Phase 3,Civil Aviation,YIAPL,37787.55,0.56,0.42,0.76,65936.47,16.85,10656.07,PRJ-1081,2020-08-13,2026-06-13,2028-05-03,1,1
Noida International Airport (Jewar) - Phase 5,Civil Aviation,YIAPL,33523.28,0.86,0.43,0.4,47977.49,12.53,5794.52,PRJ-1082,2018-12-20,2021-07-07,2023-03-29,1,1
Central Vista Redevelopment - Phase 4,Urban Development,CPWD,28329.21,0.37,0.71,0.19,33293.81,22.83,11155.1,PRJ-1083,2020-09-27,2024-08-07,2025-09-01,1,1
Ganga Expressway - Phase 3,Road Transport & Highways,UPEIDA,46136.1,0.0,0.0,0.0,46136.095218353876,66.37,37326.91,PRJ-1084,2021-07-24,2024-06-08,2024-06-08,0,0
Chenab Railway Bridge - Phase 2,Railways,Konkan Railway,1527.75,0.69,0.78,0.46,2542.61,20.66,511.39,PRJ-1085,2021-01-27,2024-07-10,2026-05-01,1,1
"New Domestic Terminal, Patna - Phase 4",Civil Aviation,AAI,1652.37,0.52,0.91,0.41,2328.63,64.58,1967.9,PRJ-1086,2020-06-19,2025-02-23,2026-09-16,1,1
Ganga Expressway - Phase 3,Road Transport & Highways,UPEIDA,25604.31,0.78,0.02,0.97,45691.39,71.79,43007.77,PRJ-1087,2019-05-21,2023-04-30,2025-07-18,1,1
Pune Metro Rail Project - Phase 1,Urban Transport,Maha-Metro,8874.97,0.58,0.21,0.87,14842.67,32.64,4086.39,PRJ-1088,2019-07-01,2024-01-06,2025-12-26,1,1
Zojila Tunnel - Phase 2,Road Transport & Highways,NHIDCL,7025.19,0.0,0.0,0.0,7025.1850150856635,67.09,6702.45,PRJ-1089,2018-03-05,2022-08-11,2022-08-11,0,0
"New Domestic Terminal, Patna - Phase 2",Civil Aviation,AAI,1140.67,0.43,0.41,0.87,1647.58,88.47,1459.06,PRJ-1090,2019-10-04,2026-01-30,2028-01-20,1,1
Delhi-Mumbai Expressway - Phase 1,Road Transport & Highways,NHAI,121202.42,0.8,0.67,0.01,189341.62,18.92,43506.95,PRJ-1091,2019-10-27,2026-01-23,2027-03-19,1,1
Pune Metro Rail Project - Phase 1,Urban Transport,Maha-Metro,11658.13,0.0,0.0,0.0,11658.126301772785,70.59,8517.27,PRJ-1092,2018-05-15,2023-01-19,2023-01-19,0,0
Pune Metro Rail Project - Phase 1,Urban Transport,Maha-Metro,15239.56,0.74,0.12,0.23,15239.559698338222,34.75,5976.97,PRJ-1093,2021-06-17,2025-09-24,2026-11-18,0,1
Central Vista Redevelopment - Phase 1,Urban Development,CPWD,23354.62,0.02,0.81,0.29,23354.61506971513,36.25,12443.81,PRJ-1094,2020-05-22,2026-05-21,2027-04-16,0,1
Zojila Tunnel - Phase 5,Road Transport & Highways,NHIDCL,3412.85,0.96,0.06,0.54,5655.53,78.27,3680.37,PRJ-1095,2018-09-25,2024-11-22,2026-09-13,1,1
Polavaram Irrigation Project - Phase 1,Water Resources,PPA,81496.33,0.52,0.89,0.65,108077.04,48.07,42106.09,PRJ-1096,2020-07-22,2024-05-02,2026-04-22,1,1
Noida International Airport (Jewar) - Phase 2,Civil Aviation,YIAPL,33963.66,0.8,0.07,0.53,44614.11,18.45,7554.2,PRJ-1097,2021-06-13,2024-11-24,2026-07-17,1,1
Ganga Expressway - Phase 2,Road Transport & Highways,UPEIDA,33038.43,0.71,0.9,0.15,57363.51,31.07,23173.83,PRJ-1098,2021-05-16,2026-02-19,2027-07-14,1,1
Subansiri Lower Hydroelectric Project - Phase 2,Power,NHPC,14947.8,0.0,0.0,0.0,14947.799297652062,84.28,12777.4,PRJ-1099,2018-12-19,2022-04-02,2022-04-02,0,0
Bharatmala Pariyojana Phase-I - Phase 4,Road Transport & Highways,NHAI,698754.3,0.64,0.35,0.54,963394.03,37.04,365213.86,PRJ-1100,2020-03-30,2026-03-29,2027-11-19,1,1
Delhi-Mumbai Expressway - Phase 5,Road Transport & Highways,NHAI,110166.15,0.27,0.71,0.04,110166.15217893086,87.4,88985.05,PRJ-1101,2021-04-10,2026-08-12,2027-05-09,0,1
Mumbai Trans Harbour Link (MTHL) - Phase 2,Road Transport & Highways,MMRDA,26498.99,0.32,0.16,0.74,37917.74,17.96,6606.45,PRJ-1102,2019-05-07,2023-07-15,2025-02-04,1,1
Ken-Betwa River Interlinking - Phase 4,Water Resources,NWDA,60740.54,0.18,0.85,0.6,96107.08,54.13,76751.64,PRJ-1103,2019-05-31,2023-12-06,2025-06-28,1,1
Mumbai-Ahmedabad High Speed Rail - Phase 4,Railways,NHSRCL,125320.07,0.6,0.92,0.1,213703.04,68.05,196041.46,PRJ-1104,2021-04-05,2025-02-13,2026-05-09,1,1
Zojila Tunnel - Phase 3,Road Transport & Highways,NHIDCL,7671.39,0.61,0.24,0.57,13660.73,58.9,11890.48,PRJ-1105,2020-07-21,2025-03-27,2026-10-18,1,1
Bangalore Suburban Rail Project - Phase 3,Urban Transport,K-RIDE,8538.86,0.07,0.83,0.91,14809.8,12.87,2776.88,PRJ-1106,2020-04-02,2024-02-11,2026-01-01,1,1
Navi Mumbai International Airport - Phase 1,Civil Aviation,CIDCO,16848.97,0.0,0.0,0.0,16848.96587677613,88.16,16848.97,PRJ-1107,2021-04-10,2027-08-07,2027-08-07,0,0
Kudankulam Nuclear Power Plant - Phase 1,Power,NPCIL,53283.46,0.49,0.39,1.0,66726.06,53.72,28913.36,PRJ-1108,2020-08-08,2027-05-04,2029-07-22,1,1
Central Vista Redevelopment - Phase 3,Urban Development,CPWD,19980.55,0.0,0.0,0.0,19980.54916152167,7.99,1573.45,PRJ-1109,2018-11-16,2025-09-10,2025-09-10,0,0
Chenab Railway Bridge - Phase 4,Railways,Konkan Railway,2039.83,0.69,0.97,0.03,3456.52,65.94,2772.64,PRJ-1110,2021-10-16,2025-12-24,2027-03-19,1,1
Central Vista Redevelopment - Phase 3,Urban Development,CPWD,23844.8,0.25,0.95,0.79,33206.92,79.03,27168.8,PRJ-1111,2020-06-20,2023-12-02,2025-11-21,1,1
Subansiri Lower Hydroelectric Project - Phase 5,Power,NHPC,22225.4,0.31,0.73,0.6,26519.51,74.79,23742.39,PRJ-1112,2018-01-30,2021-08-12,2023-03-05,1,1
Polavaram Irrigation Project - Phase 1,Water Resources,PPA,65498.62,0.73,0.32,0.15,89408.25,44.33,48980.56,PRJ-1113,2021-02-21,2027-09-18,2028-11-11,1,1
Polavaram Irrigation Project - Phase 2,Water Resources,PPA,79076.35,0.0,0.0,0.0,79076.35351298483,72.52,79076.35,PRJ-1114,2021-11-20,2023-12-10,2023-12-10,0,0
Navi Mumbai International Airport - Phase 4,Civil Aviation,CIDCO,16065.11,0.12,1.0,0.92,24839.34,60.04,21196.36,PRJ-1115,2018-09-23,2025-04-19,2027-04-09,1,1
Chenab Railway Bridge - Phase 1,Railways,Konkan Railway,2056.72,0.21,0.75,0.36,2360.37,48.63,1227.2,PRJ-1116,2018-04-29,2021-08-11,2022-10-05,1,1
Polavaram Irrigation Project - Phase 5,Water Resources,PPA,52188.15,0.83,0.08,0.32,68876.14,23.34,21649.71,PRJ-1117,2020-06-13,2024-10-20,2026-03-14,1,1
Mumbai-Ahmedabad High Speed Rail - Phase 3,Railways,NHSRCL,158924.61,0.85,0.97,0.59,253784.72,8.47,19096.6,PRJ-1118,2021-02-11,2025-11-17,2028-02-05,1,1
Subansiri Lower Hydroelectric Project - Phase 5,Power,NHPC,13686.87,0.74,0.69,0.61,21731.51,24.25,4898.11,PRJ-1119,2019-01-19,2021-04-08,2023-04-28,1,1
Mumbai-Ahmedabad High Speed Rail - Phase 4,Railways,NHSRCL,104897.94,0.0,0.0,0.0,104897.93945437737,66.55,89208.67,PRJ-1120,2018-03-02,2024-02-29,2024-02-29,0,0
Subansiri Lower Hydroelectric Project - Phase 1,Power,NHPC,28359.08,0.83,0.31,0.19,50835.14,49.07,35855.48,PRJ-1121,2018-06-15,2023-11-16,2025-03-10,1,1
Pune Metro Rail Project - Phase 1,Urban Transport,Maha-Metro,13957.74,0.0,0.0,0.0,13957.739868086317,9.78,1326.86,PRJ-1122,2021-09-14,2027-03-17,2027-03-17,0,0
Mumbai-Ahmedabad High Speed Rail - Phase 2,Railways,NHSRCL,91412.36,0.87,0.09,0.17,91412.35705753224,27.92,33447.55,PRJ-1123,2021-07-17,2023-07-07,2024-09-29,0,1
Navi Mumbai International Airport - Phase 3,Civil Aviation,CIDCO,21618.54,0.89,0.04,0.47,38493.46,32.49,12478.19,PRJ-1124,2018-08-29,2024-02-29,2025-10-21,1,1
Mumbai-Ahmedabad High Speed Rail - Phase 4,Railways,NHSRCL,96925.11,0.79,0.1,0.9,173409.71,50.13,109985.48,PRJ-1125,2018-03-28,2020-09-13,2022-12-02,1,1
Noida International Airport (Jewar) - Phase 1,Civil Aviation,YIAPL,33934.7,0.85,0.15,0.25,42956.42,33.79,12884.29,PRJ-1126,2021-02-27,2026-08-30,2027-12-23,1,1
Central Vista Redevelopment - Phase 2,Urban Development,CPWD,18032.63,0.36,0.46,0.36,18032.63096438016,56.62,14902.34,PRJ-1127,2019-07-22,2021-07-11,2022-09-04,0,1
Kudankulam Nuclear Power Plant - Phase 1,Power,NPCIL,38551.07,0.85,0.83,0.4,52032.93,89.29,46224.76,PRJ-1128,2018-02-05,2022-05-15,2024-04-04,1,1
Ganga Expressway - Phase 1,Road Transport & Highways,UPEIDA,41302.17,0.73,0.43,0.65,72689.29,46.21,31752.16,PRJ-1129,2019-02-17,2026-01-11,2027-12-02,1,1
Ken-Betwa River Interlinking - Phase 3,Water Resources,NWDA,65799.16,0.0,0.0,0.0,65799.1589692486,6.61,6159.21,PRJ-1130,2020-05-07,2022-08-25,2022-08-25,0,0
Mumbai-Ahmedabad High Speed Rail - Phase 2,Railways,NHSRCL,80853.7,0.89,0.11,0.65,108828.41,85.87,105371.6,PRJ-1131,2021-01-10,2027-01-09,2028-12-29,1,1
Zojila Tunnel - Phase 2,Road Transport & Highways,NHIDCL,5618.05,0.48,0.74,0.9,10013.23,83.55,10013.23,PRJ-1132,2018-03-26,2021-10-06,2023-12-25,1,1
Bharatmala Pariyojana Phase-I - Phase 4,Road Transport & Highways,NHAI,292620.02,0.0,0.33,0.7,292620.0218529954,45.37,168839.37,PRJ-1133,2020-06-06,2023-01-22,2024-04-16,0,1
Ganga Expressway - Phase 2,Road Transport & Highways,UPEIDA,46004.83,0.11,0.71,0.68,72717.82,86.86,59481.41,PRJ-1134,2020-06-18,2026-03-19,2027-09-10,1,1
"New Domestic Terminal, Patna - Phase 5",Civil Aviation,AAI,1369.82,0.82,0.68,0.37,2433.6,23.81,571.7,PRJ-1135,2021-04-24,2024-03-09,2025-11-29,1,1
Bharatmala Pariyojana Phase-I - Phase 5,Road Transport & Highways,NHAI,731178.29,0.56,0.8,0.19,1011970.42,29.28,283421.63,PRJ-1136,2021-09-28,2024-05-15,2025-08-08,1,1
Navi Mumbai International Airport - Phase 3,Civil Aviation,CIDCO,20191.83,0.28,0.12,0.99,35644.69,26.56,10813.88,PRJ-1137,2020-11-14,2023-03-04,2024-12-23,1,1
Noida International Airport (Jewar) - Phase 2,Civil Aviation,YIAPL,32277.5,0.72,0.26,0.91,43556.58,68.57,37597.81,PRJ-1138,2019-02-13,2021-03-04,2023-05-23,1,1
Mumbai Trans Harbour Link (MTHL) - Phase 2,Road Transport & Highways,MMRDA,24786.41,0.27,0.55,0.64,38932.31,86.95,38932.31,PRJ-1139,2021-09-14,2024-05-31,2025-12-22,1,1
Noida International Airport (Jewar) - Phase 2,Civil Aviation,YIAPL,28099.9,0.73,0.34,0.22,46871.33,50.47,29105.16,PRJ-1140,2019-06-30,2024-08-02,2025-10-26,1,1
Mumbai-Ahmedabad High Speed Rail - Phase 5,Railways,NHSRCL,106452.29,0.0,0.0,0.0,106452.28827362337,65.36,65541.32,PRJ-1141,2021-04-17,2026-03-22,2026-03-22,0,0
"New Domestic Terminal, Patna - Phase 4",Civil Aviation,AAI,831.07,0.0,0.0,0.0,831.0723609816137,32.06,291.26,PRJ-1142,2018-05-31,2023-12-31,2023-12-31,0,0
Subansiri Lower Hydroelectric Project - Phase 4,Power,NHPC,28431.78,0.8,1.0,0.31,49657.58,28.8,12080.75,PRJ-1143,2021-10-03,2024-07-19,2026-05-10,1,1
Ken-Betwa River Interlinking - Phase 3,Water Resources,NWDA,32019.86,0.94,0.68,0.74,49698.06,46.02,29947.22,PRJ-1144,2018-03-01,2020-11-15,2023-04-04,1,1
Bangalore Suburban Rail Project - Phase 2,Urban Transport,K-RIDE,17304.65,0.0,0.0,0.0,17304.65393028816,63.26,15051.4,PRJ-1145,2022-01-09,2026-05-18,2026-05-18,0,0
Noida International Airport (Jewar) - Phase 3,Civil Aviation,YIAPL,15701.42,0.59,0.6,0.06,19753.99,55.23,12502.47,PRJ-1146,2018-02-02,2020-04-22,2021-04-17,1,1
"New Domestic Terminal, Patna - Phase 2",Civil Aviation,AAI,952.9,0.0,0.0,0.0,952.8999275959329,76.22,646.29,PRJ-1147,2020-08-20,2024-01-02,2024-01-02,0,0
Kudankulam Nuclear Power Plant - Phase 4,Power,NPCIL,25276.58,0.44,0.54,0.38,39428.83,59.57,20756.23,PRJ-1148,2022-01-12,2027-07-15,2028-11-06,1,1
Central Vista Redevelopment - Phase 1,Urban Development,CPWD,14665.44,0.6,0.5,0.36,16973.06,57.32,7927.16,PRJ-1149,2019-09-21,2025-06-21,2026-11-13,1,1
Central Vista Redevelopment - Phase 4,Urban Development,CPWD,28052.07,0.4,0.85,0.31,39813.89,24.8,9367.91,PRJ-1150,2021-06-19,2024-08-02,2025-11-25,1,1
Pune Metro Rail Project - Phase 5,Urban Transport,Maha-Metro,15995.62,0.0,0.0,0.0,15995.61894354391,84.22,13052.45,PRJ-1151,2018-01-15,2022-10-21,2022-10-21,0,0
"New Domestic Terminal, Patna - Phase 3",Civil Aviation,AAI,1664.9,0.43,0.92,0.03,2275.12,57.11,1360.23,PRJ-1152,2018-11-12,2023-03-21,2024-03-15,1,1
Mumbai-Ahmedabad High Speed Rail - Phase 4,Railways,NHSRCL,77217.01,0.62,0.9,0.11,123319.6,61.57,70530.94,PRJ-1153,2019-08-23,2023-07-03,2024-09-25,1,1
Polavaram Irrigation Project - Phase 4,Water Resources,PPA,33857.37,0.0,0.0,0.0,33857.36534140972,24.18,10611.27,PRJ-1154,2021-04-16,2025-05-25,2025-05-25,0,0
Ken-Betwa River Interlinking - Phase 1,Water Resources,NWDA,64779.89,0.0,0.0,0.0,64779.889345998155,90.61,64779.89,PRJ-1155,2018-05-31,2024-01-30,2024-01-30,0,0
Kudankulam Nuclear Power Plant - Phase 1,Power,NPCIL,57807.28,0.0,0.0,0.0,57807.284697286224,11.92,7279.03,PRJ-1156,2019-12-02,2025-06-03,2025-06-03,0,0
Central Vista Redevelopment - Phase 5,Urban Development,CPWD,17960.45,0.53,0.06,0.84,25791.78,83.74,25791.78,PRJ-1157,2018-08-28,2023-06-03,2025-03-24,1,1
Noida International Airport (Jewar) - Phase 2,Civil Aviation,YIAPL,28925.74,0.13,0.73,0.77,45456.63,36.45,23338.95,PRJ-1158,2020-07-04,2026-03-05,2027-10-26,1,1
Delhi-Mumbai Expressway - Phase 4,Road Transport & Highways,NHAI,95588.01,0.47,0.4,0.3,95588.01049222116,33.69,40180.1,PRJ-1159,2018-06-29,2020-08-17,2021-10-11,0,1
"New Domestic Terminal, Patna - Phase 2",Civil Aviation,AAI,894.66,0.0,0.0,0.0,894.6635995950013,19.51,188.88,PRJ-1160,2020-08-17,2024-07-27,2024-07-27,0,0
Navi Mumbai International Airport - Phase 3,Civil Aviation,CIDCO,22555.27,0.45,0.22,0.55,28293.43,87.29,21666.66,PRJ-1161,2019-02-17,2025-02-15,2026-07-10,1,1
Mumbai-Ahmedabad High Speed Rail - Phase 3,Railways,NHSRCL,143958.39,0.66,0.43,0.91,170065.36,65.88,90341.44,PRJ-1162,2020-12-17,2026-08-18,2028-11-05,1,1
Ken-Betwa River Interlinking - Phase 4,Water Resources,NWDA,39221.52,0.04,0.27,0.78,39221.521338432794,67.08,23152.27,PRJ-1163,2018-07-05,2021-06-19,2022-11-11,0,1
Pune Metro Rail Project - Phase 3,Urban Transport,Maha-Metro,9587.32,0.0,0.0,0.0,9587.322571476245,59.58,8362.17,PRJ-1164,2018-07-15,2024-07-13,2024-07-13,0,0
Mumbai Trans Harbour Link (MTHL) - Phase 1,Road Transport & Highways,MMRDA,26234.8,0.75,0.97,0.48,40573.68,68.6,27952.5,PRJ-1165,2021-01-08,2024-02-22,2026-02-11,1,1
Pune Metro Rail Project - Phase 3,Urban Transport,Maha-Metro,10322.11,0.85,0.72,0.2,11837.99,48.31,5021.48,PRJ-1166,2019-02-12,2022-03-28,2023-10-19,1,1
Navi Mumbai International Airport - Phase 3,Civil Aviation,CIDCO,13400.91,0.0,0.0,0.0,13400.911351541916,83.39,11339.93,PRJ-1167,2018-01-19,2024-09-14,2024-09-14,0,0
Central Vista Redevelopment - Phase 5,Urban Development,CPWD,12234.71,0.8,0.67,0.51,20855.35,25.66,5832.27,PRJ-1168,2018-02-18,2022-11-24,2024-10-14,1,1
Mumbai-Ahmedabad High Speed Rail - Phase 4,Railways,NHSRCL,110019.41,0.66,0.63,0.98,139058.14,58.95,82014.48,PRJ-1169,2020-11-22,2027-09-17,2030-03-05,1,1
Mumbai Trans Harbour Link (MTHL) - Phase 1,Road Transport & Highways,MMRDA,13436.01,0.07,0.77,0.26,13436.006846627408,67.74,8943.52,PRJ-1170,2021-07-29,2027-09-26,2028-08-21,0,1
Zojila Tunnel - Phase 5,Road Transport & Highways,NHIDCL,5421.37,0.07,0.85,0.31,6384.5,49.39,3228.77,PRJ-1171,2020-02-20,2022-12-06,2023-12-01,1,1
Noida International Airport (Jewar) - Phase 2,Civil Aviation,YIAPL,21629.43,0.87,0.75,0.9,32869.5,20.58,10100.12,PRJ-1172,2020-06-27,2023-12-09,2026-07-26,1,1
Delhi-Mumbai Expressway - Phase 5,Road Transport & Highways,NHAI,73956.34,0.11,0.8,0.99,86034.42,79.85,60231.08,PRJ-1173,2019-01-08,2020-12-28,2022-12-18,1,1
Bharatmala Pariyojana Phase-I - Phase 4,Road Transport & Highways,NHAI,285776.16,0.17,0.43,1.0,408136.96,50.84,220853.69,PRJ-1174,2018-09-16,2021-06-02,2023-04-23,1,1
Mumbai Trans Harbour Link (MTHL) - Phase 2,Road Transport & Highways,MMRDA,24327.12,0.0,0.0,0.0,24327.11635241671,90.18,20798.89,PRJ-1175,2018-08-14,2023-07-19,2023-07-19,0,0
Zojila Tunnel - Phase 5,Road Transport & Highways,NHIDCL,8443.01,0.03,0.43,0.83,9347.51,93.18,9347.51,PRJ-1176,2020-01-04,2023-04-18,2024-10-09,1,1
Pune Metro Rail Project - Phase 4,Urban Transport,Maha-Metro,7804.77,0.96,0.12,0.47,10424.75,11.03,1233.14,PRJ-1177,2021-11-02,2025-06-14,2027-03-06,1,1
Chenab Railway Bridge - Phase 3,Railways,Konkan Railway,1213.1,0.42,0.18,0.41,1213.0956286785522,39.98,615.33,PRJ-1178,2018-04-15,2024-01-14,2025-03-09,0,1
Central Vista Redevelopment - Phase 3,Urban Development,CPWD,12546.06,0.69,0.38,0.04,12546.055343331811,15.36,2367.91,PRJ-1179,2021-01-26,2026-05-30,2027-05-25,0,1
Bharatmala Pariyojana Phase-I - Phase 4,Road Transport & Highways,NHAI,387310.98,0.49,0.46,0.82,519051.01,28.98,144800.98,PRJ-1180,2021-06-23,2027-07-22,2029-07-11,1,1
Bharatmala Pariyojana Phase-I - Phase 5,Road Transport & Highways,NHAI,715526.5,0.56,0.9,0.92,1072566.95,44.46,580752.48,PRJ-1181,2020-06-04,2024-12-10,2027-04-29,1,1
Mumbai-Ahmedabad High Speed Rail - Phase 5,Railways,NHSRCL,75666.18,0.71,0.63,0.45,115094.2,71.9,114373.24,PRJ-1182,2019-08-24,2025-03-25,2026-12-15,1,1
Mumbai Trans Harbour Link (MTHL) - Phase 1,Road Transport & Highways,MMRDA,16115.17,0.0,0.0,0.0,16115.165158550588,91.37,15423.09,PRJ-1183,2018-07-19,2022-04-29,2022-04-29,0,0
Mumbai Trans Harbour Link (MTHL) - Phase 4,Road Transport & Highways,MMRDA,24503.23,0.0,0.0,0.0,24503.232200818748,10.98,2235.86,PRJ-1184,2019-03-27,2026-01-19,2026-01-19,0,0
Zojila Tunnel - Phase 5,Road Transport & Highways,NHIDCL,4836.92,0.96,0.78,0.88,7382.33,81.64,5924.12,PRJ-1185,2020-02-27,2023-04-12,2025-12-27,1,1
Zojila Tunnel - Phase 4,Road Transport & Highways,NHIDCL,6013.74,0.07,0.67,0.99,9981.61,91.66,8491.0,PRJ-1186,2020-08-20,2023-10-04,2025-08-24,1,1
Bharatmala Pariyojana Phase-I - Phase 1,Road Transport & Highways,NHAI,339910.35,0.69,0.02,0.87,398561.58,67.3,303419.91,PRJ-1187,2021-08-27,2025-09-05,2027-09-25,1,1
"New Domestic Terminal, Patna - Phase 4",Civil Aviation,AAI,1118.56,0.45,0.29,0.54,1542.46,8.38,181.81,PRJ-1188,2018-09-20,2021-09-04,2023-01-27,1,1
Noida International Airport (Jewar) - Phase 3,Civil Aviation,YIAPL,19495.21,0.0,0.0,0.0,19495.205173943974,36.18,6431.84,PRJ-1189,2018-03-25,2021-01-08,2021-01-08,0,0
Central Vista Redevelopment - Phase 2,Urban Development,CPWD,22142.77,0.82,0.78,0.4,33699.29,28.21,9506.58,PRJ-1190,2021-11-24,2027-08-25,2029-06-15,1,1
Pune Metro Rail Project - Phase 4,Urban Transport,Maha-Metro,9859.56,0.21,0.95,0.48,13717.59,53.89,8954.39,PRJ-1191,2019-02-19,2022-05-04,2023-09-26,1,1
Chenab Railway Bridge - Phase 2,Railways,Konkan Railway,1441.79,0.56,0.98,0.88,2103.78,84.61,1445.91,PRJ-1192,2021-11-12,2028-02-09,2030-06-28,1,1
Bharatmala Pariyojana Phase-I - Phase 1,Road Transport & Highways,NHAI,545394.42,0.38,0.81,0.94,673632.36,19.83,136754.14,PRJ-1193,2018-06-29,2021-11-10,2024-01-29,1,1
Mumbai-Ahmedabad High Speed Rail - Phase 2,Railways,NHSRCL,60341.61,0.87,0.24,0.98,76375.25,46.23,29367.65,PRJ-1194,2020-03-07,2026-09-02,2029-02-18,1,1
Ganga Expressway - Phase 1,Road Transport & Highways,UPEIDA,40044.9,0.61,0.78,0.57,52817.25,92.64,52817.25,PRJ-1195,2018-02-21,2020-04-11,2022-03-02,1,1
Kudankulam Nuclear Power Plant - Phase 5,Power,NPCIL,51303.2,0.71,0.77,0.86,63693.84,67.52,50574.11,PRJ-1196,2019-09-19,2024-09-22,2027-02-09,1,1
Bharatmala Pariyojana Phase-I - Phase 1,Road Transport & Highways,NHAI,556451.09,0.13,0.12,1.0,990512.99,25.76,342562.82,PRJ-1197,2019-12-03,2025-05-05,2027-01-25,1,1
Ken-Betwa River Interlinking - Phase 2,Water Resources,NWDA,38480.1,0.83,0.1,0.82,48551.15,15.84,6367.13,PRJ-1198,2018-07-16,2025-01-10,2027-03-01,1,1
Ganga Expressway - Phase 4,Road Transport & Highways,UPEIDA,45157.85,0.0,0.0,0.0,45157.853573275795,65.29,38113.46,PRJ-1199,2020-02-22,2025-03-27,2025-03-27,0,0
Central Vista Redevelopment - Phase 3,Urban Development,CPWD,29185.29,0.58,0.47,0.21,33585.94,93.68,33585.94,PRJ-1200,2020-05-05,2026-04-04,2027-05-29,1,1
Noida International Airport (Jewar) - Phase 1,Civil Aviation,YIAPL,23915.64,0.48,0.88,0.37,42006.41,65.36,40422.22,PRJ-1201,2019-02-03,2022-02-17,2023-08-11,1,1
Kudankulam Nuclear Power Plant - Phase 4,Power,NPCIL,30063.76,0.9,0.03,0.87,51453.04,20.43,9609.48,PRJ-1202,2019-05-12,2024-07-14,2026-10-02,1,1
Kudankulam Nuclear Power Plant - Phase 5,Power,NPCIL,22207.55,0.53,0.53,0.31,26099.64,67.17,14673.73,PRJ-1203,2019-06-20,2026-01-14,2027-05-09,1,1
Mumbai Trans Harbour Link (MTHL) - Phase 1,Road Transport & Highways,MMRDA,12134.25,0.52,0.32,0.66,21574.72,86.26,21574.72,PRJ-1204,2021-11-22,2028-02-19,2029-11-10,1,1
Ganga Expressway - Phase 1,Road Transport & Highways,UPEIDA,52464.16,0.0,0.0,0.0,52464.15989171557,35.27,15955.24,PRJ-1205,2019-12-11,2025-11-09,2025-11-09,0,0
Pune Metro Rail Project - Phase 4,Urban Transport,Maha-Metro,16882.37,0.78,0.14,0.41,24819.85,69.52,16880.66,PRJ-1206,2020-10-09,2027-08-04,2029-01-25,1,1
Chenab Railway Bridge - Phase 4,Railways,Konkan Railway,929.2,0.43,0.64,0.48,1408.7,85.37,1408.7,PRJ-1207,2022-02-01,2025-10-13,2027-04-06,1,1
Mumbai-Ahmedabad High Speed Rail - Phase 4,Railways,NHSRCL,151520.85,0.7,0.17,0.79,194062.79,31.69,83452.72,PRJ-1208,2018-08-22,2025-07-16,2027-07-06,1,1
Mumbai-Ahmedabad High Speed Rail - Phase 2,Railways,NHSRCL,73582.31,0.07,0.48,0.87,99904.63,92.23,99904.63,PRJ-1209,2021-10-08,2026-01-15,2027-09-07,1,1
Chenab Railway Bridge - Phase 5,Railways,Konkan Railway,1134.68,0.0,0.0,0.0,1134.6824282012933,83.09,1083.22,PRJ-1210,2018-08-10,2023-10-13,2023-10-13,0,0
Subansiri Lower Hydroelectric Project - Phase 4,Power,NHPC,29097.71,0.0,0.0,0.0,29097.709464597305,25.9,9852.35,PRJ-1211,2021-03-15,2024-09-25,2024-09-25,0,0
Mumbai-Ahmedabad High Speed Rail - Phase 2,Railways,NHSRCL,153086.99,0.05,0.71,0.5,191538.66,73.55,169949.74,PRJ-1212,2021-12-21,2027-11-20,2029-01-13,1,1
Ganga Expressway - Phase 5,Road Transport & Highways,UPEIDA,44923.24,0.0,0.0,0.0,44923.237368064176,91.48,44923.24,PRJ-1213,2019-02-09,2025-02-07,2025-02-07,0,0
Pune Metro Rail Project - Phase 5,Urban Transport,Maha-Metro,15898.53,0.67,0.83,0.5,27277.3,36.27,10719.21,PRJ-1214,2020-04-28,2027-03-23,2029-02-10,1,1
Delhi-Mumbai Expressway - Phase 1,Road Transport & Highways,NHAI,100176.4,0.48,0.41,0.76,144971.34,83.22,144971.34,PRJ-1215,2018-04-13,2021-11-23,2023-09-14,1,1
Bangalore Suburban Rail Project - Phase 2,Urban Transport,K-RIDE,13357.29,0.0,0.0,0.0,13357.289454808188,63.87,11009.49,PRJ-1216,2021-05-29,2027-10-25,2027-10-25,0,0
Polavaram Irrigation Project - Phase 3,Water Resources,PPA,68921.1,0.11,0.77,1.0,106005.38,42.52,45830.48,PRJ-1217,2021-03-20,2023-10-06,2025-09-25,1,1
Chenab Railway Bridge - Phase 2,Railways,Konkan Railway,999.17,0.0,0.93,0.24,999.1666891012715,45.06,638.49,PRJ-1218,2021-02-01,2023-01-22,2023-11-18,0,1
Ganga Expressway - Phase 2,Road Transport & Highways,UPEIDA,53504.81,0.21,0.46,0.56,68456.77,38.91,34554.54,PRJ-1219,2020-09-06,2026-05-08,2027-08-31,1,1
Bharatmala Pariyojana Phase-I - Phase 5,Road Transport & Highways,NHAI,330836.61,0.76,0.59,0.15,412530.8,32.15,133116.45,PRJ-1220,2018-06-12,2024-10-08,2026-01-31,1,1
Ganga Expressway - Phase 2,Road Transport & Highways,UPEIDA,51837.13,0.0,0.0,0.0,51837.13357888862,35.03,26237.71,PRJ-1221,2018-09-14,2022-04-26,2022-04-26,0,0
"New Domestic Terminal, Patna - Phase 2",Civil Aviation,AAI,865.84,0.9,0.1,0.18,865.8419705379641,35.04,303.43,PRJ-1222,2021-10-24,2025-01-06,2026-04-01,0,1
Navi Mumbai International Airport - Phase 4,Civil Aviation,CIDCO,21358.68,0.61,0.3,0.46,29964.12,69.8,29964.12,PRJ-1223,2021-05-02,2025-03-12,2026-09-03,1,1
Mumbai Trans Harbour Link (MTHL) - Phase 1,Road Transport & Highways,MMRDA,15546.35,0.37,0.81,0.36,26421.2,79.73,26421.2,PRJ-1224,2018-03-30,2022-09-05,2023-12-29,1,1
Chenab Railway Bridge - Phase 2,Railways,Konkan Railway,1031.45,0.0,0.0,0.0,1031.4533885246706,87.89,1031.45,PRJ-1225,2018-12-29,2024-01-02,2024-01-02,0,0
Pune Metro Rail Project - Phase 5,Urban Transport,Maha-Metro,6474.75,0.36,0.39,1.0,10465.12,49.3,5191.41,PRJ-1226,2021-11-05,2025-03-19,2027-04-08,1,1
Kudankulam Nuclear Power Plant - Phase 4,Power,NPCIL,38634.16,0.8,0.67,0.43,69460.32,34.66,33460.74,PRJ-1227,2019-06-28,2025-03-28,2027-01-17,1,1
Chenab Railway Bridge - Phase 2,Railways,Konkan Railway,1825.78,0.94,0.29,0.7,3095.58,84.32,3095.58,PRJ-1228,2019-03-02,2022-12-11,2025-01-29,1,1
Delhi-Mumbai Expressway - Phase 5,Road Transport & Highways,NHAI,106566.15,0.0,0.0,0.0,106566.15139797563,52.64,58278.6,PRJ-1229,2020-11-28,2026-05-01,2026-05-01,0,0
Zojila Tunnel - Phase 4,Road Transport & Highways,NHIDCL,7570.93,0.0,0.0,0.0,7570.929403473987,29.8,2081.42,PRJ-1230,2022-01-25,2026-01-04,2026-01-04,0,0
Bangalore Suburban Rail Project - Phase 5,Urban Transport,K-RIDE,22181.37,0.38,0.81,0.65,32479.53,67.66,32104.65,PRJ-1231,2019-03-31,2024-12-29,2026-10-20,1,1
Navi Mumbai International Airport - Phase 4,Civil Aviation,CIDCO,12206.24,0.98,0.8,0.82,16327.46,16.66,2757.06,PRJ-1232,2020-06-09,2024-05-19,2027-01-04,1,1
Kudankulam Nuclear Power Plant - Phase 3,Power,NPCIL,41961.34,0.72,0.04,0.37,41961.3378604169,54.49,31785.34,PRJ-1233,2020-07-15,2026-08-13,2027-12-06,0,1
Mumbai-Ahmedabad High Speed Rail - Phase 4,Railways,NHSRCL,94393.06,0.51,0.3,0.39,147220.94,71.39,85353.5,PRJ-1234,2018-09-26,2021-08-11,2022-11-04,1,1
Mumbai-Ahmedabad High Speed Rail - Phase 5,Railways,NHSRCL,155520.51,0.47,0.94,0.44,224718.78,19.33,44164.97,PRJ-1235,2021-09-27,2026-12-30,2028-08-21,1,1
Delhi-Mumbai Expressway - Phase 5,Road Transport & Highways,NHAI,91166.74,0.41,0.94,0.97,117966.54,46.84,55806.56,PRJ-1236,2018-09-11,2024-03-13,2026-07-31,1,1
Noida International Airport (Jewar) - Phase 4,Civil Aviation,YIAPL,19894.26,0.24,0.57,0.77,34960.55,28.11,14517.3,PRJ-1237,2018-05-27,2023-06-30,2025-03-21,1,1
Navi Mumbai International Airport - Phase 3,Civil Aviation,CIDCO,24645.14,0.47,0.65,0.55,40090.89,48.22,24600.11,PRJ-1238,2021-02-25,2027-10-22,2029-06-13,1,1
Ken-Betwa River Interlinking - Phase 1,Water Resources,NWDA,55026.08,0.46,0.05,0.9,97183.31,20.2,16057.59,PRJ-1239,2020-08-16,2027-02-11,2028-12-02,1,1
Polavaram Irrigation Project - Phase 2,Water Resources,PPA,65922.99,0.67,0.12,0.28,65922.98905245603,52.93,31211.7,PRJ-1240,2018-03-30,2024-03-28,2025-05-22,0,1
Central Vista Redevelopment - Phase 5,Urban Development,CPWD,18364.79,0.32,0.51,0.3,18364.790037879724,37.76,6848.5,PRJ-1241,2019-01-10,2023-07-18,2024-08-11,0,1
Subansiri Lower Hydroelectric Project - Phase 1,Power,NHPC,26092.19,0.95,0.84,0.44,30569.96,66.38,19743.46,PRJ-1242,2018-06-24,2020-11-10,2022-11-30,1,1
Zojila Tunnel - Phase 2,Road Transport & Highways,NHIDCL,5904.74,0.88,0.98,0.41,6594.54,17.8,1152.55,PRJ-1243,2018-04-24,2023-10-25,2025-10-14,1,1
Ganga Expressway - Phase 4,Road Transport & Highways,UPEIDA,47779.56,0.03,0.41,0.88,55456.87,39.72,17920.37,PRJ-1244,2018-11-11,2021-06-28,2023-01-19,1,1
Polavaram Irrigation Project - Phase 5,Water Resources,PPA,31069.14,0.95,0.21,0.09,52188.23,94.59,40809.68,PRJ-1245,2019-05-30,2024-04-03,2025-06-27,1,1
Navi Mumbai International Airport - Phase 4,Civil Aviation,CIDCO,10317.27,0.93,0.13,0.09,10317.27072763422,35.42,4279.75,PRJ-1246,2019-03-28,2023-03-07,2024-04-30,0,1
Chenab Railway Bridge - Phase 3,Railways,Konkan Railway,1840.42,0.0,0.0,0.0,1840.4224907780263,28.95,592.31,PRJ-1247,2018-03-25,2023-12-24,2023-12-24,0,0
Mumbai Trans Harbour Link (MTHL) - Phase 5,Road Transport & Highways,MMRDA,17145.9,0.96,0.74,0.68,27421.38,86.09,27421.38,PRJ-1248,2018-04-14,2023-12-14,2026-05-02,1,1
Central Vista Redevelopment - Phase 2,Urban Development,CPWD,24658.56,0.0,0.0,0.0,24658.562390076764,42.9,14318.93,PRJ-1249,2020-03-23,2023-01-07,2023-01-07,0,0
Polavaram Irrigation Project - Phase 2,Water Resources,PPA,79045.73,0.72,0.98,0.44,133215.78,37.35,72799.8,PRJ-1250,2020-06-11,2025-11-12,2027-10-03,1,1
Kudankulam Nuclear Power Plant - Phase 2,Power,NPCIL,58436.09,0.23,0.41,0.49,58436.08877749653,56.22,36733.22,PRJ-1251,2018-07-21,2023-08-24,2024-11-16,0,1
Kudankulam Nuclear Power Plant - Phase 2,Power,NPCIL,37307.52,0.0,0.0,0.0,37307.51981739028,83.84,31962.61,PRJ-1252,2019-01-09,2025-09-04,2025-09-04,0,0
Subansiri Lower Hydroelectric Project - Phase 4,Power,NHPC,10923.08,0.59,0.41,1.0,17737.19,77.14,17737.19,PRJ-1253,2021-09-18,2026-06-24,2028-10-11,1,1
Central Vista Redevelopment - Phase 2,Urban Development,CPWD,23031.44,0.0,0.0,0.0,23031.43812143438,10.64,2561.61,PRJ-1254,2018-08-05,2022-04-16,2022-04-16,0,0
Kudankulam Nuclear Power Plant - Phase 4,Power,NPCIL,29367.96,0.02,0.81,0.32,29367.95900126356,16.45,5552.79,PRJ-1255,2020-04-05,2025-12-05,2026-10-31,0,1
Ganga Expressway - Phase 3,Road Transport & Highways,UPEIDA,46267.27,0.0,0.0,0.0,46267.27179971562,56.43,26488.85,PRJ-1256,2020-10-05,2023-08-21,2023-08-21,0,0
Kudankulam Nuclear Power Plant - Phase 3,Power,NPCIL,54885.24,0.68,0.18,0.19,54885.23813591772,67.8,47987.48,PRJ-1257,2021-02-13,2024-06-27,2025-07-22,0,1
Bharatmala Pariyojana Phase-I - Phase 1,Road Transport & Highways,NHAI,382534.48,0.0,0.0,0.0,382534.4796331319,44.85,196773.09,PRJ-1258,2019-10-24,2024-08-28,2024-08-28,0,0
Zojila Tunnel - Phase 2,Road Transport & Highways,NHIDCL,10184.19,0.81,0.82,0.89,16539.85,83.07,16539.85,PRJ-1259,2020-07-18,2023-10-01,2026-04-18,1,1
Mumbai-Ahmedabad High Speed Rail - Phase 1,Railways,NHSRCL,132629.44,0.38,0.13,0.86,159957.11,54.26,115865.25,PRJ-1260,2019-03-08,2023-01-16,2024-10-07,1,1
Ganga Expressway - Phase 4,Road Transport & Highways,UPEIDA,27575.02,0.75,0.59,0.83,37867.08,33.93,11013.96,PRJ-1261,2018-05-22,2020-07-10,2022-10-28,1,1
Navi Mumbai International Airport - Phase 2,Civil Aviation,CIDCO,10884.3,0.51,0.78,0.2,13348.68,85.71,12425.28,PRJ-1262,2021-04-13,2026-02-16,2027-05-12,1,1
Pune Metro Rail Project - Phase 5,Urban Transport,Maha-Metro,15608.29,0.63,0.19,0.82,25473.51,51.37,13644.42,PRJ-1263,2021-03-05,2024-07-17,2026-07-07,1,1
Mumbai-Ahmedabad High Speed Rail - Phase 1,Railways,NHSRCL,126985.87,0.72,0.73,0.77,184368.51,92.68,184368.51,PRJ-1264,2021-12-23,2027-07-25,2029-10-12,1,1
Polavaram Irrigation Project - Phase 3,Water Resources,PPA,60009.87,0.75,0.34,0.32,91196.07,62.98,79753.99,PRJ-1265,2018-05-02,2023-05-06,2024-09-27,1,1
"New Domestic Terminal, Patna - Phase 4",Civil Aviation,AAI,1030.36,0.3,0.81,0.72,1607.14,82.47,1607.14,PRJ-1266,2020-06-22,2025-05-27,2027-03-18,1,1
Zojila Tunnel - Phase 3,Road Transport & Highways,NHIDCL,7649.36,0.33,0.55,0.26,7649.3587867754095,48.91,4306.26,PRJ-1267,2022-01-17,2028-08-13,2029-08-08,0,1
Mumbai-Ahmedabad High Speed Rail - Phase 5,Railways,NHSRCL,158379.36,0.0,0.0,0.0,158379.36001983436,81.1,158379.36,PRJ-1268,2019-05-24,2021-10-10,2021-10-10,0,0
Ken-Betwa River Interlinking - Phase 5,Water Resources,NWDA,45480.75,0.0,0.0,0.0,45480.753599293384,56.73,28554.3,PRJ-1269,2018-12-22,2022-12-31,2022-12-31,0,0
Pune Metro Rail Project - Phase 1,Urban Transport,Maha-Metro,14320.29,0.69,0.54,0.49,18531.17,63.17,15030.09,PRJ-1270,2021-10-15,2026-09-19,2028-06-10,1,1
Pune Metro Rail Project - Phase 1,Urban Transport,Maha-Metro,9142.55,0.92,0.83,0.85,15546.18,91.14,15546.18,PRJ-1271,2018-08-18,2022-02-28,2024-10-15,1,1
Zojila Tunnel - Phase 1,Road Transport & Highways,NHIDCL,4810.91,0.66,0.86,0.03,8410.37,18.05,1950.38,PRJ-1272,2021-10-12,2025-11-20,2027-01-14,1,1
Central Vista Redevelopment - Phase 5,Urban Development,CPWD,10857.55,0.02,0.33,0.92,18117.75,50.42,8422.56,PRJ-1273,2020-11-27,2026-05-30,2027-12-21,1,1
Pune Metro Rail Project - Phase 4,Urban Transport,Maha-Metro,10002.43,0.0,0.0,0.0,10002.427510234395,34.04,4091.42,PRJ-1274,2021-12-21,2024-04-09,2024-04-09,0,0
Delhi-Mumbai Expressway - Phase 2,Road Transport & Highways,NHAI,74254.65,0.0,0.0,0.0,74254.64910984061,63.14,64021.54,PRJ-1275,2020-07-14,2026-12-10,2026-12-10,0,0
Chenab Railway Bridge - Phase 5,Railways,Konkan Railway,1262.68,0.0,0.0,0.0,1262.6833049024935,21.65,378.68,PRJ-1276,2020-08-12,2027-04-08,2027-04-08,0,0
Bharatmala Pariyojana Phase-I - Phase 3,Road Transport & Highways,NHAI,567875.11,0.03,0.71,0.93,911286.67,42.07,311776.76,PRJ-1277,2021-07-17,2027-02-16,2028-12-07,1,1
Polavaram Irrigation Project - Phase 2,Water Resources,PPA,69339.79,0.0,0.0,0.0,69339.79204028891,10.76,9150.26,PRJ-1278,2021-03-26,2023-04-15,2023-04-15,0,0
Ganga Expressway - Phase 4,Road Transport & Highways,UPEIDA,48084.56,0.78,0.66,0.03,67772.0,88.32,67772.0,PRJ-1279,2020-11-16,2025-07-23,2026-10-16,1,1
Chenab Railway Bridge - Phase 4,Railways,Konkan Railway,1134.29,0.99,0.07,0.86,1841.01,12.28,311.7,PRJ-1280,2018-02-27,2020-07-16,2022-11-03,1,1
Ken-Betwa River Interlinking - Phase 1,Water Resources,NWDA,24381.8,0.65,0.67,0.75,38195.25,30.21,14122.44,PRJ-1281,2019-12-14,2022-05-02,2024-06-20,1,1
"New Domestic Terminal, Patna - Phase 1",Civil Aviation,AAI,1504.95,0.38,0.97,0.34,1736.81,16.48,356.3,PRJ-1282,2021-10-19,2027-03-22,2028-08-13,1,1
Polavaram Irrigation Project - Phase 1,Water Resources,PPA,68136.22,0.76,0.29,0.95,122522.03,57.74,77841.6,PRJ-1283,2019-06-11,2023-05-21,2025-10-07,1,1
Ganga Expressway - Phase 1,Road Transport & Highways,UPEIDA,35438.29,0.85,0.21,0.0,35438.29046369537,29.19,12070.69,PRJ-1284,2018-08-12,2023-12-14,2024-12-08,0,1
Mumbai Trans Harbour Link (MTHL) - Phase 4,Road Transport & Highways,MMRDA,24481.14,0.98,0.81,0.29,36526.36,7.81,3952.81,PRJ-1285,2021-08-18,2025-07-28,2027-05-19,1,1
Ken-Betwa River Interlinking - Phase 2,Water Resources,NWDA,29321.7,0.05,0.66,0.55,34312.15,39.44,14048.74,PRJ-1286,2019-06-26,2023-11-02,2025-01-25,1,1
Bharatmala Pariyojana Phase-I - Phase 5,Road Transport & Highways,NHAI,325325.76,0.49,0.86,0.05,558126.78,22.69,119386.56,PRJ-1287,2019-08-16,2021-09-04,2022-08-30,1,1
Bharatmala Pariyojana Phase-I - Phase 5,Road Transport & Highways,NHAI,322332.01,0.63,0.1,0.78,567870.69,35.14,237408.19,PRJ-1288,2020-03-29,2025-03-03,2027-01-22,1,1
Polavaram Irrigation Project - Phase 3,Water Resources,PPA,81425.82,0.29,0.08,0.86,114405.55,74.6,110323.02,PRJ-1289,2018-02-08,2023-09-10,2025-05-02,1,1
Navi Mumbai International Airport - Phase 2,Civil Aviation,CIDCO,19320.86,0.82,0.99,0.63,29578.94,28.21,11119.28,PRJ-1290,2020-10-11,2026-05-13,2028-08-30,1,1
Navi Mumbai International Airport - Phase 5,Civil Aviation,CIDCO,13834.52,0.74,0.9,0.35,23666.53,50.79,11212.32,PRJ-1291,2020-04-23,2024-11-28,2026-08-20,1,1
Navi Mumbai International Airport - Phase 2,Civil Aviation,CIDCO,19724.44,0.63,0.75,0.51,21921.94,67.99,17806.58,PRJ-1292,2018-03-07,2024-10-01,2026-07-23,1,1
Ganga Expressway - Phase 5,Road Transport & Highways,UPEIDA,29210.13,0.38,0.04,0.92,35425.63,12.39,3997.73,PRJ-1293,2021-06-01,2024-10-13,2026-08-04,1,1
Kudankulam Nuclear Power Plant - Phase 5,Power,NPCIL,54324.72,0.92,0.44,0.28,90185.84,82.22,90185.84,PRJ-1294,2019-12-04,2023-04-17,2024-11-07,1,1
Pune Metro Rail Project - Phase 3,Urban Transport,Maha-Metro,6417.78,0.77,0.65,0.57,9937.74,34.39,4548.09,PRJ-1295,2020-02-06,2026-02-04,2028-01-25,1,1
Zojila Tunnel - Phase 3,Road Transport & Highways,NHIDCL,9492.68,0.0,0.0,0.0,9492.68328009675,88.81,7207.95,PRJ-1296,2020-10-26,2025-08-31,2025-08-31,0,0
Polavaram Irrigation Project - Phase 3,Water Resources,PPA,56173.35,0.31,0.75,0.65,89111.21,54.46,41405.3,PRJ-1297,2019-05-04,2022-12-14,2024-08-05,1,1
Bangalore Suburban Rail Project - Phase 2,Urban Transport,K-RIDE,16120.85,0.0,0.0,0.0,16120.845955165021,73.33,14616.1,PRJ-1298,2022-02-08,2025-04-23,2025-04-23,0,0
Polavaram Irrigation Project - Phase 3,Water Resources,PPA,28983.3,0.99,0.81,0.21,42757.71,93.86,42757.71,PRJ-1299,2021-12-09,2028-09-03,2030-05-26,1,1
Ken-Betwa River Interlinking - Phase 5,Water Resources,NWDA,63958.85,0.29,0.09,0.83,104625.93,91.19,90110.5,PRJ-1300,2020-09-15,2023-07-02,2025-01-22,1,1
Zojila Tunnel - Phase 3,Road Transport & Highways,NHIDCL,6084.97,0.96,0.64,0.09,7330.03,48.83,4353.47,PRJ-1301,2018-03-27,2020-12-11,2022-05-05,1,1
Ken-Betwa River Interlinking - Phase 1,Water Resources,NWDA,28908.11,0.62,0.77,1.0,50262.73,13.51,6625.0,PRJ-1302,2019-09-24,2023-08-04,2026-01-20,1,1
Navi Mumbai International Airport - Phase 2,Civil Aviation,CIDCO,23677.0,0.26,0.94,0.55,36209.63,68.01,24218.26,PRJ-1303,2020-04-11,2023-01-26,2024-08-18,1,1
Zojila Tunnel - Phase 4,Road Transport & Highways,NHIDCL,5465.94,0.63,0.24,0.71,6473.02,52.37,5037.21,PRJ-1304,2019-05-20,2026-03-14,2028-01-03,1,1
Kudankulam Nuclear Power Plant - Phase 2,Power,NPCIL,55965.46,0.04,0.75,0.99,95872.31,45.51,53377.72,PRJ-1305,2018-01-24,2020-05-13,2022-04-03,1,1
Zojila Tunnel - Phase 1,Road Transport & Highways,NHIDCL,6601.82,0.38,0.92,0.12,8204.51,14.81,1800.23,PRJ-1306,2018-07-28,2021-09-10,2022-10-05,1,1
Ganga Expressway - Phase 1,Road Transport & Highways,UPEIDA,51639.68,0.4,0.34,0.32,51639.68019380867,58.27,35372.02,PRJ-1307,2021-06-21,2027-07-20,2028-08-13,0,1
Navi Mumbai International Airport - Phase 3,Civil Aviation,CIDCO,23271.93,0.04,0.42,1.0,41644.12,6.67,3886.49,PRJ-1308,2018-11-13,2022-07-25,2024-04-15,1,1
Polavaram Irrigation Project - Phase 4,Water Resources,PPA,30476.14,0.62,0.55,0.91,45453.61,54.04,25364.53,PRJ-1309,2018-11-04,2021-01-22,2023-05-12,1,1
"New Domestic Terminal, Patna - Phase 5",Civil Aviation,AAI,1303.51,0.42,0.09,0.51,1303.512702041683,77.41,1007.14,PRJ-1310,2020-04-02,2022-04-22,2023-07-16,0,1
Mumbai-Ahmedabad High Speed Rail - Phase 5,Railways,NHSRCL,62002.33,0.0,0.0,0.0,62002.32592076495,68.74,50937.43,PRJ-1311,2019-03-19,2026-01-11,2026-01-11,0,0
Ken-Betwa River Interlinking - Phase 5,Water Resources,NWDA,64133.4,0.59,0.03,0.76,112091.85,25.06,24177.05,PRJ-1312,2020-07-10,2026-04-10,2027-12-31,1,1
Bangalore Suburban Rail Project - Phase 1,Urban Transport,K-RIDE,17142.95,0.38,0.17,0.64,17142.94732934924,89.37,17142.95,PRJ-1313,2021-09-13,2027-08-13,2029-02-03,0,1
Zojila Tunnel - Phase 4,Road Transport & Highways,NHIDCL,10116.34,0.0,0.0,0.0,10116.344806189507,87.64,10116.34,PRJ-1314,2018-05-08,2022-02-16,2022-02-16,0,0
"New Domestic Terminal, Patna - Phase 3",Civil Aviation,AAI,1668.54,0.26,0.37,0.59,1874.73,59.94,1193.12,PRJ-1315,2018-08-23,2023-06-28,2024-10-20,1,1
Ken-Betwa River Interlinking - Phase 4,Water Resources,NWDA,66760.46,0.82,0.69,0.25,91687.79,11.33,14474.56,PRJ-1316,2020-08-14,2022-12-02,2024-06-24,1,1
Polavaram Irrigation Project - Phase 5,Water Resources,PPA,62038.34,0.51,0.38,0.83,94425.68,69.82,73102.55,PRJ-1317,2018-04-30,2024-05-28,2026-05-18,1,1
Ganga Expressway - Phase 1,Road Transport & Highways,UPEIDA,50008.98,0.05,0.11,0.86,50008.978043607254,35.86,22022.79,PRJ-1318,2020-07-12,2025-08-15,2027-01-07,0,1
Zojila Tunnel - Phase 2,Road Transport & Highways,NHIDCL,5553.86,0.74,0.63,0.1,8903.59,61.78,6197.84,PRJ-1319,2018-02-22,2023-10-24,2025-01-16,1,1
Noida International Airport (Jewar) - Phase 1,Civil Aviation,YIAPL,28354.67,0.0,0.0,0.0,28354.674762403887,51.01,18543.22,PRJ-1320,2018-07-18,2020-11-04,2020-11-04,0,0
Zojila Tunnel - Phase 2,Road Transport & Highways,NHIDCL,6998.71,0.46,0.47,0.66,8671.38,32.04,3879.9,PRJ-1321,2021-02-09,2025-07-18,2027-04-09,1,1
Mumbai-Ahmedabad High Speed Rail - Phase 5,Railways,NHSRCL,100174.39,0.62,0.8,0.85,162484.11,57.88,117899.08,PRJ-1322,2022-02-05,2028-07-03,2030-10-21,1,1
Mumbai-Ahmedabad High Speed Rail - Phase 4,Railways,NHSRCL,73807.3,0.92,0.43,0.29,120021.61,27.14,26109.25,PRJ-1323,2018-06-14,2024-04-13,2025-11-04,1,1
Polavaram Irrigation Project - Phase 4,Water Resources,PPA,47441.18,0.35,0.72,0.75,76027.52,17.8,11457.63,PRJ-1324,2019-05-05,2022-11-15,2024-09-05,1,1
Central Vista Redevelopment - Phase 5,Urban Development,CPWD,23451.71,0.67,0.8,0.12,38517.06,74.7,29093.77,PRJ-1325,2021-05-06,2025-04-15,2026-07-09,1,1
Central Vista Redevelopment - Phase 1,Urban Development,CPWD,25914.65,0.8,0.63,0.21,41799.06,89.76,33681.73,PRJ-1326,2022-02-03,2025-08-16,2027-02-07,1,1
"New Domestic Terminal, Patna - Phase 1",Civil Aviation,AAI,1578.16,0.25,0.78,0.68,2342.52,74.98,2267.03,PRJ-1327,2021-08-08,2026-08-12,2028-04-03,1,1
Ganga Expressway - Phase 2,Road Transport & Highways,UPEIDA,21429.93,0.96,0.98,0.02,29310.56,53.1,22312.29,PRJ-1328,2019-11-06,2023-09-16,2025-03-09,1,1
Polavaram Irrigation Project - Phase 1,Water Resources,PPA,48085.78,0.62,0.58,0.08,62502.82,41.54,25229.6,PRJ-1329,2021-09-04,2026-08-09,2027-09-03,1,1
Mumbai Trans Harbour Link (MTHL) - Phase 1,Road Transport & Highways,MMRDA,22179.54,0.17,0.52,0.7,24491.69,66.39,22668.03,PRJ-1330,2019-07-14,2021-12-30,2023-06-23,1,1
Mumbai-Ahmedabad High Speed Rail - Phase 2,Railways,NHSRCL,150205.44,0.42,0.64,0.8,254341.84,36.18,90009.07,PRJ-1331,2019-07-27,2026-01-21,2028-01-11,1,1
Pune Metro Rail Project - Phase 1,Urban Transport,Maha-Metro,12816.64,0.49,0.23,0.99,20691.43,87.04,20101.67,PRJ-1332,2019-05-10,2021-10-26,2023-12-15,1,1
Bharatmala Pariyojana Phase-I - Phase 1,Road Transport & Highways,NHAI,483477.57,0.68,0.93,0.16,685542.74,73.24,615637.07,PRJ-1333,2021-03-15,2027-10-10,2029-03-03,1,1
Ganga Expressway - Phase 4,Road Transport & Highways,UPEIDA,31796.86,0.63,0.65,0.63,41023.02,89.48,41023.02,PRJ-1334,2018-07-20,2022-04-30,2024-03-20,1,1
Central Vista Redevelopment - Phase 4,Urban Development,CPWD,22998.58,0.07,0.97,0.88,40973.59,55.29,24065.76,PRJ-1335,2019-03-19,2022-10-29,2024-09-18,1,1
Polavaram Irrigation Project - Phase 4,Water Resources,PPA,48499.33,0.0,0.0,0.0,48499.32972839114,15.0,10477.88,PRJ-1336,2019-12-15,2022-05-03,2022-05-03,0,0
Ken-Betwa River Interlinking - Phase 1,Water Resources,NWDA,26362.45,0.35,0.83,0.36,38777.94,25.65,8244.77,PRJ-1337,2018-03-16,2021-09-26,2023-01-19,1,1
Bharatmala Pariyojana Phase-I - Phase 1,Road Transport & Highways,NHAI,641793.22,0.79,0.72,0.95,1037470.23,87.79,1037470.23,PRJ-1338,2021-02-25,2027-05-25,2029-12-10,1,1
Noida International Airport (Jewar) - Phase 1,Civil Aviation,YIAPL,40037.41,0.33,0.2,0.59,40037.40610053621,69.92,38958.23,PRJ-1339,2018-01-03,2020-11-18,2022-03-13,0,1
"New Domestic Terminal, Patna - Phase 4",Civil Aviation,AAI,702.67,0.63,0.12,0.92,1033.33,89.79,1033.33,PRJ-1340,2021-01-06,2024-09-17,2026-10-07,1,1
Zojila Tunnel - Phase 3,Road Transport & Highways,NHIDCL,6201.63,0.0,0.0,0.0,6201.627606362044,36.93,3401.02,PRJ-1341,2019-04-09,2023-12-14,2023-12-14,0,0
Mumbai Trans Harbour Link (MTHL) - Phase 1,Road Transport & Highways,MMRDA,24326.97,0.38,0.5,0.64,42599.64,33.29,12606.81,PRJ-1342,2020-01-28,2022-09-14,2024-05-06,1,1
Noida International Airport (Jewar) - Phase 5,Civil Aviation,YIAPL,17417.7,0.41,0.49,0.99,26061.94,62.97,20349.98,PRJ-1343,2020-08-30,2026-11-27,2029-01-15,1,1
Mumbai-Ahmedabad High Speed Rail - Phase 3,Railways,NHSRCL,75531.23,0.43,0.62,0.1,75531.2331324521,89.82,75531.23,PRJ-1344,2020-01-14,2023-05-28,2024-04-22,0,1
Bharatmala Pariyojana Phase-I - Phase 1,Road Transport & Highways,NHAI,417461.4,0.84,0.62,0.34,589076.92,17.85,155192.38,PRJ-1345,2020-05-20,2024-02-29,2025-11-20,1,1
Bharatmala Pariyojana Phase-I - Phase 3,Road Transport & Highways,NHAI,289510.49,0.24,0.74,0.42,407622.78,75.37,407622.78,PRJ-1346,2020-09-03,2027-01-30,2028-04-24,1,1
Mumbai-Ahmedabad High Speed Rail - Phase 4,Railways,NHSRCL,147173.58,0.24,0.23,0.88,215459.16,11.26,34664.37,PRJ-1347,2021-08-02,2023-12-20,2025-09-10,1,1
Zojila Tunnel - Phase 5,Road Transport & Highways,NHIDCL,6865.9,0.84,0.76,0.62,11872.44,64.63,7948.4,PRJ-1348,2019-12-15,2024-05-22,2026-07-11,1,1
Kudankulam Nuclear Power Plant - Phase 1,Power,NPCIL,41874.32,0.65,0.32,0.55,67198.52,22.43,18149.17,PRJ-1349,2019-04-07,2025-01-05,2026-08-28,1,1
Bangalore Suburban Rail Project - Phase 5,Urban Transport,K-RIDE,16244.74,0.18,0.49,0.33,16244.74012178203,16.62,2946.44,PRJ-1350,2021-01-17,2026-09-18,2027-09-13,0,1
Mumbai Trans Harbour Link (MTHL) - Phase 2,Road Transport & Highways,MMRDA,24378.34,0.15,0.8,0.16,24378.340127226395,8.22,2570.76,PRJ-1351,2021-07-09,2023-07-29,2024-05-24,0,1
Ganga Expressway - Phase 5,Road Transport & Highways,UPEIDA,43612.46,0.11,0.71,0.21,43612.46067382521,11.38,5964.5,PRJ-1352,2018-05-13,2024-04-11,2025-02-05,0,1
Kudankulam Nuclear Power Plant - Phase 5,Power,NPCIL,35785.09,0.0,0.0,0.0,35785.09248122846,64.41,21028.73,PRJ-1353,2020-03-26,2024-12-30,2024-12-30,0,0
Bangalore Suburban Rail Project - Phase 5,Urban Transport,K-RIDE,18561.89,0.71,0.93,0.29,25986.8,12.7,3608.8,PRJ-1354,2021-05-04,2025-01-13,2026-09-05,1,1
Ganga Expressway - Phase 5,Road Transport & Highways,UPEIDA,32781.48,0.76,0.16,0.66,44394.81,15.51,6658.14,PRJ-1355,2020-05-15,2023-08-28,2025-06-18,1,1
Bangalore Suburban Rail Project - Phase 3,Urban Transport,K-RIDE,8223.55,0.89,0.53,0.54,12094.82,36.31,3964.96,PRJ-1356,2020-01-01,2026-03-30,2028-03-19,1,1
Subansiri Lower Hydroelectric Project - Phase 3,Power,NHPC,18381.66,0.54,0.55,0.34,32777.95,12.75,4018.1,PRJ-1357,2020-05-22,2022-09-09,2024-01-02,1,1
"New Domestic Terminal, Patna - Phase 3",Civil Aviation,AAI,1361.49,0.1,0.61,0.3,1361.4855778478664,73.18,1202.02,PRJ-1358,2020-06-13,2027-05-08,2028-04-02,0,1
Ganga Expressway - Phase 1,Road Transport & Highways,UPEIDA,49709.87,0.95,0.55,0.03,55036.12,82.61,55036.12,PRJ-1359,2020-02-15,2023-10-27,2025-02-18,1,1
Kudankulam Nuclear Power Plant - Phase 2,Power,NPCIL,25657.35,0.76,0.92,0.18,38210.67,72.34,31565.44,PRJ-1360,2021-06-03,2025-01-13,2026-07-07,1,1
Kudankulam Nuclear Power Plant - Phase 2,Power,NPCIL,44997.15,0.04,0.63,0.47,44997.15024895841,77.91,44441.03,PRJ-1361,2020-03-15,2024-11-19,2025-12-14,0,1
Mumbai Trans Harbour Link (MTHL) - Phase 3,Road Transport & Highways,MMRDA,9176.83,0.0,0.0,0.0,9176.82514935147,12.1,1636.25,PRJ-1362,2018-10-06,2020-12-24,2020-12-24,0,0
Bangalore Suburban Rail Project - Phase 4,Urban Transport,K-RIDE,14449.77,0.37,0.27,0.48,14449.767198528836,45.64,7668.54,PRJ-1363,2018-10-07,2023-08-12,2024-11-04,0,1
Mumbai-Ahmedabad High Speed Rail - Phase 5,Railways,NHSRCL,143949.65,0.82,0.72,0.17,165352.08,37.95,92026.03,PRJ-1364,2018-07-18,2021-02-02,2022-07-27,1,1
Ken-Betwa River Interlinking - Phase 4,Water Resources,NWDA,26060.19,0.52,0.33,0.84,29168.64,83.15,29168.64,PRJ-1365,2018-05-09,2021-06-22,2023-06-12,1,1
Delhi-Mumbai Expressway - Phase 4,Road Transport & Highways,NHAI,144821.48,0.86,0.11,0.33,234510.43,49.17,119421.89,PRJ-1366,2020-07-20,2023-05-06,2024-09-27,1,1
Polavaram Irrigation Project - Phase 2,Water Resources,PPA,43617.54,0.0,0.0,0.0,43617.5382150715,88.45,38775.19,PRJ-1367,2018-04-17,2021-10-28,2021-10-28,0,0
Ganga Expressway - Phase 5,Road Transport & Highways,UPEIDA,31687.96,0.31,0.5,0.65,54874.46,58.63,41488.51,PRJ-1368,2020-09-23,2025-03-01,2026-09-22,1,1
Pune Metro Rail Project - Phase 3,Urban Transport,Maha-Metro,16916.51,0.75,0.51,0.97,25031.61,59.62,16803.89,PRJ-1369,2020-03-07,2024-10-12,2027-03-31,1,1
Mumbai-Ahmedabad High Speed Rail - Phase 2,Railways,NHSRCL,72735.3,0.42,0.42,0.62,117876.82,57.62,65120.2,PRJ-1370,2021-06-22,2024-08-05,2026-02-26,1,1
Bharatmala Pariyojana Phase-I - Phase 3,Road Transport & Highways,NHAI,655680.69,0.11,0.33,0.89,936509.98,5.0,51780.94,PRJ-1371,2019-06-09,2023-01-19,2024-09-10,1,1
Bangalore Suburban Rail Project - Phase 1,Urban Transport,K-RIDE,9003.34,0.78,0.61,0.91,11466.94,37.72,6029.42,PRJ-1372,2020-03-24,2026-09-19,2029-03-07,1,1
Subansiri Lower Hydroelectric Project - Phase 5,Power,NHPC,16834.93,0.09,0.14,0.93,16834.92798336262,40.22,9170.97,PRJ-1373,2021-02-23,2026-08-26,2028-03-18,0,1
Bharatmala Pariyojana Phase-I - Phase 2,Road Transport & Highways,NHAI,455107.23,0.82,0.13,0.64,678834.8,57.51,343222.11,PRJ-1374,2020-11-10,2023-02-28,2025-01-18,1,1
Bangalore Suburban Rail Project - Phase 4,Urban Transport,K-RIDE,9794.12,0.24,0.99,0.09,15983.24,42.68,7810.03,PRJ-1375,2018-07-03,2024-04-02,2025-02-26,1,1
Chenab Railway Bridge - Phase 3,Railways,Konkan Railway,1590.83,0.12,0.19,0.99,2038.23,24.33,682.87,PRJ-1376,2019-05-16,2025-04-14,2027-01-04,1,1
Kudankulam Nuclear Power Plant - Phase 5,Power,NPCIL,39113.05,0.0,0.0,0.0,39113.04849500584,74.04,25781.74,PRJ-1377,2019-01-15,2022-12-25,2022-12-25,0,0
Navi Mumbai International Airport - Phase 4,Civil Aviation,CIDCO,19210.53,0.28,0.28,0.47,19210.531539493757,40.9,9395.14,PRJ-1378,2019-05-09,2025-05-07,2026-07-01,0,1
Pune Metro Rail Project - Phase 5,Urban Transport,Maha-Metro,11352.27,0.98,0.68,0.74,16223.7,80.15,14413.67,PRJ-1379,2018-10-31,2021-02-17,2023-08-06,1,1
Polavaram Irrigation Project - Phase 2,Water Resources,PPA,43499.39,0.73,0.99,0.75,50916.65,88.65,50916.65,PRJ-1380,2021-05-04,2026-07-07,2028-11-23,1,1
"New Domestic Terminal, Patna - Phase 3",Civil Aviation,AAI,1221.24,0.93,0.39,0.04,1371.73,29.22,435.74,PRJ-1381,2021-04-06,2025-08-13,2026-11-06,1,1
Mumbai-Ahmedabad High Speed Rail - Phase 4,Railways,NHSRCL,74679.39,0.44,0.35,0.61,120068.92,30.49,33391.07,PRJ-1382,2020-01-31,2024-03-10,2025-10-01,1,1
Polavaram Irrigation Project - Phase 4,Water Resources,PPA,33601.63,0.55,0.88,0.84,56431.21,45.1,21289.75,PRJ-1383,2021-08-10,2025-07-20,2027-10-08,1,1
Chenab Railway Bridge - Phase 3,Railways,Konkan Railway,1298.1,0.03,0.73,1.0,1730.84,19.44,358.35,PRJ-1384,2021-05-21,2027-12-16,2029-11-05,1,1
Kudankulam Nuclear Power Plant - Phase 2,Power,NPCIL,37952.65,0.0,0.0,0.0,37952.64855571156,63.92,35857.86,PRJ-1385,2021-02-15,2023-07-05,2023-07-05,0,0
Subansiri Lower Hydroelectric Project - Phase 4,Power,NHPC,17170.68,0.25,0.48,0.86,26867.27,17.37,4069.82,PRJ-1386,2019-02-13,2023-08-21,2025-06-11,1,1
Zojila Tunnel - Phase 3,Road Transport & Highways,NHIDCL,7411.38,0.46,0.31,0.28,7411.3830614651515,15.81,1543.11,PRJ-1387,2021-04-03,2026-09-04,2027-09-29,0,1
Mumbai-Ahmedabad High Speed Rail - Phase 5,Railways,NHSRCL,152675.2,0.3,0.92,0.11,178060.29,55.31,126784.43,PRJ-1388,2021-12-11,2025-06-23,2026-06-18,1,1
Pune Metro Rail Project - Phase 4,Urban Transport,Maha-Metro,13564.36,0.48,0.58,0.98,22112.13,17.6,4739.6,PRJ-1389,2021-08-15,2028-03-11,2030-05-30,1,1
Delhi-Mumbai Expressway - Phase 3,Road Transport & Highways,NHAI,68546.27,0.64,0.7,0.78,77380.06,45.23,48655.73,PRJ-1390,2019-12-09,2025-08-09,2027-09-28,1,1
Zojila Tunnel - Phase 3,Road Transport & Highways,NHIDCL,9582.16,0.87,0.45,0.4,16104.71,20.6,4725.18,PRJ-1391,2018-02-15,2020-03-06,2021-11-26,1,1
Chenab Railway Bridge - Phase 4,Railways,Konkan Railway,1200.95,0.22,0.51,0.79,1461.36,53.68,837.64,PRJ-1392,2020-10-12,2027-01-09,2028-08-31,1,1
Ken-Betwa River Interlinking - Phase 5,Water Resources,NWDA,51109.66,0.63,0.11,0.32,51109.657674840244,23.2,12375.54,PRJ-1393,2018-12-13,2021-11-27,2023-01-21,0,1
Central Vista Redevelopment - Phase 2,Urban Development,CPWD,12926.32,0.99,0.47,0.34,14949.54,60.84,8154.72,PRJ-1394,2021-04-10,2023-06-29,2025-03-20,1,1
Chenab Railway Bridge - Phase 2,Railways,Konkan Railway,1395.89,0.73,0.67,0.23,1866.93,10.76,169.14,PRJ-1395,2021-08-01,2027-04-02,2028-08-24,1,1
Ganga Expressway - Phase 5,Road Transport & Highways,UPEIDA,21954.15,0.47,0.86,1.0,30358.12,10.62,3841.72,PRJ-1396,2018-04-08,2023-08-10,2025-12-27,1,1
Bangalore Suburban Rail Project - Phase 4,Urban Transport,K-RIDE,12205.27,0.67,0.48,0.68,18925.62,32.11,5822.34,PRJ-1397,2020-01-01,2023-03-16,2025-03-05,1,1
Zojila Tunnel - Phase 2,Road Transport & Highways,NHIDCL,7759.32,0.5,0.65,0.2,11385.18,48.55,7186.13,PRJ-1398,2018-08-05,2023-01-11,2024-03-06,1,1
Subansiri Lower Hydroelectric Project - Phase 2,Power,NHPC,16324.65,0.59,0.15,0.31,16324.647735355935,30.63,6988.94,PRJ-1399,2021-11-10,2025-05-23,2026-07-17,0,1
Ganga Expressway - Phase 5,Road Transport & Highways,UPEIDA,27862.04,0.25,0.5,0.71,37899.05,68.26,33632.3,PRJ-1400,2021-05-17,2027-01-16,2028-08-08,1,1
Chenab Railway Bridge - Phase 5,Railways,Konkan Railway,888.61,0.82,0.61,0.18,1282.83,85.13,1249.38,PRJ-1401,2021-04-07,2028-01-31,2029-06-24,1,1
Kudankulam Nuclear Power Plant - Phase 1,Power,NPCIL,24310.51,0.0,0.0,0.0,24310.505624704274,30.48,9286.99,PRJ-1402,2020-03-12,2023-12-22,2023-12-22,0,0
Bharatmala Pariyojana Phase-I - Phase 3,Road Transport & Highways,NHAI,772509.2,0.33,0.41,0.84,1063704.16,40.42,591838.88,PRJ-1403,2019-10-23,2022-02-09,2023-12-01,1,1
Delhi-Mumbai Expressway - Phase 5,Road Transport & Highways,NHAI,61299.22,0.98,0.07,0.35,106551.62,38.11,33620.97,PRJ-1404,2018-05-09,2020-07-27,2022-02-17,1,1
Zojila Tunnel - Phase 3,Road Transport & Highways,NHIDCL,8643.46,0.46,0.2,0.79,15372.56,25.21,5272.04,PRJ-1405,2018-10-15,2023-03-23,2024-12-12,1,1
Ganga Expressway - Phase 5,Road Transport & Highways,UPEIDA,41281.67,0.21,0.78,0.92,66834.07,30.82,17485.43,PRJ-1406,2020-05-07,2026-09-03,2028-08-23,1,1
Ganga Expressway - Phase 5,Road Transport & Highways,UPEIDA,19920.3,0.8,0.05,0.45,32767.72,21.83,8155.94,PRJ-1407,2021-11-18,2027-01-21,2028-08-13,1,1
Delhi-Mumbai Expressway - Phase 5,Road Transport & Highways,NHAI,112895.06,0.83,0.79,0.23,138062.49,94.13,138062.49,PRJ-1408,2020-03-18,2026-09-13,2028-04-05,1,1
Bharatmala Pariyojana Phase-I - Phase 4,Road Transport & Highways,NHAI,396701.96,0.3,0.11,0.85,703635.09,54.65,532309.97,PRJ-1409,2019-12-01,2022-03-20,2023-11-10,1,1
Delhi-Mumbai Expressway - Phase 2,Road Transport & Highways,NHAI,103591.6,0.0,0.0,0.0,103591.60367311942,80.03,103591.6,PRJ-1410,2019-06-02,2025-03-02,2025-03-02,0,0
Kudankulam Nuclear Power Plant - Phase 2,Power,NPCIL,51156.26,0.0,0.0,0.0,51156.2637355405,6.01,2754.71,PRJ-1411,2018-06-29,2024-03-29,2024-03-29,0,0
Bharatmala Pariyojana Phase-I - Phase 2,Road Transport & Highways,NHAI,587910.78,0.09,0.13,1.0,928610.59,64.55,491379.3,PRJ-1412,2018-04-30,2022-10-06,2024-05-28,1,1
Ken-Betwa River Interlinking - Phase 5,Water Resources,NWDA,41666.05,1.0,0.4,0.56,63624.91,73.24,63624.91,PRJ-1413,2019-04-30,2024-10-30,2026-11-19,1,1
Delhi-Mumbai Expressway - Phase 3,Road Transport & Highways,NHAI,99408.97,0.91,0.14,0.04,99408.97098314887,27.06,29867.15,PRJ-1414,2018-11-17,2023-02-24,2024-03-20,0,1
Navi Mumbai International Airport - Phase 4,Civil Aviation,CIDCO,14931.98,0.34,0.56,0.6,16436.73,13.56,2041.91,PRJ-1415,2021-09-20,2026-11-23,2028-06-15,1,1
Ganga Expressway - Phase 5,Road Transport & Highways,UPEIDA,46480.54,0.73,0.98,0.56,79401.28,77.85,59654.64,PRJ-1416,2019-05-27,2026-03-21,2028-04-09,1,1
Central Vista Redevelopment - Phase 4,Urban Development,CPWD,20212.58,0.89,0.94,0.48,23598.13,90.07,23598.13,PRJ-1417,2019-07-04,2022-03-20,2024-04-08,1,1
Chenab Railway Bridge - Phase 4,Railways,Konkan Railway,1459.97,0.51,0.05,0.69,1710.21,7.24,164.83,PRJ-1418,2019-11-11,2024-07-17,2026-02-07,1,1
Zojila Tunnel - Phase 4,Road Transport & Highways,NHIDCL,5307.36,0.72,0.57,0.69,7283.01,13.96,1282.01,PRJ-1419,2019-10-05,2025-06-05,2027-06-25,1,1
Mumbai Trans Harbour Link (MTHL) - Phase 1,Road Transport & Highways,MMRDA,11847.96,0.26,0.83,0.13,20794.03,93.29,20044.6,PRJ-1420,2021-10-27,2023-12-16,2024-11-10,1,1
Bharatmala Pariyojana Phase-I - Phase 4,Road Transport & Highways,NHAI,475143.33,0.56,1.0,0.69,821166.98,54.09,418694.96,PRJ-1421,2018-01-22,2022-07-30,2024-09-17,1,1
Central Vista Redevelopment - Phase 5,Urban Development,CPWD,19566.04,0.0,0.0,0.0,19566.04384035384,77.77,14030.66,PRJ-1422,2021-11-09,2027-11-08,2027-11-08,0,0
"New Domestic Terminal, Patna - Phase 4",Civil Aviation,AAI,1764.95,0.0,0.0,0.0,1764.9482732464169,7.25,128.81,PRJ-1423,2021-10-03,2025-08-13,2025-08-13,0,0
Navi Mumbai International Airport - Phase 5,Civil Aviation,CIDCO,21081.98,0.46,0.57,0.79,23985.03,66.4,22158.54,PRJ-1424,2021-06-16,2024-04-01,2026-03-22,1,1
Central Vista Redevelopment - Phase 4,Urban Development,CPWD,16617.76,0.19,0.6,0.73,27920.9,46.88,16775.55,PRJ-1425,2019-01-24,2025-02-21,2026-10-14,1,1
Mumbai Trans Harbour Link (MTHL) - Phase 2,Road Transport & Highways,MMRDA,12392.23,0.38,0.88,0.53,16709.81,54.31,11138.79,PRJ-1426,2020-09-05,2022-09-25,2024-05-17,1,1
Bangalore Suburban Rail Project - Phase 1,Urban Transport,K-RIDE,21076.67,0.0,0.0,0.0,21076.667837622506,80.41,19242.58,PRJ-1427,2020-08-13,2025-05-19,2025-05-19,0,0
Subansiri Lower Hydroelectric Project - Phase 4,Power,NHPC,22965.05,0.95,0.22,0.03,22965.04618882526,63.59,21850.73,PRJ-1428,2018-10-18,2021-05-05,2022-06-29,0,1
Delhi-Mumbai Expressway - Phase 5,Road Transport & Highways,NHAI,87472.54,0.24,0.9,0.21,144645.12,8.43,16230.48,PRJ-1429,2018-05-22,2021-09-03,2022-09-28,1,1
Mumbai-Ahmedabad High Speed Rail - Phase 4,Railways,NHSRCL,114377.6,0.0,0.0,0.0,114377.59550684788,12.98,19075.32,PRJ-1430,2018-11-10,2022-08-21,2022-08-21,0,0
Polavaram Irrigation Project - Phase 3,Water Resources,PPA,49858.56,0.0,0.0,0.0,49858.556335219706,18.93,10707.35,PRJ-1431,2019-09-17,2024-07-22,2024-07-22,0,0
Ken-Betwa River Interlinking - Phase 3,Water Resources,NWDA,35404.15,0.46,0.81,0.01,51695.69,87.61,51695.69,PRJ-1432,2019-07-14,2025-11-09,2026-10-05,1,1
Mumbai Trans Harbour Link (MTHL) - Phase 2,Road Transport & Highways,MMRDA,18725.0,0.09,0.61,0.52,21358.95,5.95,1301.15,PRJ-1433,2021-08-19,2027-09-17,2028-11-10,1,1
Chenab Railway Bridge - Phase 2,Railways,Konkan Railway,1691.39,0.64,0.62,0.69,3008.55,62.4,1616.71,PRJ-1434,2018-12-22,2024-04-24,2026-04-14,1,1
Ganga Expressway - Phase 4,Road Transport & Highways,UPEIDA,22215.48,0.79,0.13,0.22,22215.476425651843,76.14,17496.42,PRJ-1435,2020-02-22,2026-07-20,2027-10-13,0,1
Bharatmala Pariyojana Phase-I - Phase 3,Road Transport & Highways,NHAI,272364.36,0.74,0.82,0.93,441486.8,41.26,235916.72,PRJ-1436,2020-10-14,2023-12-28,2026-07-15,1,1
Chenab Railway Bridge - Phase 1,Railways,Konkan Railway,1291.42,0.77,0.03,0.75,1923.73,72.89,1131.66,PRJ-1437,2019-08-09,2025-01-09,2026-11-30,1,1
Mumbai-Ahmedabad High Speed Rail - Phase 1,Railways,NHSRCL,98570.23,0.48,0.49,0.31,111088.81,66.05,94087.08,PRJ-1438,2021-12-03,2027-07-05,2028-09-27,1,1
Noida International Airport (Jewar) - Phase 1,Civil Aviation,YIAPL,23712.13,0.91,0.48,0.36,40171.84,70.49,33090.62,PRJ-1439,2019-10-18,2023-09-27,2025-06-18,1,1
Noida International Airport (Jewar) - Phase 2,Civil Aviation,YIAPL,15496.42,0.31,0.43,0.95,23871.23,21.39,5518.84,PRJ-1440,2018-10-22,2023-01-29,2025-01-18,1,1
Kudankulam Nuclear Power Plant - Phase 3,Power,NPCIL,31482.72,0.52,0.76,0.14,53542.09,46.69,22528.14,PRJ-1441,2021-05-03,2027-10-29,2028-12-22,1,1
Subansiri Lower Hydroelectric Project - Phase 2,Power,NHPC,24692.84,0.66,0.3,0.67,31495.14,41.4,17297.27,PRJ-1442,2018-12-28,2023-11-02,2025-08-23,1,1
Subansiri Lower Hydroelectric Project - Phase 1,Power,NHPC,13172.41,0.54,0.2,0.4,13172.414807732659,84.41,10711.54,PRJ-1443,2018-08-22,2022-03-04,2023-06-27,0,1
"New Domestic Terminal, Patna - Phase 3",Civil Aviation,AAI,1672.24,0.52,0.49,0.24,2147.91,13.52,369.01,PRJ-1444,2022-02-09,2025-10-21,2026-12-15,1,1
Chenab Railway Bridge - Phase 2,Railways,Konkan Railway,2046.9,0.67,0.97,0.51,2403.75,74.54,2292.61,PRJ-1445,2018-11-13,2022-03-27,2024-02-15,1,1
Kudankulam Nuclear Power Plant - Phase 1,Power,NPCIL,39250.05,0.19,0.97,0.9,53312.23,68.21,46258.8,PRJ-1446,2019-03-08,2023-01-16,2025-02-04,1,1
Pune Metro Rail Project - Phase 5,Urban Transport,Maha-Metro,5746.97,0.65,0.94,0.04,8073.22,53.08,6302.94,PRJ-1447,2018-02-02,2021-06-16,2022-09-09,1,1
Pune Metro Rail Project - Phase 3,Urban Transport,Maha-Metro,9310.76,0.96,0.48,0.78,14558.93,19.16,3285.28,PRJ-1448,2021-11-16,2027-10-16,2030-03-04,1,1
Noida International Airport (Jewar) - Phase 2,Civil Aviation,YIAPL,27406.65,0.97,0.63,0.29,32804.73,59.44,28749.95,PRJ-1449,2019-05-02,2025-09-27,2027-06-19,1,1
Zojila Tunnel - Phase 2,Road Transport & Highways,NHIDCL,5720.86,0.36,0.57,0.18,5720.858753019383,44.92,3421.52,PRJ-1450,2021-07-23,2027-09-20,2028-08-15,0,1
Central Vista Redevelopment - Phase 4,Urban Development,CPWD,23660.56,0.46,0.96,0.98,37117.04,8.59,4209.34,PRJ-1451,2020-03-14,2023-08-26,2026-01-12,1,1
Noida International Airport (Jewar) - Phase 1,Civil Aviation,YIAPL,31788.08,0.29,0.67,0.78,35660.78,67.23,34299.65,PRJ-1452,2019-03-10,2025-01-07,2026-10-29,1,1
Bangalore Suburban Rail Project - Phase 4,Urban Transport,K-RIDE,9721.32,0.2,0.21,0.6,9721.323358475327,94.95,9721.32,PRJ-1453,2021-05-09,2023-07-28,2024-10-20,0,1
Mumbai-Ahmedabad High Speed Rail - Phase 2,Railways,NHSRCL,89391.96,0.0,0.0,0.0,89391.96363180388,92.34,89391.96,PRJ-1454,2022-01-20,2026-06-28,2026-06-28,0,0
Ganga Expressway - Phase 1,Road Transport & Highways,UPEIDA,38559.1,0.83,0.78,0.97,47584.77,42.47,19179.44,PRJ-1455,2019-09-13,2021-12-31,2024-09-16,1,1
Kudankulam Nuclear Power Plant - Phase 5,Power,NPCIL,44268.97,0.41,0.37,0.93,57591.31,86.3,52830.78,PRJ-1456,2021-11-18,2025-06-30,2027-06-20,1,1
Subansiri Lower Hydroelectric Project - Phase 2,Power,NHPC,15240.0,0.63,0.35,0.09,15240.003226529781,52.43,7806.18,PRJ-1457,2021-07-29,2025-05-09,2026-05-04,0,1
Bharatmala Pariyojana Phase-I - Phase 5,Road Transport & Highways,NHAI,566224.55,0.81,0.48,0.83,796785.1,15.78,119285.28,PRJ-1458,2019-07-09,2025-04-08,2027-07-27,1,1
Kudankulam Nuclear Power Plant - Phase 2,Power,NPCIL,27249.95,0.0,0.0,0.0,27249.949677634933,31.8,8829.54,PRJ-1459,2021-07-03,2024-01-19,2024-01-19,0,0
Kudankulam Nuclear Power Plant - Phase 4,Power,NPCIL,33256.75,0.83,0.64,0.85,59323.49,66.75,36387.37,PRJ-1460,2019-09-26,2026-08-20,2029-02-05,1,1
Navi Mumbai International Airport - Phase 2,Civil Aviation,CIDCO,14292.39,0.0,0.0,0.0,14292.388294921167,10.68,2252.7,PRJ-1461,2021-06-26,2028-05-20,2028-05-20,0,0
Polavaram Irrigation Project - Phase 1,Water Resources,PPA,48111.71,0.61,0.77,0.23,84684.63,41.61,38916.9,PRJ-1462,2018-08-23,2022-10-01,2024-02-23,1,1
Zojila Tunnel - Phase 5,Road Transport & Highways,NHIDCL,4603.79,0.99,0.29,0.16,8145.93,15.76,1455.36,PRJ-1463,2021-01-28,2027-01-27,2028-06-20,1,1
Bharatmala Pariyojana Phase-I - Phase 4,Road Transport & Highways,NHAI,293336.78,0.29,0.77,1.0,371762.87,33.82,111660.58,PRJ-1464,2021-07-03,2023-06-23,2025-09-10,1,1
Delhi-Mumbai Expressway - Phase 5,Road Transport & Highways,NHAI,140240.95,0.0,0.0,0.0,140240.94852010615,85.56,113833.55,PRJ-1465,2018-07-20,2021-02-04,2021-02-04,0,0
Polavaram Irrigation Project - Phase 5,Water Resources,PPA,49276.22,0.0,0.0,0.0,49276.22307007008,45.55,28569.35,PRJ-1466,2019-10-28,2022-03-16,2022-03-16,0,0
Ken-Betwa River Interlinking - Phase 4,Water Resources,NWDA,36767.87,0.81,0.16,0.85,64656.09,25.76,16288.01,PRJ-1467,2020-03-03,2026-04-01,2028-06-19,1,1
Subansiri Lower Hydroelectric Project - Phase 3,Power,NHPC,23584.52,0.48,0.76,0.31,39330.67,13.12,7268.48,PRJ-1468,2019-03-13,2025-10-07,2027-01-30,1,1
Noida International Airport (Jewar) - Phase 5,Civil Aviation,YIAPL,36633.52,0.96,0.01,0.63,59394.63,66.34,36449.32,PRJ-1469,2019-03-14,2021-06-01,2023-04-22,1,1
Polavaram Irrigation Project - Phase 1,Water Resources,PPA,67510.64,0.92,0.43,0.13,96366.7,50.63,46371.75,PRJ-1470,2021-10-28,2026-05-05,2027-09-27,1,1
Mumbai-Ahmedabad High Speed Rail - Phase 3,Railways,NHSRCL,58013.51,0.56,0.14,0.39,58013.50606123589,13.81,9264.28,PRJ-1471,2020-06-25,2023-03-12,2024-06-04,0,1
Polavaram Irrigation Project - Phase 1,Water Resources,PPA,59003.28,0.0,0.0,0.0,59003.27808475594,5.11,3043.47,PRJ-1472,2018-02-08,2024-09-04,2024-09-04,0,0
"New Domestic Terminal, Patna - Phase 2",Civil Aviation,AAI,1535.55,0.94,0.14,0.38,1845.19,83.71,1556.82,PRJ-1473,2021-08-30,2026-11-02,2028-05-25,1,1
Ganga Expressway - Phase 2,Road Transport & Highways,UPEIDA,35237.34,0.83,0.95,0.65,48656.25,67.54,43294.23,PRJ-1474,2021-01-18,2026-09-19,2029-01-06,1,1
Kudankulam Nuclear Power Plant - Phase 1,Power,NPCIL,42925.1,0.65,0.57,0.41,61315.1,93.89,61315.1,PRJ-1475,2020-04-23,2026-07-21,2028-02-11,1,1
Ken-Betwa River Interlinking - Phase 1,Water Resources,NWDA,56170.15,0.0,0.0,0.0,56170.146375227276,19.42,9934.11,PRJ-1476,2019-09-26,2025-09-24,2025-09-24,0,0
Mumbai Trans Harbour Link (MTHL) - Phase 5,Road Transport & Highways,MMRDA,26357.99,0.2,0.34,0.99,41010.24,72.76,40688.98,PRJ-1477,2021-05-25,2023-06-14,2025-05-04,1,1
Mumbai Trans Harbour Link (MTHL) - Phase 5,Road Transport & Highways,MMRDA,21032.28,0.89,0.92,0.01,24756.54,64.43,17382.17,PRJ-1478,2018-03-03,2023-01-06,2024-05-30,1,1
Ken-Betwa River Interlinking - Phase 3,Water Resources,NWDA,23719.53,0.45,0.6,0.07,23719.5316149992,42.57,8377.35,PRJ-1479,2022-01-09,2027-10-10,2028-09-04,0,1
Delhi-Mumbai Expressway - Phase 4,Road Transport & Highways,NHAI,123386.55,0.46,0.42,0.96,153674.07,56.57,73576.78,PRJ-1480,2021-11-12,2027-02-14,2029-04-04,1,1
Bharatmala Pariyojana Phase-I - Phase 4,Road Transport & Highways,NHAI,563899.84,0.27,0.81,0.05,563899.8413968582,59.01,305778.43,PRJ-1481,2020-11-19,2024-12-28,2025-10-24,0,1
Chenab Railway Bridge - Phase 2,Railways,Konkan Railway,2023.84,0.0,0.0,0.0,2023.8424570576958,60.39,1531.72,PRJ-1482,2019-02-18,2025-12-13,2025-12-13,0,0
Pune Metro Rail Project - Phase 5,Urban Transport,Maha-Metro,11286.43,0.32,0.64,0.69,12550.03,57.19,6061.46,PRJ-1483,2019-01-26,2021-01-15,2022-10-07,1,1
Ganga Expressway - Phase 1,Road Transport & Highways,UPEIDA,41682.6,0.0,0.0,0.0,41682.60363448587,26.18,14408.75,PRJ-1484,2019-05-27,2022-12-07,2022-12-07,0,0
Pune Metro Rail Project - Phase 2,Urban Transport,Maha-Metro,6982.73,0.55,0.97,0.01,12474.93,62.38,7019.8,PRJ-1485,2019-08-02,2025-01-02,2026-01-27,1,1
Mumbai Trans Harbour Link (MTHL) - Phase 4,Road Transport & Highways,MMRDA,17415.21,0.87,0.28,0.39,21128.61,65.53,20690.12,PRJ-1486,2019-03-03,2024-12-01,2026-07-24,1,1
Mumbai-Ahmedabad High Speed Rail - Phase 4,Railways,NHSRCL,117122.92,0.12,0.37,0.75,143604.02,51.64,96146.8,PRJ-1487,2019-08-02,2021-09-20,2023-03-14,1,1
Subansiri Lower Hydroelectric Project - Phase 2,Power,NHPC,14764.59,0.0,0.0,0.0,14764.585092217036,65.89,13025.94,PRJ-1488,2021-05-31,2025-01-10,2025-01-10,0,0
Subansiri Lower Hydroelectric Project - Phase 1,Power,NHPC,13066.15,0.0,0.0,0.0,13066.153250974028,52.84,7307.05,PRJ-1489,2019-12-18,2023-09-28,2023-09-28,0,0
"New Domestic Terminal, Patna - Phase 3",Civil Aviation,AAI,1071.8,0.74,0.75,0.38,1272.64,47.7,722.73,PRJ-1490,2018-03-08,2020-03-27,2021-12-17,1,1
Central Vista Redevelopment - Phase 4,Urban Development,CPWD,21135.91,0.44,0.61,0.37,31940.45,20.2,5830.12,PRJ-1491,2021-12-18,2024-10-03,2026-01-26,1,1
Polavaram Irrigation Project - Phase 5,Water Resources,PPA,64414.81,0.79,0.91,0.03,86886.92,9.57,11975.33,PRJ-1492,2021-02-23,2028-01-18,2029-05-12,1,1
Bharatmala Pariyojana Phase-I - Phase 3,Road Transport & Highways,NHAI,624301.89,0.56,0.39,0.41,1042806.22,15.72,208498.4,PRJ-1493,2021-09-04,2024-10-18,2026-03-12,1,1
Chenab Railway Bridge - Phase 2,Railways,Konkan Railway,1351.08,0.55,0.61,0.27,2230.42,49.55,1304.81,PRJ-1494,2019-04-17,2021-08-04,2022-11-27,1,1
Bangalore Suburban Rail Project - Phase 2,Urban Transport,K-RIDE,11462.95,0.43,0.25,0.44,11462.945908524325,64.24,10993.71,PRJ-1495,2021-03-22,2027-03-21,2028-06-13,0,1
Mumbai-Ahmedabad High Speed Rail - Phase 2,Railways,NHSRCL,133407.1,0.84,0.78,0.42,225170.14,55.01,143835.88,PRJ-1496,2018-12-17,2021-03-06,2023-01-25,1,1
Delhi-Mumbai Expressway - Phase 5,Road Transport & Highways,NHAI,86886.75,0.0,0.0,0.0,86886.74514602456,59.1,65554.87,PRJ-1497,2022-01-14,2025-10-25,2025-10-25,0,0
Ganga Expressway - Phase 5,Road Transport & Highways,UPEIDA,29587.59,0.95,0.36,0.84,45556.2,57.06,27210.21,PRJ-1498,2020-02-17,2022-04-07,2024-08-24,1,1
Bharatmala Pariyojana Phase-I - Phase 5,Road Transport & Highways,NHAI,270482.78,0.0,0.0,0.0,270482.78198954195,19.5,50504.05,PRJ-1499,2021-09-23,2024-02-10,2024-02-10,0,0
Subansiri Lower Hydroelectric Project - Phase 1,Power,NHPC,19620.94,0.42,0.79,0.74,29141.82,78.23,19962.1,PRJ-1500,2018-04-09,2021-09-20,2023-09-10,1,1
