Project_ID,Project_Name,Sector,Implementing_Agency,Original_Approved_Cost_Cr,Revised_Cost_Cr,Cumulative_Expenditure_Cr,Start_Date,Planned_Completion_Date,Current_Completion_Date,Physical_Progress_Pct,Milestones_Total,Milestones_Completed,Milestones_Delayed,Target_Cost_Overrun,Target_Time_Overrun
PRJ-0001,Railways Project 1,Railways,NHAI,3746.52,4221.38,791.45,2023-02-01,2028-03-02,2028-07-02,14.22,6,0,0,1,1
PRJ-0002,Petroleum Project 2,Petroleum,ONGC,2600.97,3015.46,2261.92,2018-08-01,2023-08-31,2023-12-01,63.49,7,4,4,1,1
PRJ-0003,Water Resources Project 3,Water Resources,CIL,904.08,904.08,275.95,2016-06-01,2020-04-01,2020-04-01,35.29,5,1,0,0,0
PRJ-0004,Telecommunications Project 4,Telecommunications,RVNL,4869.61,4869.61,3676.08,2020-10-01,2023-10-01,2023-10-01,54.68,5,2,0,1,0
PRJ-0005,Petroleum Project 5,Petroleum,CIL,4928.32,4928.32,4359.79,2022-11-01,2026-10-01,2028-10-31,82.98,8,6,6,0,1
PRJ-0006,Coal Project 6,Coal,RVNL,3104.29,4504.39,946.07,2023-04-01,2028-10-30,2029-05-01,19.71,8,1,1,1,1
PRJ-0007,Water Resources Project 7,Water Resources,AAI,1448.54,2272.18,1944.31,2022-07-01,2027-11-30,2027-11-30,83.87,9,7,0,1,0
PRJ-0008,Power Project 8,Power,ONGC,3763.2,3763.2,2989.71,2021-06-01,2024-07-31,2024-07-31,72.23,7,5,0,0,0
PRJ-0009,Civil Aviation Project 9,Civil Aviation,PWD,590.91,656.09,546.25,2021-10-01,2024-01-31,2027-07-02,61.47,12,7,5,1,1
PRJ-0010,Coal Project 10,Coal,NHAI,3449.37,5300.42,5147.42,2020-02-01,2023-08-02,2026-04-02,72.58,5,3,3,1,1
PRJ-0011,Coal Project 11,Coal,NTPC,2612.26,3641.27,3397.15,2018-03-01,2022-01-29,2022-01-29,80.75,13,10,0,1,0
PRJ-0012,Civil Aviation Project 12,Civil Aviation,NHAI,3054.88,3054.88,485.27,2019-04-01,2021-06-30,2024-09-30,15.07,6,0,0,0,1
PRJ-0013,Railways Project 13,Railways,PWD,4107.71,4107.71,1931.13,2022-09-01,2025-07-01,2028-12-01,52.94,11,5,2,0,1
PRJ-0014,Civil Aviation Project 14,Civil Aviation,ONGC,3607.8,3607.8,2506.28,2023-08-01,2026-03-01,2026-09-30,65.45,10,6,1,0,1
PRJ-0015,Civil Aviation Project 15,Civil Aviation,ONGC,3003.93,4323.59,377.27,2015-06-01,2017-09-30,2017-09-30,10.3,9,0,0,1,0
PRJ-0016,Telecommunications Project 16,Telecommunications,ONGC,2765.28,2765.28,2765.28,2018-08-01,2022-10-01,2023-07-01,84.41,15,12,7,1,1
PRJ-0017,Water Resources Project 17,Water Resources,AAI,2143.85,2143.85,266.34,2016-01-01,2020-01-31,2020-01-31,9.88,6,0,0,0,0
PRJ-0018,Petroleum Project 18,Petroleum,ONGC,1072.51,1072.51,458.54,2018-02-01,2022-06-02,2022-06-02,42.97,13,5,0,0,0
PRJ-0019,Railways Project 19,Railways,NHAI,3312.9,3312.9,181.46,2018-03-01,2022-05-01,2022-05-01,6.33,8,0,0,0,0
PRJ-0020,Urban Development Project 20,Urban Development,NHAI,948.49,1199.59,1199.59,2019-07-01,2025-02-28,2025-02-28,88.39,13,11,0,1,0
PRJ-0021,Telecommunications Project 21,Telecommunications,NTPC,1071.0,1159.0,695.57,2020-01-01,2022-04-01,2022-04-01,71.22,13,9,0,1,0
PRJ-0022,Civil Aviation Project 22,Civil Aviation,NTPC,425.87,425.87,294.75,2016-11-01,2020-02-01,2023-05-03,81.62,8,6,5,0,1
PRJ-0023,Road Transport & Highways Project 23,Road Transport & Highways,RVNL,2183.24,2183.24,1652.63,2018-11-01,2024-08-01,2026-03-02,52.05,11,5,2,1,1
PRJ-0024,Coal Project 24,Coal,PWD,1683.46,1683.46,217.55,2016-02-01,2020-12-01,2022-07-02,11.53,7,0,0,0,1
PRJ-0025,Water Resources Project 25,Water Resources,RVNL,4414.46,4414.46,1172.72,2019-10-01,2025-03-01,2025-03-01,19.2,15,2,0,0,0
PRJ-0026,Civil Aviation Project 26,Civil Aviation,CIL,4669.02,7157.47,2932.89,2023-03-01,2026-07-31,2027-11-30,28.8,10,2,1,1,1
PRJ-0027,Coal Project 27,Coal,PWD,1367.94,1367.94,162.85,2019-01-01,2020-12-31,2021-12-01,9.57,15,1,1,0,1
PRJ-0028,Power Project 28,Power,PWD,2825.65,2825.65,141.43,2017-09-01,2019-11-01,2019-11-01,5.87,14,0,0,0,0
PRJ-0029,Civil Aviation Project 29,Civil Aviation,NTPC,2234.47,2794.34,2794.34,2015-06-01,2018-07-01,2018-07-01,88.98,15,13,0,1,0
PRJ-0030,Railways Project 30,Railways,NHPC,3933.56,3933.56,2018.57,2017-04-01,2020-01-30,2020-01-30,41.57,7,2,0,0,0
PRJ-0031,Urban Development Project 31,Urban Development,NHAI,1019.9,1019.9,836.94,2018-05-01,2021-02-28,2021-02-28,75.41,6,4,0,0,0
PRJ-0032,Urban Development Project 32,Urban Development,NHAI,4314.18,6467.48,3043.79,2018-04-01,2020-05-01,2020-05-01,46.43,11,5,0,1,0
PRJ-0033,Water Resources Project 33,Water Resources,CIL,4342.11,4342.11,1633.55,2021-11-01,2026-09-01,2027-01-01,30.12,6,1,1,0,1
PRJ-0034,Power Project 34,Power,CIL,335.55,335.55,163.64,2021-10-01,2026-06-01,2029-08-31,36.11,8,2,2,1,1
PRJ-0035,Road Transport & Highways Project 35,Road Transport & Highways,AAI,158.2,158.2,110.25,2018-06-01,2022-08-31,2026-06-01,53.46,10,5,5,1,1
PRJ-0036,Water Resources Project 36,Water Resources,RVNL,3640.81,4442.18,2006.58,2019-09-01,2022-05-02,2026-01-30,41.76,11,4,2,1,1
PRJ-0037,Coal Project 37,Coal,AAI,2807.5,3390.91,1786.66,2020-08-01,2024-11-30,2026-04-01,43.69,13,5,4,1,1
PRJ-0038,Power Project 38,Power,RVNL,1526.36,1526.36,802.16,2018-11-01,2022-06-01,2023-09-01,60.73,7,4,1,0,1
PRJ-0039,Road Transport & Highways Project 39,Road Transport & Highways,ONGC,4922.09,4922.09,4083.84,2018-12-01,2024-07-31,2026-12-01,74.16,8,5,2,0,1
PRJ-0040,Road Transport & Highways Project 40,Road Transport & Highways,RVNL,3925.34,5857.63,4457.44,2023-04-01,2025-10-30,2025-10-30,67.63,12,8,0,1,0
PRJ-0041,Civil Aviation Project 41,Civil Aviation,NHPC,4757.69,4757.69,3729.65,2023-07-01,2028-05-30,2029-06-30,60.14,12,7,4,1,1
PRJ-0042,Coal Project 42,Coal,ONGC,4223.34,6240.92,2935.03,2022-02-01,2027-11-02,2029-07-03,48.61,10,4,3,1,1
PRJ-0043,Civil Aviation Project 43,Civil Aviation,RVNL,821.11,1175.56,681.21,2021-06-01,2026-04-01,2026-04-01,68.58,5,3,0,1,0
PRJ-0044,Petroleum Project 44,Petroleum,AAI,2038.96,2038.96,1495.63,2021-08-01,2023-08-01,2023-08-01,90.15,9,8,0,0,0
PRJ-0045,Urban Development Project 45,Urban Development,AAI,2760.37,2760.37,2760.37,2022-04-01,2025-08-31,2025-12-30,76.99,11,8,6,1,1
PRJ-0046,Urban Development Project 46,Urban Development,NTPC,4226.45,4226.45,4226.45,2021-10-01,2026-10-01,2026-10-01,93.26,6,5,0,0,0
PRJ-0047,Urban Development Project 47,Urban Development,NTPC,4354.23,5194.97,2001.95,2020-07-01,2023-12-01,2023-12-01,34.46,11,3,0,1,0
PRJ-0048,Coal Project 48,Coal,RVNL,2430.99,2430.99,345.42,2018-11-01,2021-03-02,2021-03-02,9.69,15,1,0,0,0
PRJ-0049,Road Transport & Highways Project 49,Road Transport & Highways,NHAI,4755.62,5046.71,838.82,2016-10-01,2019-11-01,2019-11-01,18.71,9,1,0,1,0
PRJ-0050,Water Resources Project 50,Water Resources,NTPC,3088.58,3088.58,2892.18,2017-05-01,2019-10-31,2019-10-31,69.65,9,6,0,1,0
PRJ-0051,Urban Development Project 51,Urban Development,AAI,4716.13,6487.76,5018.74,2019-11-01,2024-12-31,2024-12-31,79.75,14,11,0,1,0
PRJ-0052,Road Transport & Highways Project 52,Road Transport & Highways,NHPC,2733.81,2733.81,384.08,2015-07-01,2020-01-30,2022-03-31,11.21,15,1,1,0,1
PRJ-0053,Power Project 53,Power,AAI,1004.26,1004.26,785.6,2023-08-01,2027-12-31,2031-05-01,63.54,9,5,3,1,1
PRJ-0054,Petroleum Project 54,Petroleum,RVNL,1502.8,1502.8,1306.95,2021-06-01,2023-07-02,2023-07-02,72.54,10,7,0,1,0
PRJ-0055,Power Project 55,Power,PWD,1178.78,1178.78,594.81,2019-09-01,2021-08-31,2021-08-31,35.63,8,2,0,1,0
PRJ-0056,Railways Project 56,Railways,ONGC,3642.36,3642.36,3423.28,2022-08-01,2024-08-31,2026-01-30,73.23,11,8,4,1,1
PRJ-0057,Coal Project 57,Coal,NHPC,2445.31,2445.31,1399.92,2020-06-01,2026-01-30,2026-01-30,43.3,9,3,0,1,0
PRJ-0058,Coal Project 58,Coal,ONGC,735.18,820.28,582.27,2017-04-01,2020-05-01,2020-05-01,53.23,9,4,0,1,0
PRJ-0059,Civil Aviation Project 59,Civil Aviation,CIL,4905.48,4905.48,1634.79,2019-01-01,2024-10-01,2024-10-01,31.66,9,2,0,0,0
PRJ-0060,Road Transport & Highways Project 60,Road Transport & Highways,NHAI,2833.79,2833.79,653.12,2022-02-01,2024-02-01,2024-02-01,16.37,12,1,0,0,0
PRJ-0061,Telecommunications Project 61,Telecommunications,PWD,1802.42,1802.42,701.09,2016-02-01,2020-03-02,2020-03-02,27.72,14,3,0,1,0
PRJ-0062,Road Transport & Highways Project 62,Road Transport & Highways,NTPC,873.61,873.61,422.72,2016-09-01,2022-09-01,2026-01-31,32.35,14,4,2,1,1
PRJ-0063,Civil Aviation Project 63,Civil Aviation,AAI,2335.0,2335.0,2335.0,2019-10-01,2024-12-30,2025-09-30,82.41,8,6,6,1,1
PRJ-0064,Petroleum Project 64,Petroleum,CIL,3353.08,3841.28,362.23,2022-12-01,2028-01-31,2028-01-31,11.76,5,0,0,1,0
PRJ-0065,Petroleum Project 65,Petroleum,CIL,3578.74,3578.74,2102.67,2019-11-01,2024-11-30,2024-11-30,45.86,8,3,0,1,0
PRJ-0066,Urban Development Project 66,Urban Development,RVNL,2791.13,2791.13,2791.13,2016-01-01,2018-10-31,2018-10-31,86.76,14,12,0,1,0
PRJ-0067,Coal Project 67,Coal,PWD,753.12,753.12,747.41,2023-09-01,2028-04-01,2031-09-01,67.98,5,3,2,1,1
PRJ-0068,Water Resources Project 68,Water Resources,CIL,275.44,391.36,390.76,2015-11-01,2019-04-02,2019-04-02,82.45,7,5,0,1,0
PRJ-0069,Telecommunications Project 69,Telecommunications,PWD,4592.95,6301.21,4479.51,2016-08-01,2020-06-01,2022-05-02,62.13,15,9,2,1,1
PRJ-0070,Power Project 70,Power,NHPC,2146.48,2146.48,1498.69,2023-01-01,2027-06-02,2028-12-31,64.63,10,6,1,0,1
PRJ-0071,Urban Development Project 71,Urban Development,NHAI,3339.65,3339.65,1312.21,2020-10-01,2026-10-01,2026-10-01,42.19,12,5,0,0,0
PRJ-0072,Road Transport & Highways Project 72,Road Transport & Highways,ONGC,1445.22,1746.43,1676.92,2015-11-01,2020-12-31,2020-12-31,84.28,7,5,0,1,0
PRJ-0073,Coal Project 73,Coal,NHAI,2828.42,4513.43,4417.83,2016-11-01,2019-08-02,2019-08-02,87.16,9,7,0,1,0
PRJ-0074,Civil Aviation Project 74,Civil Aviation,CIL,2165.13,2165.13,1151.59,2017-07-01,2020-06-30,2020-06-30,47.5,13,6,0,0,0
PRJ-0075,Power Project 75,Power,RVNL,1489.8,1489.8,917.14,2023-05-01,2025-04-30,2027-03-01,42.34,14,5,5,1,1
PRJ-0076,Telecommunications Project 76,Telecommunications,NTPC,2315.75,2315.75,1078.76,2021-08-01,2025-04-01,2025-04-01,34.92,8,2,0,1,0
PRJ-0077,Urban Development Project 77,Urban Development,ONGC,4301.66,4301.66,1636.77,2021-07-01,2026-12-31,2026-12-31,33.64,15,5,0,0,0
PRJ-0078,Power Project 78,Power,PWD,4829.4,7635.01,2317.57,2022-02-01,2026-11-02,2026-11-02,34.88,5,1,0,1,0
PRJ-0079,Power Project 79,Power,AAI,4374.02,4374.02,691.14,2019-06-01,2024-08-30,2024-08-30,11.73,15,1,0,0,0
PRJ-0080,Railways Project 80,Railways,NHPC,4283.86,4283.86,1715.65,2022-09-01,2024-10-31,2024-10-31,39.2,8,3,0,0,0
PRJ-0081,Coal Project 81,Coal,ONGC,3771.82,3771.82,650.13,2016-08-01,2019-06-01,2019-06-01,13.86,5,0,0,0,0
PRJ-0082,Road Transport & Highways Project 82,Road Transport & Highways,NHPC,4011.3,5038.85,1068.73,2017-03-01,2020-01-30,2022-05-01,18.1,14,2,1,1,1
PRJ-0083,Telecommunications Project 83,Telecommunications,NTPC,1276.11,1276.11,749.44,2022-05-01,2027-11-30,2027-11-30,46.36,6,2,0,1,0
PRJ-0084,Telecommunications Project 84,Telecommunications,NHPC,4940.11,7801.01,5864.11,2019-04-01,2023-04-01,2023-04-01,67.13,6,4,0,1,0
PRJ-0085,Petroleum Project 85,Petroleum,AAI,2923.83,2923.83,2776.72,2021-05-01,2023-05-01,2023-05-01,94.34,15,14,0,0,0
PRJ-0086,Road Transport & Highways Project 86,Road Transport & Highways,PWD,4189.27,4189.27,3012.43,2020-04-01,2025-08-01,2027-03-02,74.82,15,11,11,0,1
PRJ-0087,Power Project 87,Power,RVNL,4531.51,4531.51,1647.72,2020-12-01,2023-08-02,2025-05-02,32.8,10,3,3,0,1
PRJ-0088,Urban Development Project 88,Urban Development,NTPC,1123.85,1123.85,995.57,2023-05-01,2026-02-28,2028-11-29,83.88,9,7,6,0,1
PRJ-0089,Water Resources Project 89,Water Resources,RVNL,2421.41,3546.84,1143.16,2021-09-01,2025-08-01,2027-12-02,25.31,5,1,1,1,1
PRJ-0090,Civil Aviation Project 90,Civil Aviation,RVNL,2355.71,2355.71,1866.06,2020-02-01,2025-09-01,2026-01-01,65.51,14,9,9,1,1
PRJ-0091,Water Resources Project 91,Water Resources,ONGC,3291.11,3291.11,1987.22,2021-02-01,2023-10-03,2024-03-03,46.78,9,4,4,1,1
PRJ-0092,Railways Project 92,Railways,RVNL,1288.78,1288.78,546.02,2023-07-01,2028-07-30,2028-07-30,39.98,7,2,0,0,0
PRJ-0093,Urban Development Project 93,Urban Development,RVNL,4193.41,4193.41,3737.82,2020-04-01,2024-07-31,2026-01-30,89.51,10,8,2,0,1
PRJ-0094,Water Resources Project 94,Water Resources,NHPC,443.67,702.11,702.11,2016-11-01,2019-12-02,2019-12-02,90.41,14,12,0,1,0
PRJ-0095,Road Transport & Highways Project 95,Road Transport & Highways,NHAI,3965.95,4438.92,2100.87,2023-04-01,2028-04-30,2029-09-30,55.81,10,5,2,1,1
PRJ-0096,Road Transport & Highways Project 96,Road Transport & Highways,CIL,4313.27,4837.31,1229.37,2015-03-01,2017-02-28,2018-08-30,27.56,14,3,2,1,1
PRJ-0097,Road Transport & Highways Project 97,Road Transport & Highways,NTPC,1437.03,1841.59,236.86,2022-06-01,2027-01-30,2027-01-30,15.23,12,1,0,1,0
PRJ-0098,Civil Aviation Project 98,Civil Aviation,ONGC,4735.27,7011.87,6782.67,2022-11-01,2024-12-01,2027-09-01,83.03,11,9,7,1,1
PRJ-0099,Railways Project 99,Railways,PWD,3605.15,3605.15,3176.83,2017-02-01,2019-10-03,2023-05-04,85.93,14,12,9,0,1
PRJ-0100,Water Resources Project 100,Water Resources,AAI,4973.94,4973.94,2789.72,2016-12-01,2019-07-02,2019-07-02,45.83,15,6,0,1,0
PRJ-0101,Civil Aviation Project 101,Civil Aviation,ONGC,2235.84,2235.84,1302.54,2021-07-01,2027-05-01,2029-10-31,42.24,10,4,3,1,1
PRJ-0102,Water Resources Project 102,Water Resources,NTPC,3481.08,3481.08,395.36,2021-02-01,2027-01-02,2027-01-02,13.21,7,0,0,0,0
PRJ-0103,Civil Aviation Project 103,Civil Aviation,NHAI,2994.36,2994.36,919.34,2020-11-01,2026-11-01,2027-05-03,34.67,9,3,3,0,1
PRJ-0104,Coal Project 104,Coal,NHPC,652.46,652.46,140.5,2016-06-01,2021-05-01,2022-12-31,18.93,14,2,1,0,1
PRJ-0105,Urban Development Project 105,Urban Development,NHAI,3103.63,3103.63,1716.13,2019-12-01,2025-11-30,2027-12-01,67.41,10,6,1,0,1
PRJ-0106,Power Project 106,Power,NTPC,2896.66,2896.66,639.93,2015-02-01,2021-01-01,2021-01-01,17.77,11,1,0,0,0
PRJ-0107,Urban Development Project 107,Urban Development,PWD,1803.35,1803.35,1694.87,2016-01-01,2018-10-01,2022-04-02,69.94,5,3,3,1,1
PRJ-0108,Railways Project 108,Railways,CIL,2299.1,2299.1,1494.49,2018-09-01,2021-04-01,2022-01-31,59.64,9,5,5,0,1
PRJ-0109,Telecommunications Project 109,Telecommunications,CIL,370.27,370.27,175.76,2019-04-01,2021-11-30,2021-11-30,58.94,9,5,0,0,0
PRJ-0110,Water Resources Project 110,Water Resources,RVNL,187.49,187.49,41.6,2018-09-01,2023-08-01,2023-08-01,20.81,10,2,0,0,0
PRJ-0111,Railways Project 111,Railways,AAI,4329.56,4590.67,4590.67,2021-10-01,2025-10-31,2025-10-31,87.9,11,9,0,1,0
PRJ-0112,Coal Project 112,Coal,RVNL,2114.41,2114.41,633.36,2022-12-01,2026-10-31,2027-08-01,20.47,8,1,1,0,1
PRJ-0113,Urban Development Project 113,Urban Development,RVNL,2069.47,2559.38,821.58,2023-11-01,2026-06-01,2026-06-01,34.98,8,2,0,1,0
PRJ-0114,Water Resources Project 114,Water Resources,NHPC,3677.79,3677.79,2781.81,2017-05-01,2020-04-30,2021-05-01,78.35,15,11,2,0,1
PRJ-0115,Power Project 115,Power,PWD,2400.17,2400.17,1751.37,2020-11-01,2024-07-02,2025-01-31,57.15,12,6,4,1,1
PRJ-0116,Coal Project 116,Coal,CIL,3018.39,3018.39,395.99,2015-01-01,2018-12-01,2018-12-01,11.68,6,0,0,0,0
PRJ-0117,Railways Project 117,Railways,AAI,2394.15,2394.15,2394.15,2022-10-01,2028-03-01,2031-08-01,76.26,12,9,9,1,1
PRJ-0118,Power Project 118,Power,NHAI,2335.04,2335.04,2335.04,2016-09-01,2022-01-31,2023-08-02,80.36,12,9,8,1,1
PRJ-0119,Civil Aviation Project 119,Civil Aviation,NTPC,1914.91,1914.91,1024.68,2015-11-01,2021-04-01,2023-04-02,39.87,6,2,2,1,1
PRJ-0120,Coal Project 120,Coal,CIL,3660.11,3660.11,3660.11,2020-02-01,2025-03-02,2025-03-02,86.57,10,8,0,1,0
PRJ-0121,Coal Project 121,Coal,AAI,775.42,775.42,116.57,2020-03-01,2025-08-31,2025-08-31,12.62,15,1,0,0,0
PRJ-0122,Civil Aviation Project 122,Civil Aviation,RVNL,3283.22,3283.22,1299.55,2017-04-01,2020-12-30,2020-12-30,37.56,12,4,0,0,0
PRJ-0123,Petroleum Project 123,Petroleum,ONGC,4999.89,6063.29,5319.22,2023-12-01,2028-08-31,2030-08-31,75.93,14,10,3,1,1
PRJ-0124,Urban Development Project 124,Urban Development,NTPC,936.9,936.9,936.9,2017-12-01,2022-04-01,2024-06-01,74.4,15,11,4,1,1
PRJ-0125,Telecommunications Project 125,Telecommunications,CIL,3799.1,3799.1,957.79,2022-04-01,2026-03-01,2026-03-01,26.06,14,3,0,0,0
PRJ-0126,Telecommunications Project 126,Telecommunications,PWD,3881.78,3881.78,2132.55,2017-04-01,2022-06-01,2023-12-31,50.26,5,2,2,0,1
PRJ-0127,Water Resources Project 127,Water Resources,RVNL,3600.29,3600.29,501.46,2017-05-01,2021-08-30,2021-08-30,16.22,7,1,0,0,0
PRJ-0128,Urban Development Project 128,Urban Development,RVNL,4740.1,6153.22,1836.65,2015-07-01,2020-02-29,2022-05-31,36.46,6,2,2,1,1
PRJ-0129,Petroleum Project 129,Petroleum,NHAI,1695.62,2446.93,776.67,2015-05-01,2019-10-30,2019-10-30,35.18,7,2,0,1,0
PRJ-0130,Telecommunications Project 130,Telecommunications,PWD,3134.44,3134.44,200.01,2017-09-01,2023-07-02,2023-07-02,6.71,11,0,0,0,0
PRJ-0131,Railways Project 131,Railways,CIL,1302.56,1538.51,1188.66,2016-02-01,2020-09-01,2020-09-01,62.51,5,3,0,1,0
PRJ-0132,Civil Aviation Project 132,Civil Aviation,ONGC,3634.94,3819.81,1683.78,2017-11-01,2023-05-03,2025-07-02,36.75,6,2,1,1,1
PRJ-0133,Urban Development Project 133,Urban Development,PWD,361.14,361.14,184.44,2020-02-01,2023-12-02,2027-09-02,38.6,15,5,1,1,1
PRJ-0134,Water Resources Project 134,Water Resources,NTPC,365.03,365.03,263.42,2022-12-01,2027-06-01,2027-06-01,78.22,7,5,0,0,0
PRJ-0135,Railways Project 135,Railways,PWD,329.37,489.15,423.08,2019-09-01,2023-10-01,2023-10-01,84.72,13,11,0,1,0
PRJ-0136,Telecommunications Project 136,Telecommunications,CIL,327.61,327.61,141.39,2015-11-01,2019-08-01,2021-10-01,30.75,11,3,2,1,1
PRJ-0137,Telecommunications Project 137,Telecommunications,AAI,1794.33,2567.04,1326.89,2019-02-01,2024-12-01,2027-06-03,38.06,14,5,2,1,1
PRJ-0138,Civil Aviation Project 138,Civil Aviation,CIL,1707.88,2414.1,960.99,2021-03-01,2026-10-30,2029-05-31,32.58,5,1,1,1,1
PRJ-0139,Urban Development Project 139,Urban Development,CIL,3251.43,3251.43,419.48,2021-06-01,2026-01-30,2026-01-30,10.16,15,1,0,0,0
PRJ-0140,Power Project 140,Power,NHAI,842.48,842.48,523.1,2016-04-01,2021-08-31,2023-12-01,75.32,14,10,1,0,1
PRJ-0141,Power Project 141,Power,PWD,4751.79,4751.79,4207.45,2023-06-01,2027-07-01,2029-03-01,73.68,8,5,1,1,1
PRJ-0142,Road Transport & Highways Project 142,Road Transport & Highways,NTPC,2570.36,2570.36,1403.91,2019-12-01,2024-03-31,2027-10-01,55.55,9,4,4,0,1
PRJ-0143,Petroleum Project 143,Petroleum,RVNL,808.28,925.45,925.45,2020-11-01,2024-09-01,2024-09-01,69.2,13,8,0,1,0
PRJ-0144,Civil Aviation Project 144,Civil Aviation,CIL,4472.96,4472.96,4472.96,2017-06-01,2022-01-30,2023-05-02,69.06,7,4,2,1,1
PRJ-0145,Telecommunications Project 145,Telecommunications,NHAI,1900.35,1900.35,1331.11,2017-10-01,2020-03-01,2022-07-02,47.07,12,5,5,1,1
PRJ-0146,Urban Development Project 146,Urban Development,AAI,4143.2,6566.18,4598.43,2023-06-01,2026-01-30,2026-01-30,62.81,13,8,0,1,0
PRJ-0147,Power Project 147,Power,NTPC,2248.2,2248.2,199.2,2017-05-01,2020-02-29,2024-03-01,9.99,8,0,0,0,1
PRJ-0148,Water Resources Project 148,Water Resources,CIL,4252.78,5950.84,2882.96,2019-10-01,2024-07-31,2028-03-31,54.58,7,3,3,1,1
PRJ-0149,Power Project 149,Power,NTPC,3344.85,3344.85,2764.04,2015-01-01,2017-06-01,2021-01-31,59.46,14,8,5,1,1
PRJ-0150,Petroleum Project 150,Petroleum,AAI,3147.83,4844.35,3274.25,2019-08-01,2022-10-31,2022-10-31,54.1,15,8,0,1,0
PRJ-0151,Urban Development Project 151,Urban Development,CIL,2349.69,2349.69,492.93,2022-04-01,2025-12-30,2025-12-30,19.23,10,1,0,0,0
PRJ-0152,Water Resources Project 152,Water Resources,NHPC,4880.56,6119.23,3478.71,2022-02-01,2025-07-03,2026-07-03,55.55,6,3,1,1,1
PRJ-0153,Coal Project 153,Coal,AAI,4341.19,4341.19,4341.19,2020-10-01,2026-08-01,2027-09-01,91.64,12,10,9,0,1
PRJ-0154,Telecommunications Project 154,Telecommunications,PWD,4413.52,4413.52,621.69,2022-04-01,2025-05-01,2025-05-01,13.1,5,0,0,0,0
PRJ-0155,Road Transport & Highways Project 155,Road Transport & Highways,CIL,2550.24,2550.24,1839.92,2023-01-01,2025-07-02,2027-01-31,63.88,10,6,4,0,1
PRJ-0156,Water Resources Project 156,Water Resources,NHAI,2092.82,2092.82,559.56,2016-07-01,2021-03-01,2021-03-01,22.52,13,2,0,0,0
PRJ-0157,Coal Project 157,Coal,RVNL,774.02,971.6,971.6,2020-03-01,2023-03-01,2023-03-01,93.81,11,10,0,1,0
PRJ-0158,Civil Aviation Project 158,Civil Aviation,NHAI,369.72,455.93,243.25,2023-03-01,2026-10-30,2026-10-30,47.64,10,4,0,1,0
PRJ-0159,Power Project 159,Power,AAI,4954.49,4954.49,1638.07,2023-09-01,2028-04-01,2028-04-01,31.93,9,2,0,0,0
PRJ-0160,Telecommunications Project 160,Telecommunications,NHAI,1936.54,1936.54,1936.54,2015-10-01,2020-03-31,2023-12-01,93.19,14,13,10,0,1
PRJ-0161,Petroleum Project 161,Petroleum,NHAI,2980.09,4160.1,3511.64,2017-11-01,2021-01-31,2024-12-31,60.78,6,3,1,1,1
PRJ-0162,Road Transport & Highways Project 162,Road Transport & Highways,PWD,1671.41,2389.74,1345.19,2022-12-01,2028-09-30,2029-08-31,41.93,13,5,2,1,1
PRJ-0163,Civil Aviation Project 163,Civil Aviation,NHPC,4990.9,4990.9,2854.06,2022-09-01,2026-06-01,2026-06-01,38.91,15,5,0,1,0
PRJ-0164,Coal Project 164,Coal,PWD,1082.48,1468.87,549.08,2019-05-01,2025-01-29,2029-01-29,25.24,12,3,2,1,1
PRJ-0165,Telecommunications Project 165,Telecommunications,NHPC,2868.36,2868.36,2009.33,2023-07-01,2027-07-31,2027-07-31,69.95,7,4,0,0,0
PRJ-0166,Coal Project 166,Coal,NHAI,1545.01,1545.01,620.11,2019-12-01,2024-05-31,2027-07-02,36.17,9,3,3,0,1
PRJ-0167,Coal Project 167,Coal,NTPC,679.75,679.75,150.74,2023-04-01,2028-07-31,2029-05-01,26.54,11,2,2,0,1
PRJ-0168,Telecommunications Project 168,Telecommunications,RVNL,3453.78,5458.65,4622.99,2022-08-01,2027-12-31,2029-09-30,93.01,10,9,5,1,1
PRJ-0169,Road Transport & Highways Project 169,Road Transport & Highways,RVNL,3313.65,4825.59,3250.16,2017-07-01,2020-05-31,2020-05-31,81.53,5,4,0,1,0
PRJ-0170,Urban Development Project 170,Urban Development,PWD,1053.61,1053.61,882.18,2015-01-01,2018-08-01,2018-08-01,83.51,6,5,0,0,0
PRJ-0171,Water Resources Project 171,Water Resources,CIL,2353.59,2353.59,1747.29,2017-09-01,2022-01-31,2022-12-01,52.19,10,5,2,1,1
PRJ-0172,Telecommunications Project 172,Telecommunications,CIL,3635.2,4490.97,1802.41,2018-03-01,2023-05-31,2023-05-31,31.55,11,3,0,1,0
PRJ-0173,Urban Development Project 173,Urban Development,NHPC,570.68,570.68,110.9,2020-04-01,2022-04-01,2023-10-01,21.63,12,2,2,0,1
PRJ-0174,Water Resources Project 174,Water Resources,CIL,2974.93,2974.93,892.93,2018-01-01,2023-07-03,2025-05-02,28.54,7,1,1,0,1
PRJ-0175,Civil Aviation Project 175,Civil Aviation,CIL,3497.91,3497.91,3315.87,2018-04-01,2020-11-30,2020-11-30,89.66,12,10,0,0,0
PRJ-0176,Water Resources Project 176,Water Resources,AAI,3554.41,3554.41,3540.18,2018-04-01,2023-10-31,2023-10-31,73.16,6,4,0,1,0
PRJ-0177,Civil Aviation Project 177,Civil Aviation,PWD,2711.64,2711.64,2085.7,2023-09-01,2026-08-31,2026-08-31,87.55,7,6,0,0,0
PRJ-0178,Power Project 178,Power,NHPC,4294.26,4294.26,3702.56,2022-02-01,2026-10-02,2027-04-03,66.23,12,7,2,1,1
PRJ-0179,Civil Aviation Project 179,Civil Aviation,AAI,2365.47,3085.3,3085.3,2021-05-01,2023-05-01,2023-05-01,77.62,14,10,0,1,0
PRJ-0180,Railways Project 180,Railways,NHAI,2204.93,2204.93,997.18,2016-08-01,2018-10-01,2019-12-01,53.7,7,3,3,0,1
PRJ-0181,Urban Development Project 181,Urban Development,NHPC,4965.35,4965.35,4965.35,2021-02-01,2026-09-02,2026-09-02,83.27,13,10,0,1,0
PRJ-0182,Power Project 182,Power,NHPC,725.37,725.37,260.43,2018-01-01,2024-01-01,2025-11-01,40.38,12,4,4,0,1
PRJ-0183,Civil Aviation Project 183,Civil Aviation,AAI,4143.3,5139.3,2230.92,2016-01-01,2021-07-02,2021-10-31,29.81,8,2,1,1,1
PRJ-0184,Railways Project 184,Railways,RVNL,3030.63,3030.63,2799.17,2018-12-01,2021-01-30,2022-07-01,65.48,13,8,4,1,1
PRJ-0185,Road Transport & Highways Project 185,Road Transport & Highways,NTPC,2593.89,3887.42,2817.83,2020-04-01,2023-10-31,2023-10-31,70.84,15,10,0,1,0
PRJ-0186,Civil Aviation Project 186,Civil Aviation,ONGC,2155.77,2923.64,2238.87,2017-11-01,2023-06-02,2026-04-02,58.25,5,2,2,1,1
PRJ-0187,Urban Development Project 187,Urban Development,NHPC,3527.1,3527.1,1047.89,2023-08-01,2026-10-31,2026-10-31,31.99,9,2,0,0,0
PRJ-0188,Power Project 188,Power,PWD,4586.49,4586.49,4586.49,2017-07-01,2020-09-30,2022-09-30,92.1,15,13,2,0,1
PRJ-0189,Telecommunications Project 189,Telecommunications,NHPC,598.45,598.45,130.9,2015-02-01,2018-01-31,2018-01-31,22.14,14,3,0,0,0
PRJ-0190,Civil Aviation Project 190,Civil Aviation,ONGC,2475.06,2475.06,1272.25,2015-04-01,2018-03-31,2018-03-31,34.97,6,2,0,1,0
PRJ-0191,Telecommunications Project 191,Telecommunications,ONGC,3523.79,3523.79,1387.62,2020-05-01,2024-05-01,2024-05-01,40.7,15,6,0,0,0
PRJ-0192,Water Resources Project 192,Water Resources,CIL,1418.57,1418.57,613.31,2022-06-01,2025-07-01,2027-12-01,49.75,5,2,1,0,1
PRJ-0193,Power Project 193,Power,NHAI,1414.75,1414.75,882.7,2017-04-01,2020-12-30,2024-03-31,57.12,8,4,4,0,1
PRJ-0194,Civil Aviation Project 194,Civil Aviation,NHPC,1398.03,1398.03,1398.03,2022-08-01,2025-05-31,2025-05-31,91.99,10,9,0,0,0
PRJ-0195,Power Project 195,Power,NTPC,3643.52,3643.52,3643.52,2015-09-01,2017-10-31,2017-10-31,87.52,6,5,0,1,0
PRJ-0196,Road Transport & Highways Project 196,Road Transport & Highways,NHAI,2150.1,2150.1,719.22,2015-04-01,2019-11-30,2019-11-30,25.83,5,1,0,0,0
PRJ-0197,Telecommunications Project 197,Telecommunications,PWD,226.3,226.3,77.19,2019-09-01,2023-03-02,2027-01-31,42.02,15,6,4,0,1
PRJ-0198,Power Project 198,Power,RVNL,4602.54,4602.54,1515.68,2019-06-01,2022-10-31,2022-10-31,26.69,6,1,0,0,0
PRJ-0199,Water Resources Project 199,Water Resources,AAI,2376.14,3406.15,1503.77,2016-11-01,2022-04-02,2022-04-02,32.0,6,1,0,1,0
PRJ-0200,Urban Development Project 200,Urban Development,AAI,1979.27,1979.27,1593.39,2016-08-01,2020-10-31,2020-10-31,62.31,10,6,0,1,0
PRJ-0201,Railways Project 201,Railways,NHAI,1264.37,1264.37,1018.49,2019-01-01,2021-05-02,2021-05-02,67.31,9,6,0,1,0
PRJ-0202,Civil Aviation Project 202,Civil Aviation,NHAI,1019.87,1019.87,61.78,2017-12-01,2021-12-31,2021-12-31,6.41,9,0,0,0,0
PRJ-0203,Power Project 203,Power,ONGC,2898.48,2898.48,2251.87,2021-12-01,2024-08-01,2024-08-01,65.93,6,3,0,1,0
PRJ-0204,Civil Aviation Project 204,Civil Aviation,NHPC,410.43,410.43,343.0,2021-06-01,2023-07-02,2023-07-02,80.48,12,9,0,0,0
PRJ-0205,Telecommunications Project 205,Telecommunications,ONGC,1875.68,1875.68,1049.79,2021-02-01,2026-05-03,2027-11-02,43.87,6,2,1,1,1
PRJ-0206,Coal Project 206,Coal,NTPC,1993.0,1993.0,403.65,2020-02-01,2022-07-02,2024-05-02,18.88,12,2,2,0,1
PRJ-0207,Coal Project 207,Coal,RVNL,792.66,1027.97,613.02,2015-02-01,2018-12-02,2018-12-02,54.93,14,7,0,1,0
PRJ-0208,Water Resources Project 208,Water Resources,AAI,209.85,209.85,206.12,2023-04-01,2028-03-31,2028-03-31,75.13,15,11,0,1,0
PRJ-0209,Urban Development Project 209,Urban Development,NTPC,823.37,1087.85,128.42,2021-05-01,2025-10-30,2025-10-30,10.69,10,1,0,1,0
PRJ-0210,Coal Project 210,Coal,ONGC,3646.36,3646.36,2471.88,2017-05-01,2019-05-01,2019-05-01,60.5,10,6,0,0,0
PRJ-0211,Urban Development Project 211,Urban Development,NHPC,2285.08,2285.08,2270.3,2017-05-01,2020-12-30,2020-12-30,79.12,8,6,0,1,0
PRJ-0212,Telecommunications Project 212,Telecommunications,NHPC,1011.54,1011.54,448.33,2022-10-01,2025-12-31,2027-08-31,33.72,11,3,2,1,1
PRJ-0213,Railways Project 213,Railways,ONGC,3022.3,3022.3,2376.42,2022-12-01,2025-12-31,2027-10-01,66.35,6,3,2,1,1
PRJ-0214,Telecommunications Project 214,Telecommunications,NTPC,3221.68,4549.86,4268.35,2016-08-01,2021-10-01,2021-10-01,69.37,11,7,0,1,0
PRJ-0215,Civil Aviation Project 215,Civil Aviation,AAI,2786.68,2786.68,1485.5,2023-10-01,2029-01-30,2029-01-30,37.36,6,2,0,1,0
PRJ-0216,Petroleum Project 216,Petroleum,NHPC,956.74,956.74,666.82,2021-06-01,2025-08-31,2026-06-01,55.69,9,5,2,1,1
PRJ-0217,Civil Aviation Project 217,Civil Aviation,ONGC,2312.03,2312.03,2087.93,2023-03-01,2026-12-30,2026-12-30,74.51,12,8,0,1,0
PRJ-0218,Railways Project 218,Railways,CIL,2167.48,2167.48,488.41,2017-06-01,2020-12-30,2022-05-01,15.45,13,2,2,0,1
PRJ-0219,Water Resources Project 219,Water Resources,PWD,623.47,623.47,241.44,2015-12-01,2018-07-01,2020-07-01,45.72,15,6,1,0,1
PRJ-0220,Power Project 220,Power,ONGC,2652.57,2652.57,1013.69,2022-04-01,2026-05-01,2026-05-01,34.79,7,2,0,0,0
PRJ-0221,Urban Development Project 221,Urban Development,AAI,291.58,291.58,80.6,2021-01-01,2026-10-02,2028-06-02,22.76,6,1,1,0,1
PRJ-0222,Civil Aviation Project 222,Civil Aviation,NTPC,1924.1,2140.9,1598.89,2020-10-01,2024-10-01,2024-10-01,65.36,14,9,0,1,0
PRJ-0223,Railways Project 223,Railways,NHPC,1857.13,1857.13,484.79,2019-10-01,2024-10-30,2025-09-30,20.53,10,2,1,0,1
PRJ-0224,Petroleum Project 224,Petroleum,CIL,717.2,717.2,136.23,2017-10-01,2021-10-01,2024-08-01,17.72,15,2,1,0,1
PRJ-0225,Civil Aviation Project 225,Civil Aviation,NTPC,2524.76,3087.83,1179.02,2020-01-01,2024-08-01,2026-11-01,45.59,13,5,5,1,1
PRJ-0226,Telecommunications Project 226,Telecommunications,AAI,3470.78,3470.78,3194.54,2016-10-01,2018-11-01,2018-11-01,80.59,8,6,0,1,0
PRJ-0227,Coal Project 227,Coal,NHAI,1483.04,1483.04,334.56,2022-09-01,2027-05-02,2028-03-02,20.14,9,1,1,0,1
PRJ-0228,Civil Aviation Project 228,Civil Aviation,NHAI,3836.02,3836.02,1038.72,2018-05-01,2020-06-30,2022-07-31,24.67,6,1,1,0,1
PRJ-0229,Railways Project 229,Railways,ONGC,1167.91,1167.91,1097.97,2021-03-01,2026-05-31,2027-09-30,67.02,8,5,1,1,1
PRJ-0230,Water Resources Project 230,Water Resources,CIL,3044.76,4836.45,1820.28,2023-11-01,2026-05-02,2028-09-30,31.34,5,1,1,1,1
PRJ-0231,Power Project 231,Power,NTPC,1360.93,1360.93,1360.93,2021-08-01,2024-05-01,2024-05-01,79.56,9,7,0,1,0
PRJ-0232,Urban Development Project 232,Urban Development,AAI,2342.16,2342.16,1706.4,2023-12-01,2027-05-02,2027-05-02,84.21,10,8,0,0,0
PRJ-0233,Telecommunications Project 233,Telecommunications,PWD,1737.35,2563.94,2386.05,2022-11-01,2028-05-02,2028-05-02,70.95,6,4,0,1,0
PRJ-0234,Civil Aviation Project 234,Civil Aviation,AAI,1206.48,1206.48,286.91,2019-06-01,2024-04-30,2024-04-30,24.07,14,3,0,0,0
PRJ-0235,Telecommunications Project 235,Telecommunications,NHPC,4486.65,4486.65,507.26,2022-01-01,2024-08-01,2024-08-01,9.13,7,0,0,0,0
PRJ-0236,Telecommunications Project 236,Telecommunications,PWD,153.28,153.28,45.61,2017-11-01,2021-06-01,2023-01-31,23.21,6,1,1,0,1
PRJ-0237,Coal Project 237,Coal,RVNL,1953.44,1953.44,418.84,2019-12-01,2025-07-31,2025-07-31,19.9,11,2,0,0,0
PRJ-0238,Railways Project 238,Railways,RVNL,155.27,155.27,25.21,2022-01-01,2024-01-01,2024-01-01,16.94,6,1,0,0,0
PRJ-0239,Urban Development Project 239,Urban Development,NTPC,2466.85,2711.39,1833.81,2020-05-01,2022-12-31,2023-11-30,77.54,15,11,11,1,1
PRJ-0240,Power Project 240,Power,RVNL,2722.97,3832.61,2232.4,2017-07-01,2022-09-30,2022-09-30,44.61,8,3,0,1,0
PRJ-0241,Railways Project 241,Railways,RVNL,829.06,1203.38,485.26,2017-04-01,2020-08-31,2020-08-31,36.64,8,2,0,1,0
PRJ-0242,Civil Aviation Project 242,Civil Aviation,CIL,3928.0,3928.0,3928.0,2019-04-01,2023-12-31,2023-12-31,81.31,8,6,0,1,0
PRJ-0243,Urban Development Project 243,Urban Development,CIL,3283.92,3283.92,2428.74,2021-02-01,2024-05-03,2024-05-03,76.44,14,10,0,0,0
PRJ-0244,Railways Project 244,Railways,NHAI,4936.38,4936.38,1168.71,2021-06-01,2026-04-01,2026-04-01,16.88,12,2,0,0,0
PRJ-0245,Railways Project 245,Railways,NHAI,2998.71,3504.47,3504.47,2021-09-01,2025-03-02,2025-03-02,88.03,13,11,0,1,0
PRJ-0246,Urban Development Project 246,Urban Development,AAI,3553.78,4780.23,2872.49,2019-02-01,2023-10-02,2023-10-02,60.44,7,4,0,1,0
PRJ-0247,Civil Aviation Project 247,Civil Aviation,NHPC,2045.05,2045.05,2045.05,2016-05-01,2021-12-30,2023-07-01,80.11,5,4,2,1,1
PRJ-0248,Railways Project 248,Railways,AAI,712.53,712.53,89.77,2017-02-01,2019-02-01,2019-02-01,9.95,5,0,0,0,0
PRJ-0249,Power Project 249,Power,PWD,4772.13,4772.13,4698.32,2017-06-01,2020-01-31,2020-01-31,75.47,9,6,0,1,0
PRJ-0250,Railways Project 250,Railways,NHAI,1774.8,1774.8,910.81,2016-08-01,2020-12-31,2020-12-31,52.15,5,2,0,0,0
PRJ-0251,Telecommunications Project 251,Telecommunications,NTPC,1933.29,2139.37,1582.74,2018-12-01,2023-08-01,2023-10-31,56.65,8,4,1,1,1
PRJ-0252,Telecommunications Project 252,Telecommunications,NHPC,2007.45,3135.91,3058.65,2021-04-01,2024-11-30,2026-10-31,82.17,9,7,7,1,1
PRJ-0253,Railways Project 253,Railways,NHPC,729.09,729.09,67.91,2023-01-01,2027-01-31,2029-10-01,9.74,9,0,0,0,1
PRJ-0254,Coal Project 254,Coal,NHPC,568.97,568.97,218.24,2019-12-01,2025-03-01,2027-05-02,38.2,14,5,4,0,1
PRJ-0255,Petroleum Project 255,Petroleum,ONGC,880.25,880.25,74.21,2015-06-01,2017-05-31,2017-05-31,7.15,11,0,0,0,0
PRJ-0256,Coal Project 256,Coal,RVNL,1145.19,1145.19,721.56,2017-12-01,2021-05-02,2022-10-01,42.78,13,5,4,1,1
PRJ-0257,Water Resources Project 257,Water Resources,PWD,4876.59,5376.77,1257.36,2016-10-01,2021-10-01,2025-07-02,17.02,7,1,1,1,1
PRJ-0258,Coal Project 258,Coal,CIL,4276.93,4276.93,2386.73,2020-06-01,2024-09-30,2025-05-01,40.37,8,3,1,1,1
PRJ-0259,Railways Project 259,Railways,NTPC,662.44,662.44,194.88,2020-04-01,2024-07-31,2026-03-02,33.26,6,1,1,0,1
PRJ-0260,Power Project 260,Power,CIL,4157.98,4157.98,497.04,2020-03-01,2022-07-31,2022-07-31,8.63,10,0,0,0,0
PRJ-0261,Urban Development Project 261,Urban Development,NHAI,3434.34,5477.33,462.72,2022-09-01,2028-08-01,2028-08-01,7.8,6,0,0,1,0
PRJ-0262,Telecommunications Project 262,Telecommunications,RVNL,4048.9,4277.97,4277.97,2017-04-01,2021-05-01,2024-11-30,79.73,15,11,2,1,1
PRJ-0263,Coal Project 263,Coal,RVNL,255.73,395.45,158.09,2020-02-01,2022-04-02,2022-04-02,44.91,5,2,0,1,0
PRJ-0264,Power Project 264,Power,AAI,4135.17,4135.17,404.36,2017-06-01,2020-07-01,2020-07-01,7.65,9,0,0,0,0
PRJ-0265,Coal Project 265,Coal,PWD,4434.61,6166.53,1683.36,2021-09-01,2026-03-02,2027-11-01,27.12,11,2,1,1,1
PRJ-0266,Urban Development Project 266,Urban Development,ONGC,3266.86,3266.86,1339.95,2023-01-01,2027-01-01,2027-01-01,27.42,10,2,0,1,0
PRJ-0267,Telecommunications Project 267,Telecommunications,PWD,1818.57,1818.57,610.62,2015-06-01,2020-07-31,2022-04-01,33.94,5,1,1,0,1
PRJ-0268,Civil Aviation Project 268,Civil Aviation,NHPC,3869.18,3869.18,3119.45,2018-05-01,2023-03-01,2023-03-01,92.66,5,4,0,0,0
PRJ-0269,Petroleum Project 269,Petroleum,AAI,1870.8,1870.8,1400.28,2020-12-01,2026-08-01,2029-12-01,81.07,5,4,3,0,1
PRJ-0270,Power Project 270,Power,ONGC,4207.98,4207.98,4207.98,2017-08-01,2019-10-01,2021-03-01,92.33,14,12,4,0,1
PRJ-0271,Road Transport & Highways Project 271,Road Transport & Highways,PWD,153.31,153.31,31.61,2017-06-01,2019-08-31,2022-12-31,23.13,7,1,1,0,1
PRJ-0272,Civil Aviation Project 272,Civil Aviation,NHPC,4808.71,4808.71,4648.81,2016-06-01,2019-12-31,2021-01-30,89.77,11,9,8,0,1
PRJ-0273,Water Resources Project 273,Water Resources,NTPC,3579.84,3579.84,3579.84,2020-04-01,2025-10-01,2025-10-01,85.06,7,5,0,1,0
PRJ-0274,Urban Development Project 274,Urban Development,CIL,3709.88,4257.98,283.74,2021-10-01,2023-12-01,2025-10-31,5.16,14,0,0,1,1
PRJ-0275,Petroleum Project 275,Petroleum,RVNL,4692.94,6851.41,2692.89,2017-11-01,2020-04-01,2020-04-01,26.42,15,3,0,1,0
PRJ-0276,Water Resources Project 276,Water Resources,PWD,205.27,293.79,145.02,2015-01-01,2019-01-01,2021-06-01,36.54,7,2,2,1,1
PRJ-0277,Telecommunications Project 277,Telecommunications,AAI,1853.47,1853.47,1853.47,2018-03-01,2022-06-30,2022-11-30,79.59,9,7,1,1,1
PRJ-0278,Water Resources Project 278,Water Resources,CIL,4765.56,5449.69,2774.31,2023-02-01,2026-11-01,2026-11-01,38.79,14,5,0,1,0
PRJ-0279,Telecommunications Project 279,Telecommunications,NHAI,2241.92,2241.92,1476.55,2015-02-01,2018-11-01,2020-02-01,59.66,11,6,6,0,1
PRJ-0280,Civil Aviation Project 280,Civil Aviation,CIL,3353.9,3698.53,1768.53,2022-03-01,2024-05-30,2026-11-30,40.36,6,2,2,1,1
PRJ-0281,Telecommunications Project 281,Telecommunications,ONGC,620.39,869.17,869.17,2016-05-01,2020-05-31,2020-05-31,92.94,15,13,0,1,0
PRJ-0282,Coal Project 282,Coal,RVNL,3263.05,3263.05,1336.63,2017-08-01,2019-10-01,2022-06-01,38.39,9,3,1,0,1
PRJ-0283,Coal Project 283,Coal,NHAI,882.98,882.98,153.35,2023-07-01,2029-06-30,2029-06-30,13.7,13,1,0,0,0
PRJ-0284,Road Transport & Highways Project 284,Road Transport & Highways,AAI,4119.27,4119.27,3082.99,2022-10-01,2025-12-31,2025-12-31,53.2,6,3,0,1,0
PRJ-0285,Urban Development Project 285,Urban Development,NHAI,2585.19,2585.19,2537.88,2017-02-01,2023-02-01,2024-03-03,77.04,8,6,2,1,1
PRJ-0286,Power Project 286,Power,NHAI,2203.37,2203.37,1458.64,2017-10-01,2021-01-30,2021-08-31,44.19,6,2,2,1,1
PRJ-0287,Civil Aviation Project 287,Civil Aviation,AAI,2827.46,2827.46,2110.78,2015-12-01,2021-03-01,2021-03-01,51.77,11,5,0,1,0
PRJ-0288,Railways Project 288,Railways,AAI,875.77,875.77,742.18,2016-02-01,2021-01-31,2021-01-31,57.44,9,5,0,1,0
PRJ-0289,Civil Aviation Project 289,Civil Aviation,NHPC,4407.78,6215.56,3970.9,2017-05-01,2021-05-31,2024-10-30,56.48,15,8,7,1,1
PRJ-0290,Road Transport & Highways Project 290,Road Transport & Highways,AAI,4464.43,5271.01,5271.01,2020-01-01,2023-10-01,2023-10-01,72.12,9,6,0,1,0
PRJ-0291,Coal Project 291,Coal,CIL,4237.81,4237.81,4181.74,2018-03-01,2021-09-29,2021-09-29,66.64,12,7,0,1,0
PRJ-0292,Water Resources Project 292,Water Resources,CIL,3684.68,3684.68,532.95,2021-12-01,2026-07-02,2026-07-02,13.04,10,1,0,0,0
PRJ-0293,Road Transport & Highways Project 293,Road Transport & Highways,NTPC,468.24,468.24,260.36,2023-10-01,2025-10-31,2027-01-30,41.3,5,2,1,1,1
PRJ-0294,Road Transport & Highways Project 294,Road Transport & Highways,PWD,395.21,395.21,95.82,2022-09-01,2026-10-01,2026-10-01,22.92,6,1,0,0,0
PRJ-0295,Road Transport & Highways Project 295,Road Transport & Highways,ONGC,1956.46,1956.46,578.48,2023-06-01,2027-04-01,2028-10-30,20.98,6,1,1,0,1
PRJ-0296,Road Transport & Highways Project 296,Road Transport & Highways,AAI,390.81,390.81,279.13,2018-11-01,2021-12-31,2021-12-31,75.18,9,6,0,0,0
PRJ-0297,Urban Development Project 297,Urban Development,NHAI,4343.46,4343.46,3264.37,2017-11-01,2020-10-01,2020-10-01,66.4,5,3,0,0,0
PRJ-0298,Petroleum Project 298,Petroleum,CIL,3100.47,3100.47,2779.79,2019-07-01,2023-07-01,2023-07-01,69.15,12,8,0,1,0
PRJ-0299,Coal Project 299,Coal,ONGC,2413.49,2413.49,2060.33,2016-01-01,2020-08-31,2020-08-31,79.19,10,7,0,0,0
PRJ-0300,Civil Aviation Project 300,Civil Aviation,CIL,1597.61,1733.58,1733.58,2019-05-01,2024-09-29,2024-09-29,93.95,15,14,0,1,0
PRJ-0301,Coal Project 301,Coal,ONGC,877.16,877.16,877.16,2021-11-01,2025-07-02,2025-07-02,85.97,5,4,0,1,0
PRJ-0302,Telecommunications Project 302,Telecommunications,CIL,1408.22,1408.22,463.86,2018-06-01,2024-03-31,2024-03-31,39.94,15,5,0,0,0
PRJ-0303,Civil Aviation Project 303,Civil Aviation,PWD,4546.65,4546.65,3205.76,2023-03-01,2026-08-30,2027-07-31,50.66,9,4,2,1,1
PRJ-0304,Water Resources Project 304,Water Resources,RVNL,1227.93,1877.86,1142.99,2020-05-01,2025-05-31,2026-04-01,42.84,12,5,1,1,1
PRJ-0305,Railways Project 305,Railways,PWD,4463.72,4463.72,3957.07,2019-07-01,2021-09-29,2021-09-29,83.07,7,5,0,0,0
PRJ-0306,Power Project 306,Power,ONGC,1811.95,1811.95,1811.95,2017-06-01,2023-03-02,2023-10-31,85.36,12,10,6,1,1
PRJ-0307,Power Project 307,Power,NHPC,3227.32,3874.21,2614.47,2017-08-01,2023-08-01,2023-08-01,73.51,7,5,0,1,0
PRJ-0308,Urban Development Project 308,Urban Development,AAI,2106.46,2106.46,687.61,2018-12-01,2022-10-31,2022-10-31,39.5,10,3,0,0,0
PRJ-0309,Civil Aviation Project 309,Civil Aviation,ONGC,236.89,344.32,123.46,2019-03-01,2021-08-30,2024-12-29,25.36,9,2,1,1,1
PRJ-0310,Railways Project 310,Railways,NHAI,1596.28,2315.1,1407.83,2017-06-01,2021-12-31,2023-04-01,58.67,7,4,4,1,1
PRJ-0311,Road Transport & Highways Project 311,Road Transport & Highways,ONGC,1237.96,1237.96,242.35,2023-03-01,2025-09-29,2029-05-31,24.01,5,1,1,0,1
PRJ-0312,Coal Project 312,Coal,NHAI,3030.53,3362.26,2249.67,2016-07-01,2020-10-30,2023-12-31,80.25,9,7,4,1,1
PRJ-0313,Power Project 313,Power,ONGC,3521.68,3521.68,1427.96,2023-05-01,2028-07-30,2028-07-30,32.1,7,2,0,0,0
PRJ-0314,Urban Development Project 314,Urban Development,RVNL,2631.19,2631.19,1080.73,2022-04-01,2027-06-01,2028-12-30,30.44,13,3,1,1,1
PRJ-0315,Water Resources Project 315,Water Resources,AAI,1582.45,2093.57,720.73,2020-04-01,2022-04-01,2022-12-01,23.69,6,1,1,1,1
PRJ-0316,Power Project 316,Power,RVNL,3930.7,5691.52,5691.52,2022-05-01,2025-08-30,2025-08-30,86.43,6,5,0,1,0
PRJ-0317,Power Project 317,Power,NHAI,4283.41,4283.41,3100.42,2016-02-01,2022-01-31,2022-01-31,65.91,5,3,0,0,0
PRJ-0318,Power Project 318,Power,NTPC,1744.01,1744.01,1567.02,2016-06-01,2020-03-01,2022-07-02,90.96,11,10,8,0,1
PRJ-0319,Coal Project 319,Coal,AAI,3496.03,3496.03,2133.12,2017-02-01,2019-10-03,2019-10-03,42.96,5,2,0,1,0
PRJ-0320,Power Project 320,Power,RVNL,2167.73,2167.73,2133.49,2017-10-01,2021-10-01,2021-10-01,77.2,14,10,0,1,0
PRJ-0321,Road Transport & Highways Project 321,Road Transport & Highways,NTPC,2492.94,2492.94,2345.56,2016-05-01,2021-09-30,2025-09-30,84.88,15,12,9,0,1
PRJ-0322,Petroleum Project 322,Petroleum,NHPC,2667.63,2667.63,1784.26,2018-08-01,2022-06-01,2022-06-01,60.64,15,9,0,0,0
PRJ-0323,Urban Development Project 323,Urban Development,NTPC,4219.31,4219.31,3320.88,2017-09-01,2022-03-02,2022-03-02,93.9,7,6,0,0,0
PRJ-0324,Railways Project 324,Railways,PWD,1705.07,2051.18,1230.75,2021-07-01,2024-09-30,2027-05-01,50.62,14,7,4,1,1
PRJ-0325,Railways Project 325,Railways,PWD,2318.28,3068.37,1706.75,2021-01-01,2025-12-01,2025-12-01,63.8,6,3,0,1,0
PRJ-0326,Coal Project 326,Coal,ONGC,3324.79,3324.79,1634.37,2018-08-01,2022-05-01,2022-05-01,35.68,14,4,0,1,0
PRJ-0327,Telecommunications Project 327,Telecommunications,NHPC,3622.18,5316.01,1378.56,2019-09-01,2024-06-01,2025-03-02,24.96,5,1,1,1,1
PRJ-0328,Telecommunications Project 328,Telecommunications,NTPC,4135.92,4135.92,1692.0,2018-04-01,2020-10-30,2020-10-30,41.83,11,4,0,0,0
PRJ-0329,Petroleum Project 329,Petroleum,PWD,4149.09,5127.71,3122.4,2016-08-01,2020-12-31,2020-12-31,73.14,13,9,0,1,0
PRJ-0330,Power Project 330,Power,PWD,171.04,171.04,103.36,2022-09-01,2025-08-01,2025-08-01,54.79,7,3,0,0,0
PRJ-0331,Power Project 331,Power,RVNL,2028.92,2028.92,1975.13,2021-07-01,2026-08-31,2026-08-31,84.44,8,6,0,1,0
PRJ-0332,Coal Project 332,Coal,AAI,4823.43,4823.43,1971.83,2021-10-01,2027-06-01,2027-06-01,45.76,13,5,0,0,0
PRJ-0333,Coal Project 333,Coal,NHPC,3602.59,3602.59,2098.61,2019-11-01,2023-09-01,2023-09-01,61.93,7,4,0,0,0
PRJ-0334,Power Project 334,Power,NHPC,3595.21,3595.21,2415.08,2021-11-01,2027-10-02,2027-10-02,55.61,13,7,0,1,0
PRJ-0335,Coal Project 335,Coal,AAI,4070.28,4070.28,266.83,2015-04-01,2018-08-31,2018-08-31,7.27,7,0,0,0,0
PRJ-0336,Coal Project 336,Coal,CIL,860.18,1274.27,350.9,2020-08-01,2023-01-31,2023-01-31,23.36,15,3,0,1,0
PRJ-0337,Civil Aviation Project 337,Civil Aviation,ONGC,3750.7,3750.7,1334.76,2019-12-01,2025-06-01,2027-08-31,26.38,11,2,2,0,1
PRJ-0338,Water Resources Project 338,Water Resources,NHAI,212.88,296.18,296.18,2018-11-01,2024-08-01,2024-08-01,75.28,10,7,0,1,0
PRJ-0339,Civil Aviation Project 339,Civil Aviation,ONGC,3914.31,3914.31,1138.82,2016-03-01,2019-01-30,2019-01-30,31.48,6,1,0,0,0
PRJ-0340,Urban Development Project 340,Urban Development,NHAI,2228.26,2228.26,450.08,2019-01-01,2022-10-01,2022-10-01,16.71,7,1,0,0,0
PRJ-0341,Road Transport & Highways Project 341,Road Transport & Highways,NTPC,4653.85,4653.85,4298.94,2019-08-01,2024-07-31,2024-07-31,74.63,6,4,0,1,0
PRJ-0342,Water Resources Project 342,Water Resources,ONGC,4791.39,4791.39,3308.92,2023-09-01,2027-10-01,2029-03-02,75.76,8,6,6,0,1
PRJ-0343,Water Resources Project 343,Water Resources,NHPC,1899.87,2781.33,2196.85,2015-02-01,2020-08-02,2022-01-31,52.74,15,7,5,1,1
PRJ-0344,Petroleum Project 344,Petroleum,NHAI,3460.37,5376.59,5181.08,2023-12-01,2027-06-01,2030-06-01,90.05,10,9,9,1,1
PRJ-0345,Civil Aviation Project 345,Civil Aviation,PWD,2511.0,3536.34,1026.03,2016-03-01,2020-12-30,2020-12-30,33.83,15,5,0,1,0
PRJ-0346,Railways Project 346,Railways,ONGC,3401.13,3401.13,3091.02,2016-04-01,2021-01-30,2021-01-30,82.85,11,9,0,0,0
PRJ-0347,Railways Project 347,Railways,NTPC,265.2,265.2,18.99,2017-05-01,2022-03-31,2023-08-31,8.41,9,0,0,0,1
PRJ-0348,Urban Development Project 348,Urban Development,AAI,2337.96,2337.96,839.62,2016-09-01,2018-09-01,2018-09-01,33.48,14,4,0,0,0
PRJ-0349,Railways Project 349,Railways,NHAI,3549.28,5538.39,1088.54,2019-10-01,2022-03-01,2024-09-30,14.55,11,1,1,1,1
PRJ-0350,Road Transport & Highways Project 350,Road Transport & Highways,PWD,908.17,1326.58,1326.58,2019-11-01,2022-08-01,2026-04-01,76.71,10,7,1,1,1
PRJ-0351,Civil Aviation Project 351,Civil Aviation,NTPC,747.69,1030.44,804.06,2019-04-01,2025-03-01,2025-03-01,53.34,10,5,0,1,0
PRJ-0352,Petroleum Project 352,Petroleum,AAI,4542.3,4542.3,751.8,2019-04-01,2021-10-30,2025-01-29,17.82,5,0,0,0,1
PRJ-0353,Civil Aviation Project 353,Civil Aviation,PWD,3276.67,4650.99,1202.59,2022-06-01,2026-04-01,2029-11-30,27.56,8,2,1,1,1
PRJ-0354,Coal Project 354,Coal,RVNL,4515.58,5860.57,3593.4,2017-10-01,2022-10-01,2024-08-31,60.47,11,6,2,1,1
PRJ-0355,Road Transport & Highways Project 355,Road Transport & Highways,NHPC,1343.95,1958.0,1202.65,2017-11-01,2023-09-01,2026-06-02,44.25,12,5,4,1,1
PRJ-0356,Water Resources Project 356,Water Resources,CIL,2511.81,3529.23,435.36,2017-09-01,2020-08-31,2024-04-01,12.38,6,0,0,1,1
PRJ-0357,Railways Project 357,Railways,NHAI,4270.5,4270.5,4021.82,2018-01-01,2022-12-01,2026-01-01,78.14,12,9,3,1,1
PRJ-0358,Water Resources Project 358,Water Resources,AAI,1233.04,1233.04,878.57,2022-09-01,2027-05-02,2029-07-02,70.99,13,9,1,0,1
PRJ-0359,Petroleum Project 359,Petroleum,NTPC,3822.45,4348.31,2910.93,2017-12-01,2023-10-01,2023-10-01,55.97,10,5,0,1,0
PRJ-0360,Road Transport & Highways Project 360,Road Transport & Highways,ONGC,3843.14,4594.08,1518.08,2023-06-01,2027-06-01,2027-06-01,26.06,12,3,0,1,0
PRJ-0361,Road Transport & Highways Project 361,Road Transport & Highways,NHAI,4905.86,7049.99,5054.05,2019-10-01,2024-07-31,2024-07-31,51.92,11,5,0,1,0
PRJ-0362,Urban Development Project 362,Urban Development,NHPC,3000.24,3000.24,351.72,2018-09-01,2022-10-01,2024-10-31,12.01,12,1,1,0,1
PRJ-0363,Road Transport & Highways Project 363,Road Transport & Highways,NTPC,2283.51,3043.91,834.01,2017-06-01,2022-08-01,2022-08-01,30.27,6,1,0,1,0
PRJ-0364,Petroleum Project 364,Petroleum,AAI,4084.19,4084.19,2241.16,2018-10-01,2021-07-31,2021-07-31,48.34,11,5,0,0,0
PRJ-0365,Road Transport & Highways Project 365,Road Transport & Highways,ONGC,359.25,359.25,86.91,2015-10-01,2018-07-01,2020-01-30,19.5,7,1,1,0,1
PRJ-0366,Road Transport & Highways Project 366,Road Transport & Highways,CIL,4744.18,6564.0,3540.35,2018-07-01,2023-08-31,2026-12-30,47.43,7,3,3,1,1
PRJ-0367,Civil Aviation Project 367,Civil Aviation,CIL,963.45,963.45,963.45,2016-04-01,2020-04-01,2020-12-31,88.01,5,4,2,1,1
PRJ-0368,Civil Aviation Project 368,Civil Aviation,AAI,4158.59,4158.59,1248.02,2015-09-01,2020-05-01,2020-05-01,20.97,6,1,0,0,0
PRJ-0369,Telecommunications Project 369,Telecommunications,NTPC,4524.63,4524.63,336.74,2021-09-01,2025-11-01,2026-04-02,5.11,13,0,0,0,1
PRJ-0370,Urban Development Project 370,Urban Development,ONGC,4701.34,4701.34,3645.65,2016-07-01,2019-03-02,2020-07-31,74.18,6,4,3,0,1
PRJ-0371,Civil Aviation Project 371,Civil Aviation,AAI,1400.35,2043.12,134.33,2023-01-01,2027-01-01,2027-01-01,5.64,10,0,0,1,0
PRJ-0372,Urban Development Project 372,Urban Development,NHPC,666.93,666.93,378.11,2023-07-01,2028-06-30,2030-03-01,57.68,15,8,7,0,1
PRJ-0373,Petroleum Project 373,Petroleum,AAI,2827.71,2827.71,710.15,2022-05-01,2025-11-29,2025-11-29,21.08,11,2,0,0,0
PRJ-0374,Power Project 374,Power,RVNL,3776.9,3776.9,2343.44,2018-09-01,2022-10-01,2022-10-01,67.94,13,8,0,0,0
PRJ-0375,Road Transport & Highways Project 375,Road Transport & Highways,NTPC,2037.15,2037.15,2037.15,2022-10-01,2026-12-31,2028-07-31,77.39,8,6,3,1,1
PRJ-0376,Railways Project 376,Railways,NHAI,3663.8,3663.8,1894.47,2019-12-01,2025-01-30,2026-04-01,41.06,15,6,4,1,1
PRJ-0377,Telecommunications Project 377,Telecommunications,NHAI,1128.28,1128.28,872.9,2015-10-01,2020-05-31,2020-05-31,77.35,8,6,0,0,0
PRJ-0378,Power Project 378,Power,NHAI,1894.74,1894.74,1513.71,2019-07-01,2023-05-01,2023-05-01,92.81,11,10,0,0,0
PRJ-0379,Petroleum Project 379,Petroleum,NHAI,3724.09,4094.98,1730.27,2020-06-01,2023-11-01,2025-01-30,30.6,12,3,2,1,1
PRJ-0380,Road Transport & Highways Project 380,Road Transport & Highways,CIL,998.92,998.92,636.26,2020-02-01,2024-10-01,2024-10-01,55.28,13,7,0,0,0
PRJ-0381,Coal Project 381,Coal,PWD,4835.37,4835.37,4779.1,2022-11-01,2027-04-02,2027-04-02,74.3,5,3,0,1,0
PRJ-0382,Telecommunications Project 382,Telecommunications,RVNL,1400.43,1400.43,1015.39,2018-06-01,2022-08-01,2022-08-01,75.98,13,9,0,0,0
PRJ-0383,Civil Aviation Project 383,Civil Aviation,NHAI,3548.97,4287.19,2321.85,2020-02-01,2024-12-31,2024-12-31,40.9,12,4,0,1,0
PRJ-0384,Water Resources Project 384,Water Resources,NHPC,1210.05,1210.05,343.21,2018-08-01,2024-07-01,2025-12-31,21.45,9,1,1,0,1
PRJ-0385,Petroleum Project 385,Petroleum,ONGC,4199.46,4199.46,2092.52,2016-02-01,2021-09-01,2021-09-01,37.04,12,4,0,1,0
PRJ-0386,Road Transport & Highways Project 386,Road Transport & Highways,NHAI,4262.85,4262.85,2033.54,2019-08-01,2022-07-01,2022-07-01,33.39,13,4,0,1,0
PRJ-0387,Coal Project 387,Coal,AAI,1227.15,1227.15,164.66,2022-09-01,2024-10-31,2024-10-31,9.87,11,1,0,0,0
PRJ-0388,Power Project 388,Power,PWD,4886.06,4886.06,2908.1,2015-11-01,2018-12-01,2019-09-01,46.41,10,4,3,1,1
PRJ-0389,Coal Project 389,Coal,NTPC,2810.53,3679.66,2338.75,2022-07-01,2025-07-31,2027-09-30,60.18,10,6,4,1,1
PRJ-0390,Coal Project 390,Coal,PWD,1022.46,1397.44,310.84,2019-04-01,2024-02-29,2026-05-31,25.57,8,2,1,1,1
PRJ-0391,Power Project 391,Power,PWD,4057.49,5375.28,5375.28,2023-09-01,2029-07-01,2032-05-01,94.6,9,8,5,1,1
PRJ-0392,Civil Aviation Project 392,Civil Aviation,NHAI,2082.25,2082.25,296.61,2022-11-01,2025-05-02,2027-05-02,10.4,9,0,0,0,1
PRJ-0393,Water Resources Project 393,Water Resources,NHPC,2867.7,2867.7,657.95,2016-06-01,2021-12-31,2021-12-31,28.19,8,2,0,0,0
PRJ-0394,Civil Aviation Project 394,Civil Aviation,NTPC,4899.96,6021.07,4117.08,2022-02-01,2026-02-01,2026-02-01,50.94,12,6,0,1,0
PRJ-0395,Power Project 395,Power,NTPC,3256.82,3256.82,1718.99,2021-02-01,2023-07-03,2024-12-02,42.96,10,4,3,0,1
PRJ-0396,Coal Project 396,Coal,CIL,3086.12,3086.12,3086.12,2020-12-01,2025-12-31,2025-12-31,84.89,12,10,0,1,0
PRJ-0397,Urban Development Project 397,Urban Development,NTPC,1041.85,1510.97,1422.99,2016-04-01,2019-01-30,2019-10-31,64.58,6,3,2,1,1
PRJ-0398,Civil Aviation Project 398,Civil Aviation,NHAI,277.87,277.87,176.12,2019-10-01,2022-07-01,2024-09-30,73.85,9,6,2,0,1
PRJ-0399,Petroleum Project 399,Petroleum,CIL,2299.33,3080.43,516.92,2020-06-01,2024-11-30,2024-11-30,20.35,13,2,0,1,0
PRJ-0400,Coal Project 400,Coal,PWD,805.31,805.31,523.25,2022-11-01,2028-10-01,2028-10-01,53.54,14,7,0,1,0
PRJ-0401,Urban Development Project 401,Urban Development,CIL,4558.28,4558.28,1000.4,2019-06-01,2023-08-01,2025-05-31,25.44,5,1,1,0,1
PRJ-0402,Civil Aviation Project 402,Civil Aviation,NTPC,1817.84,1817.84,151.09,2022-05-01,2024-04-30,2024-04-30,5.75,9,0,0,0,0
PRJ-0403,Petroleum Project 403,Petroleum,NHAI,2808.83,4312.09,1864.04,2021-07-01,2024-08-30,2027-03-01,44.34,15,6,2,1,1
PRJ-0404,Civil Aviation Project 404,Civil Aviation,CIL,1530.68,1530.68,1296.73,2016-03-01,2018-10-31,2022-06-01,77.79,12,9,8,0,1
PRJ-0405,Coal Project 405,Coal,PWD,1060.78,1142.78,564.97,2016-05-01,2019-10-01,2022-05-01,53.15,5,2,1,1,1
PRJ-0406,Railways Project 406,Railways,NTPC,221.42,283.67,246.77,2020-08-01,2026-04-01,2026-04-01,75.72,10,7,0,1,0
PRJ-0407,Railways Project 407,Railways,NTPC,421.79,421.79,54.39,2018-05-01,2022-05-01,2022-05-01,11.42,6,0,0,0,0
PRJ-0408,Petroleum Project 408,Petroleum,AAI,3890.44,3890.44,2287.06,2022-12-01,2025-06-01,2025-06-01,71.39,8,5,0,0,0
PRJ-0409,Telecommunications Project 409,Telecommunications,AAI,3455.0,4241.65,2168.15,2023-09-01,2026-04-01,2029-10-31,61.62,9,5,2,1,1
PRJ-0410,Water Resources Project 410,Water Resources,NHAI,4338.74,4825.16,3070.87,2017-05-01,2022-05-31,2023-11-30,61.96,5,3,1,1,1
PRJ-0411,Telecommunications Project 411,Telecommunications,NTPC,1951.28,2218.09,361.84,2015-01-01,2018-11-01,2018-11-01,13.23,13,1,0,1,0
PRJ-0412,Railways Project 412,Railways,NTPC,2516.04,3414.5,2244.61,2022-12-01,2025-11-30,2028-03-01,63.02,10,6,6,1,1
PRJ-0413,Power Project 413,Power,CIL,4508.52,4508.52,2013.49,2022-04-01,2027-04-01,2029-05-01,44.38,10,4,4,0,1
PRJ-0414,Coal Project 414,Coal,NTPC,484.05,586.97,178.06,2015-11-01,2020-07-01,2021-08-31,28.7,5,1,1,1,1
PRJ-0415,Petroleum Project 415,Petroleum,NHPC,3646.87,3646.87,2090.47,2023-11-01,2028-06-01,2028-06-01,53.51,7,3,0,0,0
PRJ-0416,Coal Project 416,Coal,NHPC,2137.55,2357.59,1259.2,2017-03-01,2019-05-01,2022-03-01,64.3,8,5,1,1,1
PRJ-0417,Road Transport & Highways Project 417,Road Transport & Highways,AAI,3340.92,3340.92,2228.4,2020-04-01,2025-06-01,2025-06-01,68.12,5,3,0,0,0
PRJ-0418,Petroleum Project 418,Petroleum,PWD,4652.76,4652.76,2735.01,2020-09-01,2026-08-02,2026-08-02,47.13,11,5,0,1,0
PRJ-0419,Water Resources Project 419,Water Resources,NHAI,4144.67,4444.58,509.98,2018-09-01,2021-03-02,2022-08-01,11.33,13,1,1,1,1
PRJ-0420,Petroleum Project 420,Petroleum,ONGC,2702.03,3766.44,1052.55,2021-12-01,2024-06-01,2024-06-01,21.1,14,2,0,1,0
PRJ-0421,Water Resources Project 421,Water Resources,PWD,3557.37,3557.37,692.53,2023-07-01,2028-02-29,2029-03-31,14.37,13,1,1,0,1
PRJ-0422,Water Resources Project 422,Water Resources,NHPC,2817.89,2817.89,2486.04,2021-12-01,2025-08-01,2025-08-01,81.04,14,11,0,0,0
PRJ-0423,Civil Aviation Project 423,Civil Aviation,ONGC,1969.06,1969.06,1491.66,2022-08-01,2026-08-31,2027-01-30,72.01,9,6,5,0,1
PRJ-0424,Road Transport & Highways Project 424,Road Transport & Highways,NTPC,4968.05,6037.09,2108.94,2015-12-01,2019-05-02,2019-05-02,24.97,13,3,0,1,0
PRJ-0425,Civil Aviation Project 425,Civil Aviation,NTPC,607.29,607.29,114.01,2018-04-01,2021-07-31,2021-07-31,19.05,6,1,0,0,0
PRJ-0426,Urban Development Project 426,Urban Development,ONGC,3711.19,3711.19,2610.08,2016-10-01,2022-03-02,2025-06-01,76.36,11,8,2,0,1
PRJ-0427,Road Transport & Highways Project 427,Road Transport & Highways,NHPC,1837.46,1837.46,1098.87,2018-12-01,2024-05-01,2024-05-01,42.49,5,2,0,1,0
PRJ-0428,Urban Development Project 428,Urban Development,NHAI,1628.2,2193.12,466.26,2018-03-01,2020-05-30,2020-05-30,18.46,11,2,0,1,0
PRJ-0429,Telecommunications Project 429,Telecommunications,RVNL,1227.12,1554.61,225.36,2015-09-01,2019-10-01,2022-01-30,16.9,13,2,2,1,1
PRJ-0430,Power Project 430,Power,NTPC,2482.47,3146.35,2117.45,2023-04-01,2026-07-01,2028-12-30,56.42,10,5,5,1,1
PRJ-0431,Railways Project 431,Railways,RVNL,3407.98,3407.98,1269.17,2015-05-01,2018-02-28,2018-02-28,36.35,14,5,0,0,0
PRJ-0432,Telecommunications Project 432,Telecommunications,NTPC,2286.25,2286.25,761.01,2017-12-01,2020-05-01,2020-10-31,26.01,8,2,1,0,1
PRJ-0433,Coal Project 433,Coal,NHAI,1814.87,1814.87,665.59,2020-04-01,2026-03-02,2026-03-02,32.46,8,2,0,0,0
PRJ-0434,Civil Aviation Project 434,Civil Aviation,CIL,2811.68,2811.68,2811.68,2015-07-01,2020-07-30,2020-07-30,94.31,13,12,0,0,0
PRJ-0435,Road Transport & Highways Project 435,Road Transport & Highways,CIL,976.05,1448.51,735.1,2015-02-01,2019-02-01,2019-02-01,60.62,15,9,0,1,0
PRJ-0436,Water Resources Project 436,Water Resources,RVNL,242.53,242.53,148.01,2021-09-01,2027-06-02,2029-05-02,63.45,12,7,7,0,1
PRJ-0437,Civil Aviation Project 437,Civil Aviation,RVNL,1054.12,1054.12,705.7,2015-01-01,2018-04-02,2018-04-02,46.22,9,4,0,1,0
PRJ-0438,Water Resources Project 438,Water Resources,PWD,2057.99,2553.41,1158.87,2018-09-01,2022-01-31,2022-01-31,36.67,15,5,0,1,0
PRJ-0439,Coal Project 439,Coal,AAI,4468.45,4468.45,406.26,2019-04-01,2021-12-30,2024-04-30,7.65,15,1,1,0,1
PRJ-0440,Railways Project 440,Railways,AAI,2675.48,2675.48,2675.48,2021-04-01,2026-04-01,2028-01-31,83.54,14,11,6,1,1
PRJ-0441,Telecommunications Project 441,Telecommunications,NTPC,1152.77,1553.64,1553.64,2019-12-01,2025-08-31,2025-08-31,77.01,7,5,0,1,0
PRJ-0442,Urban Development Project 442,Urban Development,NTPC,3332.72,3332.72,542.85,2023-12-01,2026-07-01,2027-07-01,19.22,5,0,0,0,1
PRJ-0443,Water Resources Project 443,Water Resources,AAI,4811.8,7025.64,6910.09,2019-03-01,2022-02-28,2023-05-01,78.95,5,3,3,1,1
PRJ-0444,Coal Project 444,Coal,ONGC,3042.35,3238.11,529.51,2017-09-01,2022-11-01,2022-11-01,12.15,15,1,0,1,0
PRJ-0445,Water Resources Project 445,Water Resources,NTPC,4282.83,4282.83,696.18,2015-07-01,2021-06-30,2021-06-30,17.38,9,1,0,0,0
PRJ-0446,Urban Development Project 446,Urban Development,ONGC,3750.48,3750.48,2323.38,2022-10-01,2027-05-02,2027-05-02,73.2,12,8,0,0,0
PRJ-0447,Petroleum Project 447,Petroleum,AAI,2113.6,3074.09,1228.91,2023-09-01,2029-01-30,2029-01-30,39.23,5,1,0,1,0
PRJ-0448,Civil Aviation Project 448,Civil Aviation,RVNL,2340.31,2340.31,309.02,2023-09-01,2027-10-01,2027-10-01,8.82,5,0,0,0,0
PRJ-0449,Civil Aviation Project 449,Civil Aviation,AAI,2653.21,2653.21,251.42,2021-05-01,2024-10-30,2024-10-30,9.44,11,1,0,0,0
PRJ-0450,Coal Project 450,Coal,NHAI,3496.27,3496.27,2045.53,2016-12-01,2021-08-01,2024-12-01,46.72,13,6,2,1,1
PRJ-0451,Urban Development Project 451,Urban Development,AAI,1718.79,2233.61,2233.61,2022-02-01,2025-06-02,2029-01-31,85.7,7,5,1,1,1
PRJ-0452,Railways Project 452,Railways,RVNL,3575.2,3575.2,587.11,2023-10-01,2026-07-31,2028-10-30,12.68,5,0,0,0,1
PRJ-0453,Power Project 453,Power,NHPC,2892.63,2892.63,753.97,2017-12-01,2020-03-01,2021-12-31,18.51,12,2,2,0,1
PRJ-0454,Power Project 454,Power,RVNL,4507.93,4507.93,320.35,2015-08-01,2020-03-01,2020-03-01,5.32,13,0,0,0,0
PRJ-0455,Road Transport & Highways Project 455,Road Transport & Highways,PWD,1303.71,1303.71,677.6,2016-10-01,2021-12-01,2025-01-31,47.81,9,4,2,0,1
PRJ-0456,Road Transport & Highways Project 456,Road Transport & Highways,NTPC,869.04,869.04,100.82,2019-06-01,2021-10-30,2024-03-31,8.3,7,0,0,0,1
PRJ-0457,Power Project 457,Power,CIL,3113.79,3113.79,2463.25,2017-08-01,2023-07-02,2023-07-02,58.55,5,2,0,1,0
PRJ-0458,Railways Project 458,Railways,CIL,1715.69,1715.69,1715.69,2023-02-01,2026-08-02,2026-08-02,78.82,6,4,0,1,0
PRJ-0459,Coal Project 459,Coal,NHPC,2706.21,2706.21,2247.97,2016-10-01,2022-08-01,2022-08-01,67.62,13,8,0,1,0
PRJ-0460,Railways Project 460,Railways,PWD,3661.76,3661.76,3600.4,2021-10-01,2025-06-01,2028-08-31,75.94,14,10,6,1,1
PRJ-0461,Power Project 461,Power,PWD,2670.57,2670.57,1219.82,2018-12-01,2022-06-01,2022-06-01,49.33,5,2,0,0,0
PRJ-0462,Railways Project 462,Railways,NHAI,2404.7,2404.7,1622.07,2021-07-01,2023-08-31,2026-10-31,71.37,15,10,4,0,1
PRJ-0463,Road Transport & Highways Project 463,Road Transport & Highways,ONGC,3496.58,3801.87,1443.02,2015-02-01,2020-09-01,2023-01-01,32.03,14,4,1,1,1
PRJ-0464,Power Project 464,Power,ONGC,1753.0,2489.01,2489.01,2017-08-01,2020-05-01,2020-05-01,87.45,13,11,0,1,0
PRJ-0465,Water Resources Project 465,Water Resources,PWD,3952.35,3952.35,3930.77,2019-10-01,2025-07-31,2025-07-31,71.83,13,9,0,1,0
PRJ-0466,Civil Aviation Project 466,Civil Aviation,NHAI,1160.07,1160.07,1160.07,2020-02-01,2022-11-01,2023-03-03,76.96,10,7,4,1,1
PRJ-0467,Civil Aviation Project 467,Civil Aviation,NTPC,2919.26,2919.26,2402.65,2019-12-01,2023-08-01,2023-08-01,58.57,9,5,0,1,0
PRJ-0468,Urban Development Project 468,Urban Development,RVNL,2560.71,3325.21,2864.97,2019-03-01,2021-09-29,2022-02-28,90.57,8,7,1,1,1
PRJ-0469,Telecommunications Project 469,Telecommunications,NHAI,4025.27,4025.27,788.49,2022-12-01,2027-09-01,2029-08-01,18.87,7,1,1,0,1
PRJ-0470,Civil Aviation Project 470,Civil Aviation,NTPC,1145.16,1446.54,1055.69,2019-01-01,2024-08-01,2024-08-01,82.83,6,4,0,1,0
PRJ-0471,Water Resources Project 471,Water Resources,PWD,4462.55,6566.19,3861.88,2019-11-01,2022-12-01,2024-03-01,72.1,9,6,3,1,1
PRJ-0472,Civil Aviation Project 472,Civil Aviation,NHPC,3898.02,3898.02,1048.13,2016-01-01,2021-04-01,2021-04-01,29.54,6,1,0,0,0
PRJ-0473,Petroleum Project 473,Petroleum,NHPC,2814.42,4415.27,4105.13,2017-02-01,2020-09-01,2020-09-01,77.36,10,7,0,1,0
PRJ-0474,Civil Aviation Project 474,Civil Aviation,PWD,396.02,612.57,62.44,2016-07-01,2020-07-31,2023-12-31,9.54,14,1,1,1,1
PRJ-0475,Water Resources Project 475,Water Resources,CIL,1761.81,2584.79,1720.22,2022-10-01,2025-06-01,2029-05-01,77.84,12,9,2,1,1
PRJ-0476,Telecommunications Project 476,Telecommunications,CIL,3469.72,3469.72,1565.43,2018-03-01,2023-05-31,2025-07-31,46.89,11,5,2,0,1
PRJ-0477,Water Resources Project 477,Water Resources,NHPC,2348.42,3079.8,1266.74,2017-05-01,2021-03-01,2021-03-01,36.63,7,2,0,1,0
PRJ-0478,Civil Aviation Project 478,Civil Aviation,RVNL,2117.58,2117.58,368.45,2016-05-01,2021-03-01,2021-03-01,14.63,14,2,0,0,0
PRJ-0479,Urban Development Project 479,Urban Development,ONGC,3161.24,3161.24,3130.02,2020-04-01,2025-11-30,2025-11-30,92.65,11,10,0,0,0
PRJ-0480,Water Resources Project 480,Water Resources,ONGC,989.46,989.46,919.04,2022-02-01,2027-03-03,2027-03-03,71.54,10,7,0,1,0
PRJ-0481,Civil Aviation Project 481,Civil Aviation,RVNL,4136.81,6518.52,643.06,2021-06-01,2025-12-31,2025-12-31,11.26,5,0,0,1,0
PRJ-0482,Railways Project 482,Railways,ONGC,4112.61,4112.61,4112.61,2015-03-01,2020-08-30,2023-09-30,86.29,9,7,4,1,1
PRJ-0483,Telecommunications Project 483,Telecommunications,ONGC,1147.46,1147.46,497.61,2019-07-01,2025-03-31,2025-03-31,31.98,10,3,0,1,0
PRJ-0484,Railways Project 484,Railways,NHAI,3115.73,3115.73,3115.73,2015-06-01,2020-04-30,2020-04-30,81.29,5,4,0,1,0
PRJ-0485,Civil Aviation Project 485,Civil Aviation,NHPC,682.04,727.84,387.18,2020-12-01,2024-12-01,2027-06-02,43.85,13,5,2,1,1
PRJ-0486,Power Project 486,Power,PWD,824.48,824.48,701.82,2021-03-01,2024-08-30,2024-08-30,80.9,15,12,0,0,0
PRJ-0487,Power Project 487,Power,NTPC,206.27,206.27,52.58,2021-03-01,2023-07-31,2025-12-30,17.96,12,2,2,0,1
PRJ-0488,Power Project 488,Power,PWD,2620.66,2620.66,1250.49,2017-07-01,2022-08-31,2025-07-01,45.5,8,3,3,0,1
PRJ-0489,Civil Aviation Project 489,Civil Aviation,CIL,2142.56,2142.56,1209.81,2022-12-01,2026-10-31,2029-08-01,38.03,6,2,1,1,1
PRJ-0490,Civil Aviation Project 490,Civil Aviation,CIL,2404.94,3702.29,542.54,2016-11-01,2022-03-03,2022-03-03,12.96,14,1,0,1,0
PRJ-0491,Coal Project 491,Coal,NHAI,4532.39,4532.39,302.47,2022-10-01,2028-07-31,2030-08-31,5.97,9,0,0,0,1
PRJ-0492,Coal Project 492,Coal,NTPC,321.33,321.33,304.71,2019-01-01,2024-05-02,2024-05-02,72.45,7,5,0,1,0
PRJ-0493,Road Transport & Highways Project 493,Road Transport & Highways,CIL,4073.14,4073.14,1076.43,2023-02-01,2026-07-03,2030-01-01,30.81,9,2,2,0,1
PRJ-0494,Coal Project 494,Coal,NHAI,3745.93,3745.93,3745.93,2022-06-01,2025-05-01,2029-04-01,86.91,8,6,4,1,1
PRJ-0495,Power Project 495,Power,NHAI,1812.81,2048.09,1655.86,2022-07-01,2026-07-01,2029-01-29,89.05,15,13,3,1,1
PRJ-0496,Petroleum Project 496,Petroleum,NHPC,413.48,620.53,67.91,2022-05-01,2026-10-30,2026-10-30,9.73,13,1,0,1,0
PRJ-0497,Petroleum Project 497,Petroleum,AAI,3465.02,3465.02,1162.39,2021-01-01,2024-07-02,2024-07-02,28.64,12,3,0,0,0
PRJ-0498,Urban Development Project 498,Urban Development,NHPC,4814.55,4814.55,603.48,2020-07-01,2025-09-30,2025-09-30,8.69,9,0,0,0,0
PRJ-0499,Water Resources Project 499,Water Resources,CIL,1445.38,2037.83,1098.73,2018-12-01,2024-07-01,2024-07-01,40.2,8,3,0,1,0
PRJ-0500,Civil Aviation Project 500,Civil Aviation,NHPC,3436.93,3436.93,921.02,2015-02-01,2017-01-31,2020-02-01,33.19,6,1,1,0,1
PRJ-0501,Water Resources Project 501,Water Resources,ONGC,3667.47,3919.51,1999.69,2018-10-01,2024-01-31,2024-11-30,60.75,6,3,3,1,1
PRJ-0502,Power Project 502,Power,AAI,3333.51,3333.51,2754.78,2016-12-01,2019-11-01,2022-07-02,55.95,15,8,2,1,1
PRJ-0503,Telecommunications Project 503,Telecommunications,CIL,3881.39,3881.39,3382.54,2019-03-01,2021-06-30,2021-12-29,65.08,11,7,4,1,1
PRJ-0504,Water Resources Project 504,Water Resources,NHAI,1402.46,1402.46,250.04,2018-10-01,2022-10-31,2025-08-31,21.01,6,1,1,0,1
PRJ-0505,Civil Aviation Project 505,Civil Aviation,AAI,1209.17,1209.17,1209.17,2016-01-01,2018-05-02,2019-12-01,87.13,12,10,1,1,1
PRJ-0506,Telecommunications Project 506,Telecommunications,NTPC,3316.4,3551.23,1291.65,2020-07-01,2025-07-01,2029-07-01,40.14,12,4,4,1,1
PRJ-0507,Urban Development Project 507,Urban Development,AAI,4243.64,4243.64,3783.54,2015-07-01,2021-02-28,2021-02-28,75.68,12,9,0,1,0
PRJ-0508,Railways Project 508,Railways,NHPC,1767.18,1909.19,1909.19,2020-09-01,2024-06-01,2027-01-31,94.73,9,8,4,1,1
PRJ-0509,Power Project 509,Power,NHAI,4842.44,4842.44,1657.62,2016-11-01,2022-07-02,2023-03-03,31.9,15,4,4,0,1
PRJ-0510,Petroleum Project 510,Petroleum,NTPC,323.14,516.38,146.49,2023-11-01,2027-06-01,2027-06-01,26.46,12,3,0,1,0
PRJ-0511,Road Transport & Highways Project 511,Road Transport & Highways,NHAI,1795.53,2597.34,1022.03,2023-08-01,2029-03-01,2029-03-01,41.5,13,5,0,1,0
PRJ-0512,Power Project 512,Power,ONGC,4635.36,5228.11,3771.03,2015-04-01,2020-11-29,2020-11-29,63.84,5,3,0,1,0
PRJ-0513,Power Project 513,Power,NHAI,4537.61,4537.61,766.64,2016-02-01,2018-09-01,2018-09-01,13.76,14,1,0,0,0
PRJ-0514,Petroleum Project 514,Petroleum,RVNL,4051.6,4051.6,4051.6,2021-06-01,2023-12-31,2023-12-31,78.04,14,10,0,1,0
PRJ-0515,Civil Aviation Project 515,Civil Aviation,NTPC,1709.71,1709.71,344.06,2017-06-01,2019-10-01,2020-09-30,24.19,11,2,1,0,1
PRJ-0516,Water Resources Project 516,Water Resources,NTPC,2277.51,2277.51,171.59,2021-03-01,2023-04-01,2023-04-01,8.66,6,0,0,0,0
PRJ-0517,Road Transport & Highways Project 517,Road Transport & Highways,NHAI,1020.15,1436.85,1330.07,2022-12-01,2025-08-01,2029-03-02,84.82,9,7,5,1,1
PRJ-0518,Telecommunications Project 518,Telecommunications,AAI,1310.38,1874.39,1431.61,2016-11-01,2020-06-01,2020-09-01,58.66,13,7,2,1,1
PRJ-0519,Petroleum Project 519,Petroleum,RVNL,4935.03,4935.03,4205.51,2023-09-01,2026-10-31,2026-10-31,60.7,15,9,0,1,0
PRJ-0520,Petroleum Project 520,Petroleum,CIL,407.38,461.18,461.18,2022-03-01,2024-12-29,2024-12-29,80.94,5,4,0,1,0
PRJ-0521,Road Transport & Highways Project 521,Road Transport & Highways,NHPC,1532.56,1532.56,733.31,2022-01-01,2024-07-02,2024-07-02,35.09,13,4,0,1,0
PRJ-0522,Power Project 522,Power,NTPC,3959.64,3959.64,872.72,2022-10-01,2027-10-31,2029-01-30,15.45,15,2,2,0,1
PRJ-0523,Petroleum Project 523,Petroleum,RVNL,1731.74,2521.0,2231.76,2018-02-01,2022-08-02,2022-08-02,83.29,5,4,0,1,0
PRJ-0524,Urban Development Project 524,Urban Development,NTPC,1198.4,1198.4,267.51,2022-12-01,2025-11-30,2025-11-30,21.03,9,1,0,0,0
PRJ-0525,Petroleum Project 525,Petroleum,NHPC,766.98,766.98,71.23,2022-08-01,2026-10-01,2028-09-30,10.37,8,0,0,0,1
PRJ-0526,Coal Project 526,Coal,NTPC,3979.3,3979.3,2195.54,2023-04-01,2025-08-30,2028-08-30,60.04,12,7,7,0,1
PRJ-0527,Petroleum Project 527,Petroleum,PWD,4209.4,6109.99,4234.93,2020-07-01,2025-07-31,2028-11-30,71.26,7,4,1,1,1
PRJ-0528,Urban Development Project 528,Urban Development,NHAI,344.28,344.28,210.29,2023-07-01,2027-12-30,2027-12-30,74.17,6,4,0,0,0
PRJ-0529,Telecommunications Project 529,Telecommunications,PWD,1316.48,1316.48,105.73,2018-03-01,2021-12-30,2025-08-30,6.12,6,0,0,0,1
PRJ-0530,Road Transport & Highways Project 530,Road Transport & Highways,PWD,3394.82,4422.11,3010.5,2022-08-01,2025-04-01,2025-04-01,56.33,11,6,0,1,0
PRJ-0531,Power Project 531,Power,NHPC,3190.03,3190.03,202.38,2021-12-01,2025-08-31,2025-08-31,5.12,9,0,0,0,0
PRJ-0532,Urban Development Project 532,Urban Development,CIL,3535.57,3535.57,1896.76,2016-10-01,2020-07-01,2020-07-01,56.77,5,2,0,0,0
PRJ-0533,Civil Aviation Project 533,Civil Aviation,NHPC,4456.69,5575.65,3574.79,2017-11-01,2022-10-01,2022-10-01,60.72,13,7,0,1,0
PRJ-0534,Petroleum Project 534,Petroleum,NTPC,4909.07,5461.13,3825.13,2018-12-01,2024-11-30,2026-12-31,48.06,9,4,4,1,1
PRJ-0535,Coal Project 535,Coal,NHAI,457.34,602.51,279.69,2023-11-01,2028-08-31,2028-08-31,52.4,12,6,0,1,0
PRJ-0536,Water Resources Project 536,Water Resources,RVNL,1063.51,1063.51,146.82,2017-05-01,2019-08-31,2021-05-01,12.86,6,0,0,0,1
PRJ-0537,Power Project 537,Power,PWD,879.92,1384.69,106.41,2023-03-01,2027-08-30,2030-03-31,7.04,15,1,1,1,1
PRJ-0538,Coal Project 538,Coal,ONGC,455.31,455.31,172.62,2020-07-01,2025-07-31,2029-04-01,25.91,10,2,2,1,1
PRJ-0539,Civil Aviation Project 539,Civil Aviation,PWD,2371.33,2371.33,2065.4,2019-04-01,2023-09-30,2025-07-01,85.85,5,4,2,0,1
PRJ-0540,Water Resources Project 540,Water Resources,CIL,2361.24,3679.46,2540.2,2017-12-01,2023-08-01,2023-08-01,69.06,7,4,0,1,0
PRJ-0541,Power Project 541,Power,ONGC,717.05,717.05,450.81,2020-03-01,2023-04-01,2023-04-01,56.71,5,2,0,0,0
PRJ-0542,Water Resources Project 542,Water Resources,NHPC,867.53,867.53,867.53,2016-01-01,2020-01-31,2020-01-31,92.79,7,6,0,0,0
PRJ-0543,Telecommunications Project 543,Telecommunications,NHPC,906.86,906.86,567.27,2019-08-01,2023-01-30,2023-01-30,54.15,14,7,0,0,0
PRJ-0544,Power Project 544,Power,PWD,1792.62,2354.5,258.39,2016-05-01,2018-06-01,2019-10-31,8.61,12,1,1,1,1
PRJ-0545,Railways Project 545,Railways,NHPC,416.91,416.91,229.1,2019-04-01,2021-05-01,2023-11-30,57.51,15,8,2,0,1
PRJ-0546,Civil Aviation Project 546,Civil Aviation,AAI,1093.08,1511.5,1511.5,2020-07-01,2023-04-01,2023-04-01,89.91,11,9,0,1,0
PRJ-0547,Water Resources Project 547,Water Resources,AAI,1958.23,2434.56,2434.56,2016-04-01,2022-01-30,2022-01-30,92.98,11,10,0,1,0
PRJ-0548,Telecommunications Project 548,Telecommunications,CIL,944.38,944.38,944.38,2021-03-01,2026-03-31,2026-03-31,85.8,7,6,0,1,0
PRJ-0549,Petroleum Project 549,Petroleum,CIL,2451.87,2451.87,1946.32,2021-02-01,2023-02-01,2024-10-02,93.8,11,10,3,0,1
PRJ-0550,Civil Aviation Project 550,Civil Aviation,PWD,3594.7,3594.7,579.15,2021-05-01,2026-03-31,2026-03-31,17.32,9,1,0,0,0
PRJ-0551,Coal Project 551,Coal,PWD,2862.51,2862.51,170.28,2019-05-01,2024-08-30,2024-08-30,7.42,12,0,0,0,0
PRJ-0552,Railways Project 552,Railways,CIL,2173.21,2173.21,1412.4,2016-05-01,2020-11-30,2020-11-30,66.91,6,4,0,0,0
PRJ-0553,Water Resources Project 553,Water Resources,PWD,2893.04,2893.04,2016.92,2016-06-01,2021-01-30,2021-01-30,61.52,5,3,0,0,0
PRJ-0554,Coal Project 554,Coal,NTPC,2971.02,3872.94,2741.32,2015-05-01,2019-03-31,2021-04-30,67.4,5,3,2,1,1
PRJ-0555,Coal Project 555,Coal,RVNL,2642.25,2642.25,491.82,2017-09-01,2021-05-02,2021-05-02,21.49,15,3,0,0,0
PRJ-0556,Coal Project 556,Coal,CIL,3474.4,3474.4,571.13,2017-01-01,2019-09-02,2019-09-02,13.63,10,1,0,0,0
PRJ-0557,Telecommunications Project 557,Telecommunications,AAI,1800.52,1800.52,232.53,2018-04-01,2023-03-01,2023-03-01,14.22,13,1,0,0,0
PRJ-0558,Civil Aviation Project 558,Civil Aviation,RVNL,2174.13,2174.13,300.35,2015-08-01,2019-06-01,2021-07-31,15.49,7,1,1,0,1
PRJ-0559,Civil Aviation Project 559,Civil Aviation,NHPC,985.2,1437.85,200.55,2017-12-01,2021-01-30,2022-06-01,15.67,7,1,1,1,1
PRJ-0560,Urban Development Project 560,Urban Development,RVNL,527.02,527.02,319.93,2016-01-01,2021-07-02,2021-07-02,73.16,5,3,0,0,0
PRJ-0561,Telecommunications Project 561,Telecommunications,RVNL,4556.37,5540.11,284.54,2016-10-01,2019-11-01,2019-11-01,5.92,8,0,0,1,0
PRJ-0562,Power Project 562,Power,NHPC,291.91,426.31,154.01,2020-03-01,2024-10-30,2024-10-30,29.96,14,4,0,1,0
PRJ-0563,Petroleum Project 563,Petroleum,RVNL,630.66,630.66,37.58,2018-05-01,2021-02-28,2021-02-28,6.26,13,0,0,0,0
PRJ-0564,Road Transport & Highways Project 564,Road Transport & Highways,RVNL,4632.53,4632.53,4281.31,2017-08-01,2023-03-02,2023-03-02,81.62,7,5,0,1,0
PRJ-0565,Water Resources Project 565,Water Resources,AAI,2206.85,2206.85,1226.1,2020-02-01,2024-07-02,2025-06-02,41.68,12,5,3,1,1
PRJ-0566,Coal Project 566,Coal,NHAI,548.9,548.9,243.6,2019-11-01,2024-03-01,2026-08-01,39.63,9,3,2,0,1
PRJ-0567,Petroleum Project 567,Petroleum,RVNL,4489.56,4489.56,4248.98,2015-11-01,2020-06-01,2020-06-01,89.52,11,9,0,0,0
PRJ-0568,Telecommunications Project 568,Telecommunications,RVNL,728.21,728.21,728.21,2017-02-01,2021-01-01,2021-01-01,67.55,10,6,0,1,0
PRJ-0569,Petroleum Project 569,Petroleum,AAI,745.4,745.4,521.15,2019-11-01,2023-12-01,2027-09-01,70.27,14,9,7,0,1
PRJ-0570,Telecommunications Project 570,Telecommunications,CIL,864.76,864.76,158.08,2018-11-01,2021-07-02,2021-12-31,16.0,6,0,0,0,1
PRJ-0571,Telecommunications Project 571,Telecommunications,NHAI,4864.55,4864.55,2917.48,2016-02-01,2021-08-02,2021-08-02,66.13,12,7,0,0,0
PRJ-0572,Telecommunications Project 572,Telecommunications,ONGC,1573.78,1573.78,936.28,2023-09-01,2025-10-01,2025-10-01,50.43,5,2,0,0,0
PRJ-0573,Urban Development Project 573,Urban Development,RVNL,2010.6,2527.29,964.48,2023-11-01,2027-06-01,2027-06-01,46.37,7,3,0,1,0
PRJ-0574,Telecommunications Project 574,Telecommunications,AAI,802.27,802.27,343.68,2022-11-01,2027-10-01,2027-10-01,48.87,14,6,0,0,0
PRJ-0575,Telecommunications Project 575,Telecommunications,PWD,2876.94,3108.98,1083.36,2021-10-01,2027-05-02,2029-01-30,28.71,10,2,1,1,1
PRJ-0576,Road Transport & Highways Project 576,Road Transport & Highways,NHAI,771.76,771.76,726.34,2020-07-01,2022-12-31,2025-01-30,77.86,11,8,6,1,1
PRJ-0577,Road Transport & Highways Project 577,Road Transport & Highways,ONGC,1350.93,1350.93,1132.57,2016-05-01,2018-11-30,2019-04-01,58.33,13,7,3,1,1
PRJ-0578,Road Transport & Highways Project 578,Road Transport & Highways,PWD,3340.17,3340.17,1877.08,2015-12-01,2020-05-31,2020-05-31,51.33,10,5,0,0,0
PRJ-0579,Urban Development Project 579,Urban Development,AAI,1713.74,2259.73,1433.28,2022-09-01,2028-08-31,2028-08-31,67.18,7,4,0,1,0
PRJ-0580,Coal Project 580,Coal,NHPC,4851.72,6789.95,5365.55,2023-04-01,2026-09-30,2028-07-31,92.67,14,12,7,1,1
PRJ-0581,Petroleum Project 581,Petroleum,RVNL,3630.88,3630.88,2097.42,2023-08-01,2027-10-31,2028-05-31,58.27,15,8,5,0,1
PRJ-0582,Civil Aviation Project 582,Civil Aviation,CIL,2249.62,2249.62,559.88,2023-08-01,2029-01-30,2029-01-30,23.01,7,1,0,0,0
PRJ-0583,Road Transport & Highways Project 583,Road Transport & Highways,NTPC,2947.69,4654.89,3767.03,2023-10-01,2027-12-31,2027-12-31,71.8,15,10,0,1,0
PRJ-0584,Road Transport & Highways Project 584,Road Transport & Highways,ONGC,1916.73,2171.19,1462.51,2021-07-01,2025-03-01,2025-03-01,66.68,6,4,0,1,0
PRJ-0585,Petroleum Project 585,Petroleum,AAI,1444.63,1644.45,1060.68,2018-02-01,2020-11-01,2022-05-03,66.82,9,6,4,1,1
PRJ-0586,Telecommunications Project 586,Telecommunications,AAI,2196.79,2196.79,504.58,2015-05-01,2018-09-30,2018-09-30,23.18,7,1,0,0,0
PRJ-0587,Road Transport & Highways Project 587,Road Transport & Highways,PWD,3943.83,6085.64,2040.85,2016-07-01,2020-05-31,2020-05-31,33.25,6,1,0,1,0
PRJ-0588,Urban Development Project 588,Urban Development,NTPC,1294.8,1294.8,572.82,2023-05-01,2027-11-30,2027-11-30,50.02,8,4,0,0,0
PRJ-0589,Railways Project 589,Railways,NHPC,1747.04,1747.04,927.45,2018-07-01,2021-07-31,2022-09-30,40.1,8,3,2,1,1
PRJ-0590,Telecommunications Project 590,Telecommunications,AAI,1383.38,1383.38,721.99,2016-06-01,2021-04-01,2025-01-30,49.13,8,3,2,0,1
PRJ-0591,Power Project 591,Power,NHPC,2454.83,2454.83,1006.07,2015-12-01,2021-06-01,2021-06-01,32.74,5,1,0,0,0
PRJ-0592,Petroleum Project 592,Petroleum,CIL,2830.73,4464.53,2301.04,2016-09-01,2019-12-02,2019-12-02,37.66,11,4,0,1,0
PRJ-0593,Road Transport & Highways Project 593,Road Transport & Highways,AAI,4648.41,4648.41,2170.35,2018-05-01,2021-05-31,2021-05-31,32.08,7,2,0,1,0
PRJ-0594,Telecommunications Project 594,Telecommunications,NHPC,4415.42,4415.42,1511.92,2016-08-01,2021-01-30,2021-01-30,41.57,10,4,0,0,0
PRJ-0595,Urban Development Project 595,Urban Development,RVNL,4148.34,4148.34,2194.94,2023-12-01,2027-08-01,2027-08-01,50.57,5,2,0,0,0
PRJ-0596,Road Transport & Highways Project 596,Road Transport & Highways,NTPC,3206.26,3206.26,597.58,2019-06-01,2024-05-31,2025-07-01,17.25,8,1,1,0,1
PRJ-0597,Urban Development Project 597,Urban Development,NHPC,2339.73,2339.73,366.94,2020-05-01,2023-05-01,2025-07-01,17.02,7,1,1,0,1
PRJ-0598,Urban Development Project 598,Urban Development,ONGC,250.56,340.06,196.16,2016-08-01,2019-08-01,2020-08-31,60.08,5,3,2,1,1
PRJ-0599,Urban Development Project 599,Urban Development,CIL,873.87,873.87,212.46,2015-12-01,2020-08-31,2023-05-02,20.31,15,3,2,0,1
PRJ-0600,Railways Project 600,Railways,ONGC,3610.78,5503.06,4155.28,2022-07-01,2025-03-01,2026-07-01,75.39,14,10,4,1,1
PRJ-0601,Coal Project 601,Coal,ONGC,2178.91,2178.91,396.27,2019-04-01,2024-06-30,2024-06-30,18.13,8,1,0,0,0
PRJ-0602,Water Resources Project 602,Water Resources,PWD,565.83,565.83,565.83,2021-11-01,2024-12-01,2024-12-01,83.43,11,9,0,1,0
PRJ-0603,Coal Project 603,Coal,RVNL,612.11,754.78,283.27,2015-01-01,2018-05-02,2018-05-02,26.14,11,2,0,1,0
PRJ-0604,Coal Project 604,Coal,AAI,3405.62,5247.12,422.52,2017-09-01,2022-04-02,2022-04-02,8.7,12,1,0,1,0
PRJ-0605,Power Project 605,Power,RVNL,1688.99,1688.99,264.51,2015-03-01,2019-09-30,2019-09-30,17.76,9,1,0,0,0
PRJ-0606,Water Resources Project 606,Water Resources,AAI,1522.19,1522.19,1220.78,2019-09-01,2023-05-02,2024-06-01,60.16,10,6,6,1,1
PRJ-0607,Telecommunications Project 607,Telecommunications,NTPC,2845.02,2845.02,1963.86,2018-03-01,2020-05-30,2020-10-30,62.3,12,7,3,0,1
PRJ-0608,Power Project 608,Power,PWD,2266.68,2266.68,1661.15,2020-12-01,2025-10-31,2025-10-31,88.45,12,10,0,0,0
PRJ-0609,Railways Project 609,Railways,NTPC,749.72,1145.19,223.46,2023-05-01,2028-04-30,2028-04-30,21.26,14,2,0,1,0
PRJ-0610,Petroleum Project 610,Petroleum,NHAI,2701.17,2701.17,979.68,2022-11-01,2025-05-02,2025-05-02,42.48,5,2,0,0,0
PRJ-0611,Coal Project 611,Coal,RVNL,2061.72,2061.72,2061.72,2017-01-01,2019-06-02,2019-06-02,90.61,15,13,0,0,0
PRJ-0612,Telecommunications Project 612,Telecommunications,PWD,3197.53,4514.6,1299.46,2022-06-01,2028-03-31,2028-03-31,34.65,14,4,0,1,0
PRJ-0613,Power Project 613,Power,ONGC,4336.9,4336.9,1795.46,2016-09-01,2021-11-01,2024-03-02,30.47,9,2,1,1,1
PRJ-0614,Petroleum Project 614,Petroleum,AAI,582.56,582.56,154.12,2019-11-01,2025-10-31,2025-10-31,19.66,7,1,0,0,0
PRJ-0615,Railways Project 615,Railways,CIL,2530.6,2530.6,1996.5,2017-06-01,2022-12-01,2025-01-30,77.57,13,10,4,0,1
PRJ-0616,Telecommunications Project 616,Telecommunications,PWD,4444.25,4444.25,2712.49,2021-06-01,2026-08-31,2030-04-01,55.68,11,6,1,0,1
PRJ-0617,Road Transport & Highways Project 617,Road Transport & Highways,NHPC,4870.37,4870.37,4005.16,2022-09-01,2028-01-01,2028-01-01,63.28,6,3,0,1,0
PRJ-0618,Coal Project 618,Coal,PWD,2271.17,2271.17,985.33,2017-11-01,2021-06-01,2021-06-01,47.99,13,6,0,0,0
PRJ-0619,Urban Development Project 619,Urban Development,CIL,2907.4,2907.4,2907.4,2023-07-01,2027-08-31,2031-05-31,87.56,14,12,5,1,1
PRJ-0620,Water Resources Project 620,Water Resources,CIL,2990.0,2990.0,254.65,2022-03-01,2025-01-29,2025-01-29,6.46,5,0,0,0,0
PRJ-0621,Railways Project 621,Railways,AAI,4402.26,6044.15,3524.88,2019-06-01,2022-05-01,2022-12-30,45.95,14,6,3,1,1
PRJ-0622,Railways Project 622,Railways,AAI,2741.72,3054.75,708.74,2021-11-01,2027-10-02,2027-10-02,20.46,12,2,0,1,0
PRJ-0623,Coal Project 623,Coal,NHPC,3499.71,3499.71,3137.39,2016-03-01,2018-10-31,2019-08-31,65.76,5,3,3,1,1
PRJ-0624,Petroleum Project 624,Petroleum,NHAI,1164.76,1164.76,817.06,2023-04-01,2025-08-30,2028-04-30,63.48,7,4,4,0,1
PRJ-0625,Urban Development Project 625,Urban Development,NHAI,714.83,714.83,568.11,2022-08-01,2024-08-31,2024-08-31,71.49,14,10,0,0,0
PRJ-0626,Petroleum Project 626,Petroleum,ONGC,1579.93,1579.93,657.51,2016-11-01,2022-08-02,2025-01-01,40.26,12,4,3,0,1
PRJ-0627,Road Transport & Highways Project 627,Road Transport & Highways,PWD,2088.45,2088.45,2088.45,2022-04-01,2027-12-31,2028-05-01,70.22,11,7,5,1,1
PRJ-0628,Water Resources Project 628,Water Resources,RVNL,1449.07,1449.07,1086.45,2020-08-01,2026-04-01,2027-05-02,85.02,9,7,6,0,1
PRJ-0629,Petroleum Project 629,Petroleum,PWD,1817.66,2128.18,1916.8,2022-03-01,2025-08-30,2025-08-30,86.82,11,9,0,1,0
PRJ-0630,Urban Development Project 630,Urban Development,NHPC,4010.47,4010.47,4010.47,2019-12-01,2025-10-31,2028-07-31,81.01,7,5,2,1,1
PRJ-0631,Petroleum Project 631,Petroleum,NTPC,3087.88,3948.75,3776.02,2018-09-01,2020-11-30,2020-11-30,94.44,10,9,0,1,0
PRJ-0632,Coal Project 632,Coal,NHPC,3433.1,5227.59,3589.35,2020-07-01,2023-01-30,2023-01-30,50.31,6,3,0,1,0
PRJ-0633,Civil Aviation Project 633,Civil Aviation,ONGC,2508.87,2508.87,2508.87,2023-05-01,2026-01-29,2026-01-29,75.64,13,9,0,1,0
PRJ-0634,Railways Project 634,Railways,NHAI,4644.17,4644.17,2976.63,2016-02-01,2021-05-02,2021-05-02,46.14,6,2,0,1,0
PRJ-0635,Civil Aviation Project 635,Civil Aviation,NHAI,2610.43,2910.45,719.69,2019-12-01,2024-03-31,2024-03-31,23.48,12,2,0,1,0
PRJ-0636,Railways Project 636,Railways,NTPC,3288.4,3702.0,3335.77,2021-01-01,2024-04-02,2024-04-02,81.37,12,9,0,1,0
PRJ-0637,Water Resources Project 637,Water Resources,CIL,2599.36,3261.78,2503.93,2018-03-01,2024-02-29,2024-02-29,72.94,11,8,0,1,0
PRJ-0638,Petroleum Project 638,Petroleum,NTPC,4038.58,4038.58,1894.42,2023-11-01,2027-10-01,2027-10-01,41.84,12,5,0,0,0
PRJ-0639,Power Project 639,Power,NHAI,3630.48,3630.48,423.84,2021-03-01,2025-05-31,2025-10-30,11.26,15,1,1,0,1
PRJ-0640,Road Transport & Highways Project 640,Road Transport & Highways,CIL,2183.63,2183.63,2098.02,2020-06-01,2022-06-01,2022-06-01,68.07,13,8,0,1,0
PRJ-0641,Power Project 641,Power,AAI,2314.02,3122.62,2979.78,2020-11-01,2024-12-01,2024-12-01,75.95,9,6,0,1,0
PRJ-0642,Railways Project 642,Railways,NHAI,2756.55,2756.55,2720.42,2023-09-01,2027-03-02,2030-01-30,69.7,13,9,5,1,1
PRJ-0643,Civil Aviation Project 643,Civil Aviation,NHPC,3821.67,4071.38,3792.87,2018-05-01,2024-02-29,2027-01-30,76.69,6,4,1,1,1
PRJ-0644,Water Resources Project 644,Water Resources,CIL,3190.9,3190.9,372.63,2016-08-01,2020-03-01,2020-03-01,9.3,5,0,0,0,0
PRJ-0645,Telecommunications Project 645,Telecommunications,NHPC,4917.31,4917.31,4917.31,2023-10-01,2026-11-30,2028-08-30,94.01,15,14,13,0,1
PRJ-0646,Power Project 646,Power,AAI,2670.38,3285.41,2595.33,2020-08-01,2023-01-31,2025-08-01,57.41,11,6,1,1,1
PRJ-0647,Railways Project 647,Railways,NHAI,2210.7,2582.39,395.71,2021-10-01,2026-08-31,2026-08-31,12.03,11,1,0,1,0
PRJ-0648,Coal Project 648,Coal,PWD,3236.84,3236.84,3174.28,2021-03-01,2023-11-30,2023-11-30,67.01,12,8,0,1,0
PRJ-0649,Telecommunications Project 649,Telecommunications,NTPC,4844.95,4844.95,3278.87,2022-08-01,2024-09-30,2024-09-30,52.62,13,6,0,1,0
PRJ-0650,Water Resources Project 650,Water Resources,RVNL,3067.76,3067.76,584.71,2015-09-01,2018-06-01,2020-04-01,15.88,10,1,1,0,1
PRJ-0651,Coal Project 651,Coal,PWD,285.69,423.13,264.63,2019-05-01,2022-05-31,2025-03-31,42.96,5,2,1,1,1
PRJ-0652,Civil Aviation Project 652,Civil Aviation,NHPC,477.69,627.99,230.5,2020-07-01,2024-12-30,2024-12-30,32.87,14,4,0,1,0
PRJ-0653,Power Project 653,Power,NTPC,2598.1,2598.1,1317.03,2020-02-01,2025-05-02,2025-05-02,45.49,11,5,0,0,0
PRJ-0654,Urban Development Project 654,Urban Development,ONGC,4516.19,4855.81,3522.32,2019-11-01,2022-04-01,2022-04-01,65.34,5,3,0,1,0
PRJ-0655,Coal Project 655,Coal,RVNL,3272.98,5156.06,3688.23,2023-04-01,2029-03-31,2029-03-31,53.77,5,2,0,1,0
PRJ-0656,Railways Project 656,Railways,NTPC,4817.53,5603.72,5603.72,2022-02-01,2026-12-02,2026-12-02,79.67,11,8,0,1,0
PRJ-0657,Road Transport & Highways Project 657,Road Transport & Highways,PWD,4330.58,5588.01,3316.5,2020-07-01,2023-10-31,2024-07-31,42.34,13,5,2,1,1
PRJ-0658,Coal Project 658,Coal,NTPC,1035.94,1035.94,286.83,2017-01-01,2022-04-02,2022-04-02,18.88,7,1,0,0,0
PRJ-0659,Road Transport & Highways Project 659,Road Transport & Highways,NHAI,1595.42,1800.2,1506.95,2016-01-01,2018-12-31,2022-06-01,85.37,14,11,4,1,1
PRJ-0660,Telecommunications Project 660,Telecommunications,AAI,4754.38,5824.52,2698.74,2015-07-01,2020-10-30,2021-02-28,54.78,9,4,1,1,1
PRJ-0661,Petroleum Project 661,Petroleum,NTPC,1627.37,1627.37,254.28,2018-03-01,2022-01-29,2022-01-29,12.55,7,0,0,0,0
PRJ-0662,Petroleum Project 662,Petroleum,AAI,4812.56,4812.56,577.08,2019-11-01,2022-08-31,2025-06-01,8.76,9,0,0,0,1
PRJ-0663,Coal Project 663,Coal,AAI,4996.32,4996.32,1675.35,2019-01-01,2021-10-31,2021-10-31,24.15,14,3,0,0,0
PRJ-0664,Railways Project 664,Railways,CIL,585.12,585.12,585.12,2019-07-01,2022-07-31,2022-07-31,79.74,10,7,0,1,0
PRJ-0665,Water Resources Project 665,Water Resources,CIL,4901.26,4901.26,1831.33,2020-06-01,2023-07-02,2023-07-02,29.57,14,4,0,0,0
PRJ-0666,Water Resources Project 666,Water Resources,NHAI,4582.99,7136.82,3426.47,2015-11-01,2018-10-01,2022-09-01,59.79,12,7,7,1,1
PRJ-0667,Urban Development Project 667,Urban Development,RVNL,3968.43,3968.43,390.63,2022-11-01,2025-06-01,2027-09-01,11.98,14,1,1,0,1
PRJ-0668,Urban Development Project 668,Urban Development,NTPC,4219.86,4219.86,3502.54,2020-04-01,2024-07-31,2024-11-30,93.54,9,8,6,0,1
PRJ-0669,Petroleum Project 669,Petroleum,RVNL,4108.96,4108.96,3050.72,2022-06-01,2024-07-31,2028-07-31,77.76,14,10,4,0,1
PRJ-0670,Road Transport & Highways Project 670,Road Transport & Highways,ONGC,4923.68,4923.68,733.74,2023-08-01,2026-05-31,2026-05-31,14.99,15,2,0,0,0
PRJ-0671,Power Project 671,Power,RVNL,3002.6,3002.6,718.79,2018-09-01,2024-07-01,2024-07-01,16.47,8,1,0,0,0
PRJ-0672,Road Transport & Highways Project 672,Road Transport & Highways,CIL,3451.3,3451.3,196.47,2015-06-01,2019-08-31,2019-08-31,5.18,11,0,0,0,0
PRJ-0673,Coal Project 673,Coal,RVNL,3448.84,3448.84,1723.19,2018-01-01,2021-06-02,2021-06-02,37.53,13,4,0,1,0
PRJ-0674,Telecommunications Project 674,Telecommunications,NHPC,175.02,191.65,88.49,2018-12-01,2023-03-02,2023-03-02,56.46,8,4,0,1,0
PRJ-0675,Petroleum Project 675,Petroleum,NTPC,1746.74,2434.8,201.57,2015-10-01,2021-01-30,2021-01-30,7.51,9,0,0,1,0
PRJ-0676,Petroleum Project 676,Petroleum,RVNL,2446.85,2446.85,2446.85,2023-04-01,2025-07-31,2025-07-31,79.93,14,11,0,1,0
PRJ-0677,Telecommunications Project 677,Telecommunications,RVNL,3182.94,3182.94,340.56,2015-07-01,2019-03-01,2019-03-01,12.7,6,0,0,0,0
PRJ-0678,Power Project 678,Power,NHAI,4607.71,4607.71,1833.29,2016-02-01,2021-09-01,2022-03-03,32.13,9,2,2,0,1
PRJ-0679,Urban Development Project 679,Urban Development,RVNL,3143.91,3143.91,3143.91,2015-08-01,2019-08-01,2019-08-01,82.81,11,9,0,1,0
PRJ-0680,Railways Project 680,Railways,NHPC,3306.97,3306.97,282.07,2018-02-01,2020-08-02,2024-08-02,7.34,6,0,0,0,1
PRJ-0681,Petroleum Project 681,Petroleum,NTPC,3241.21,4153.79,3241.25,2018-03-01,2020-04-30,2022-03-01,70.22,14,9,7,1,1
PRJ-0682,Civil Aviation Project 682,Civil Aviation,NHPC,1659.26,1659.26,1120.82,2019-10-01,2023-07-01,2023-10-01,74.79,13,9,3,0,1
PRJ-0683,Road Transport & Highways Project 683,Road Transport & Highways,ONGC,2609.47,2609.47,2351.99,2018-04-01,2023-08-01,2023-08-01,82.28,6,4,0,0,0
PRJ-0684,Water Resources Project 684,Water Resources,ONGC,3389.12,3389.12,3389.12,2020-10-01,2025-10-01,2025-10-01,93.37,14,13,0,0,0
PRJ-0685,Coal Project 685,Coal,AAI,1743.8,2671.25,2664.43,2015-11-01,2018-12-31,2018-12-31,86.95,12,10,0,1,0
PRJ-0686,Petroleum Project 686,Petroleum,ONGC,2481.62,2481.62,2481.62,2021-04-01,2025-05-01,2025-07-31,78.32,10,7,1,1,1
PRJ-0687,Railways Project 687,Railways,NHPC,295.59,357.61,97.36,2020-01-01,2022-01-31,2023-11-01,22.5,7,1,1,1,1
PRJ-0688,Coal Project 688,Coal,NTPC,1798.11,1798.11,308.79,2019-02-01,2021-03-03,2021-03-03,21.07,7,1,0,0,0
PRJ-0689,Urban Development Project 689,Urban Development,RVNL,1791.16,2330.14,945.82,2017-09-01,2022-12-01,2022-12-01,38.27,6,2,0,1,0
PRJ-0690,Railways Project 690,Railways,NTPC,4431.21,5114.96,3481.78,2020-10-01,2024-12-31,2024-12-31,52.93,8,4,0,1,0
PRJ-0691,Road Transport & Highways Project 691,Road Transport & Highways,ONGC,4294.01,4859.58,1642.87,2019-03-01,2023-10-30,2023-10-30,27.25,12,3,0,1,0
PRJ-0692,Petroleum Project 692,Petroleum,RVNL,3955.63,3955.63,2189.21,2021-11-01,2027-11-01,2027-11-01,60.34,12,7,0,0,0
PRJ-0693,Civil Aviation Project 693,Civil Aviation,PWD,1018.14,1018.14,606.02,2022-08-01,2025-12-31,2025-12-31,52.29,15,7,0,0,0
PRJ-0694,Road Transport & Highways Project 694,Road Transport & Highways,ONGC,1214.7,1852.1,763.19,2021-10-01,2024-07-31,2024-07-31,40.63,10,4,0,1,0
PRJ-0695,Coal Project 695,Coal,RVNL,801.5,1037.52,459.51,2022-09-01,2027-12-01,2030-07-02,36.64,12,4,4,1,1
PRJ-0696,Urban Development Project 696,Urban Development,NHPC,4051.85,5106.56,1041.27,2016-06-01,2018-10-31,2021-10-01,21.16,13,2,1,1,1
PRJ-0697,Coal Project 697,Coal,ONGC,627.28,671.85,145.08,2020-05-01,2023-11-30,2023-11-30,23.03,15,3,0,1,0
PRJ-0698,Coal Project 698,Coal,ONGC,3572.37,3572.37,3572.37,2023-05-01,2025-04-30,2025-04-30,94.86,9,8,0,0,0
PRJ-0699,Water Resources Project 699,Water Resources,AAI,4737.2,4737.2,2802.97,2023-03-01,2027-03-31,2028-07-30,73.2,12,8,4,0,1
PRJ-0700,Civil Aviation Project 700,Civil Aviation,PWD,3654.18,3654.18,2840.42,2018-07-01,2024-02-29,2026-09-30,76.27,12,9,9,0,1
PRJ-0701,Road Transport & Highways Project 701,Road Transport & Highways,NHPC,823.91,823.91,352.51,2022-11-01,2026-09-01,2029-01-31,32.5,11,3,3,1,1
PRJ-0702,Urban Development Project 702,Urban Development,CIL,1731.49,2565.98,2049.15,2020-10-01,2026-01-31,2026-01-31,87.99,14,12,0,1,0
PRJ-0703,Urban Development Project 703,Urban Development,AAI,1140.39,1140.39,564.27,2016-06-01,2021-06-01,2021-06-01,53.1,15,7,0,0,0
PRJ-0704,Coal Project 704,Coal,RVNL,981.4,981.4,283.97,2022-01-01,2024-12-01,2027-03-03,20.99,9,1,1,0,1
PRJ-0705,Petroleum Project 705,Petroleum,CIL,3348.91,3622.18,1722.37,2021-07-01,2024-04-30,2024-04-30,51.67,7,3,0,1,0
PRJ-0706,Civil Aviation Project 706,Civil Aviation,AAI,2469.52,3890.24,2873.68,2018-05-01,2022-07-31,2022-07-31,82.91,15,12,0,1,0
PRJ-0707,Telecommunications Project 707,Telecommunications,NTPC,3077.99,3077.99,2051.5,2022-05-01,2025-04-30,2026-05-01,57.87,12,6,1,0,1
PRJ-0708,Urban Development Project 708,Urban Development,ONGC,2700.4,2700.4,2549.34,2015-12-01,2018-05-01,2020-12-30,84.13,10,8,5,1,1
PRJ-0709,Urban Development Project 709,Urban Development,NTPC,2163.01,3006.05,1410.74,2017-12-01,2022-12-01,2026-11-01,43.89,5,2,1,1,1
PRJ-0710,Power Project 710,Power,CIL,4430.4,4430.4,2438.35,2018-08-01,2022-10-01,2022-10-01,65.0,13,8,0,0,0
PRJ-0711,Railways Project 711,Railways,NHPC,521.19,766.98,293.84,2019-04-01,2023-11-30,2024-03-31,34.34,6,2,2,1,1
PRJ-0712,Urban Development Project 712,Urban Development,NHPC,3767.89,3767.89,1238.35,2016-12-01,2019-08-02,2022-04-02,40.7,12,4,4,0,1
PRJ-0713,Railways Project 713,Railways,RVNL,2809.88,4418.56,1069.96,2017-03-01,2019-04-01,2019-04-01,17.62,7,1,0,1,0
PRJ-0714,Coal Project 714,Coal,RVNL,2743.07,2743.07,438.55,2019-03-01,2023-06-30,2024-10-29,11.98,5,0,0,0,1
PRJ-0715,Civil Aviation Project 715,Civil Aviation,ONGC,2293.98,3209.59,2111.66,2016-07-01,2022-03-01,2022-08-31,52.06,14,7,1,1,1
PRJ-0716,Road Transport & Highways Project 716,Road Transport & Highways,AAI,3870.5,3870.5,1449.17,2016-01-01,2020-03-02,2020-06-01,38.72,10,3,1,0,1
PRJ-0717,Railways Project 717,Railways,ONGC,4799.91,7245.28,6132.55,2015-07-01,2020-02-29,2022-01-29,64.77,10,6,5,1,1
PRJ-0718,Petroleum Project 718,Petroleum,ONGC,4681.49,4681.49,1960.91,2016-06-01,2020-01-31,2022-06-01,43.51,15,6,3,0,1
PRJ-0719,Road Transport & Highways Project 719,Road Transport & Highways,AAI,1181.92,1668.73,620.37,2015-02-01,2018-03-03,2021-08-02,30.06,12,3,1,1,1
PRJ-0720,Civil Aviation Project 720,Civil Aviation,NTPC,1371.91,1685.25,1116.11,2017-06-01,2020-05-01,2020-05-01,61.78,10,6,0,1,0
PRJ-0721,Telecommunications Project 721,Telecommunications,RVNL,1775.26,1775.26,1092.68,2018-09-01,2023-10-01,2023-10-01,57.65,5,2,0,0,0
PRJ-0722,Petroleum Project 722,Petroleum,NHAI,3139.29,3139.29,1355.62,2018-10-01,2021-03-01,2023-05-02,32.8,12,3,2,1,1
PRJ-0723,Petroleum Project 723,Petroleum,NTPC,1972.38,1972.38,681.71,2022-12-01,2026-08-31,2028-07-31,26.43,15,3,1,0,1
PRJ-0724,Civil Aviation Project 724,Civil Aviation,AAI,3293.03,3500.59,2933.85,2018-04-01,2023-01-30,2026-10-31,81.22,8,6,6,1,1
PRJ-0725,Petroleum Project 725,Petroleum,AAI,2679.14,3741.1,463.14,2018-01-01,2023-05-03,2023-05-03,10.82,8,0,0,1,0
PRJ-0726,Power Project 726,Power,RVNL,992.33,992.33,716.56,2023-02-01,2027-05-03,2027-05-03,76.57,9,6,0,0,0
PRJ-0727,Power Project 727,Power,ONGC,1337.89,1587.99,542.63,2018-05-01,2022-10-30,2024-12-30,30.68,11,3,2,1,1
PRJ-0728,Power Project 728,Power,PWD,2290.67,2290.67,2170.97,2022-01-01,2028-01-01,2028-09-01,71.14,9,6,5,1,1
PRJ-0729,Civil Aviation Project 729,Civil Aviation,NTPC,2831.33,3565.35,1157.79,2023-10-01,2028-03-31,2029-03-01,32.53,12,3,1,1,1
PRJ-0730,Power Project 730,Power,ONGC,170.28,170.28,127.9,2021-07-01,2025-07-31,2025-07-31,70.73,10,7,0,0,0
PRJ-0731,Urban Development Project 731,Urban Development,PWD,1642.88,1642.88,266.09,2016-07-01,2021-07-01,2023-12-31,11.41,9,1,1,0,1
PRJ-0732,Civil Aviation Project 732,Civil Aviation,PWD,3229.65,3229.65,352.05,2021-12-01,2025-03-02,2025-08-01,10.19,10,1,1,0,1
PRJ-0733,Power Project 733,Power,CIL,3086.36,3086.36,548.46,2017-01-01,2019-08-02,2019-08-02,18.26,15,2,0,0,0
PRJ-0734,Urban Development Project 734,Urban Development,AAI,3574.44,3574.44,628.17,2021-03-01,2025-05-31,2027-04-01,12.23,13,1,1,0,1
PRJ-0735,Coal Project 735,Coal,AAI,3799.44,3799.44,2772.37,2020-03-01,2023-08-01,2023-08-01,83.25,11,9,0,0,0
PRJ-0736,Coal Project 736,Coal,NHAI,4937.07,4937.07,215.42,2021-09-01,2025-11-01,2025-11-01,5.14,11,0,0,0,0
PRJ-0737,Power Project 737,Power,NTPC,1967.06,1967.06,416.29,2016-08-01,2021-08-01,2021-08-01,22.82,7,1,0,0,0
PRJ-0738,Petroleum Project 738,Petroleum,NHAI,3787.09,3787.09,1255.01,2021-08-01,2026-12-01,2026-12-01,22.27,6,1,0,1,0
PRJ-0739,Power Project 739,Power,RVNL,1571.66,1571.66,488.65,2018-08-01,2023-03-02,2023-03-02,29.91,6,1,0,0,0
PRJ-0740,Road Transport & Highways Project 740,Road Transport & Highways,NHAI,1440.49,1440.49,1263.98,2015-02-01,2018-03-03,2018-03-03,64.88,5,3,0,1,0
PRJ-0741,Urban Development Project 741,Urban Development,CIL,4670.82,4670.82,1816.24,2020-11-01,2024-08-01,2024-08-01,35.33,8,2,0,0,0
PRJ-0742,Water Resources Project 742,Water Resources,AAI,1985.41,2473.46,747.25,2022-12-01,2026-12-31,2026-12-31,34.72,7,2,0,1,0
PRJ-0743,Road Transport & Highways Project 743,Road Transport & Highways,RVNL,4364.68,6261.55,5189.98,2022-09-01,2026-11-01,2026-11-01,78.35,5,3,0,1,0
PRJ-0744,Water Resources Project 744,Water Resources,NHAI,3223.82,3223.82,3223.82,2022-04-01,2027-06-01,2027-06-01,92.26,14,12,0,0,0
PRJ-0745,Railways Project 745,Railways,NHPC,2225.39,2225.39,2225.39,2016-12-01,2020-12-01,2022-03-02,88.78,7,6,5,1,1
PRJ-0746,Civil Aviation Project 746,Civil Aviation,NHAI,770.13,770.13,314.44,2023-08-01,2026-05-31,2026-05-31,32.12,6,1,0,0,0
PRJ-0747,Telecommunications Project 747,Telecommunications,ONGC,1330.28,2087.63,1240.29,2015-03-01,2018-10-30,2018-10-30,67.99,9,6,0,1,0
PRJ-0748,Petroleum Project 748,Petroleum,CIL,3379.77,3379.77,2795.82,2023-11-01,2029-08-31,2029-08-31,65.35,10,6,0,1,0
PRJ-0749,Petroleum Project 749,Petroleum,RVNL,3273.33,3273.33,2995.05,2021-11-01,2027-04-02,2027-04-02,69.57,11,7,0,1,0
PRJ-0750,Petroleum Project 750,Petroleum,ONGC,1406.61,1563.11,676.23,2018-12-01,2021-07-01,2021-07-01,35.62,7,2,0,1,0
PRJ-0751,Water Resources Project 751,Water Resources,AAI,2948.05,3195.79,2368.29,2021-06-01,2025-05-01,2025-05-01,53.2,7,3,0,1,0
PRJ-0752,Civil Aviation Project 752,Civil Aviation,ONGC,666.94,1012.95,464.36,2019-04-01,2023-10-31,2023-10-31,33.43,7,2,0,1,0
PRJ-0753,Coal Project 753,Coal,NTPC,3773.24,3773.24,2471.9,2020-05-01,2024-12-30,2024-12-30,79.5,6,4,0,0,0
PRJ-0754,Coal Project 754,Coal,PWD,3210.72,3886.01,3006.63,2020-03-01,2025-11-30,2027-05-01,91.98,5,4,2,1,1
PRJ-0755,Telecommunications Project 755,Telecommunications,AAI,1600.64,1600.64,1270.83,2015-09-01,2019-10-01,2023-08-01,87.11,12,10,6,0,1
PRJ-0756,Urban Development Project 756,Urban Development,AAI,498.34,498.34,219.16,2023-07-01,2025-12-30,2029-04-30,30.41,5,1,1,1,1
PRJ-0757,Telecommunications Project 757,Telecommunications,NTPC,2949.21,2949.21,2039.27,2018-04-01,2024-03-01,2027-10-31,48.42,5,2,2,1,1
PRJ-0758,Railways Project 758,Railways,NTPC,1976.3,1976.3,1199.8,2015-02-01,2018-12-02,2018-12-02,66.15,7,4,0,0,0
PRJ-0759,Road Transport & Highways Project 759,Road Transport & Highways,RVNL,4904.34,4904.34,4236.23,2021-04-01,2023-06-01,2025-09-30,58.41,12,7,3,1,1
PRJ-0760,Power Project 760,Power,AAI,3912.87,3912.87,2206.72,2022-11-01,2026-11-01,2030-07-02,65.37,12,7,3,0,1
PRJ-0761,Road Transport & Highways Project 761,Road Transport & Highways,RVNL,715.64,1003.88,833.91,2022-05-01,2027-12-30,2027-12-30,86.76,14,12,0,1,0
PRJ-0762,Power Project 762,Power,AAI,2498.33,2498.33,1320.01,2016-06-01,2018-10-01,2018-10-01,44.03,13,5,0,0,0
PRJ-0763,Power Project 763,Power,AAI,4092.41,5548.62,4045.81,2022-02-01,2026-11-02,2026-11-02,53.28,13,6,0,1,0
PRJ-0764,Railways Project 764,Railways,ONGC,4833.55,4833.55,1253.04,2017-01-01,2021-12-01,2023-11-02,21.26,6,1,1,0,1
PRJ-0765,Power Project 765,Power,ONGC,3315.31,3949.26,2469.65,2016-09-01,2020-04-01,2023-05-03,72.78,7,5,4,1,1
PRJ-0766,Road Transport & Highways Project 766,Road Transport & Highways,ONGC,1607.91,1607.91,1121.63,2023-08-01,2026-04-01,2026-04-01,51.75,10,5,0,1,0
PRJ-0767,Civil Aviation Project 767,Civil Aviation,NHPC,3089.93,3089.93,2612.94,2015-04-01,2017-05-31,2019-04-01,66.91,8,5,2,1,1
PRJ-0768,Civil Aviation Project 768,Civil Aviation,ONGC,3020.15,4382.26,2231.74,2019-07-01,2024-11-29,2024-11-29,42.98,11,4,0,1,0
PRJ-0769,Telecommunications Project 769,Telecommunications,RVNL,4731.99,4731.99,3817.88,2018-02-01,2023-06-03,2023-06-03,89.62,15,13,0,0,0
PRJ-0770,Petroleum Project 770,Petroleum,NHPC,2883.66,2883.66,1346.2,2017-06-01,2021-08-31,2025-01-30,51.03,8,4,1,0,1
PRJ-0771,Coal Project 771,Coal,RVNL,2727.63,2727.63,1169.64,2016-06-01,2020-03-01,2020-03-01,41.61,7,2,0,0,0
PRJ-0772,Petroleum Project 772,Petroleum,CIL,197.84,197.84,194.25,2016-02-01,2019-01-01,2019-01-01,92.19,9,8,0,0,0
PRJ-0773,Telecommunications Project 773,Telecommunications,RVNL,2715.46,2715.46,2669.68,2016-01-01,2018-10-31,2021-01-30,82.89,7,5,3,1,1
PRJ-0774,Civil Aviation Project 774,Civil Aviation,AAI,2462.78,2598.78,1209.76,2017-03-01,2021-03-01,2021-03-01,51.22,9,4,0,1,0
PRJ-0775,Road Transport & Highways Project 775,Road Transport & Highways,NHPC,3581.39,4959.46,3158.28,2020-08-01,2025-04-01,2027-10-01,68.61,13,8,4,1,1
PRJ-0776,Coal Project 776,Coal,RVNL,4745.16,4745.16,1357.67,2016-02-01,2021-12-01,2022-08-02,33.15,7,2,1,0,1
PRJ-0777,Railways Project 777,Railways,CIL,2837.67,2837.67,2837.67,2021-11-01,2026-07-02,2026-07-02,83.69,7,5,0,1,0
PRJ-0778,Telecommunications Project 778,Telecommunications,PWD,2647.81,2647.81,2647.81,2021-01-01,2026-04-02,2026-07-03,84.93,11,9,9,1,1
PRJ-0779,Water Resources Project 779,Water Resources,ONGC,4971.98,4971.98,4971.98,2023-11-01,2028-12-31,2031-08-01,87.84,7,6,6,1,1
PRJ-0780,Civil Aviation Project 780,Civil Aviation,ONGC,997.85,997.85,177.66,2015-07-01,2020-01-30,2022-03-31,17.0,6,1,1,0,1
PRJ-0781,Petroleum Project 781,Petroleum,RVNL,1556.81,1556.81,359.76,2021-04-01,2024-10-30,2024-10-30,28.83,15,4,0,0,0
PRJ-0782,Civil Aviation Project 782,Civil Aviation,NHAI,4686.76,4686.76,3203.6,2015-10-01,2020-03-01,2022-04-01,81.35,6,4,1,0,1
PRJ-0783,Water Resources Project 783,Water Resources,NTPC,2100.03,2702.62,720.54,2017-07-01,2020-01-30,2020-01-30,22.78,5,1,0,1,0
PRJ-0784,Power Project 784,Power,CIL,1246.56,1246.56,437.9,2017-09-01,2021-01-31,2023-09-01,31.94,15,4,4,0,1
PRJ-0785,Power Project 785,Power,NTPC,1865.63,1865.63,981.53,2018-02-01,2021-01-31,2022-01-01,37.33,11,4,4,1,1
PRJ-0786,Water Resources Project 786,Water Resources,NHAI,927.52,1218.4,779.36,2021-08-01,2026-07-01,2026-07-01,64.87,15,9,0,1,0
PRJ-0787,Power Project 787,Power,NHPC,3792.79,3792.79,2033.81,2021-03-01,2023-09-30,2023-09-30,40.99,5,2,0,1,0
PRJ-0788,Power Project 788,Power,NTPC,1818.98,2594.67,346.83,2021-10-01,2027-09-01,2030-06-01,9.68,9,0,0,1,1
PRJ-0789,Coal Project 789,Coal,PWD,550.68,550.68,437.25,2017-04-01,2020-08-31,2020-08-31,60.59,9,5,0,1,0
PRJ-0790,Petroleum Project 790,Petroleum,AAI,1112.3,1112.3,1112.3,2023-10-01,2026-08-31,2029-12-31,77.9,15,11,11,1,1
PRJ-0791,Power Project 791,Power,ONGC,734.24,734.24,203.45,2017-07-01,2019-08-01,2019-08-01,29.65,6,1,0,0,0
PRJ-0792,Road Transport & Highways Project 792,Road Transport & Highways,AAI,2125.39,2971.98,794.78,2022-01-01,2026-09-01,2027-03-03,25.83,9,2,1,1,1
PRJ-0793,Coal Project 793,Coal,NHPC,1510.7,1510.7,659.4,2015-03-01,2017-04-30,2021-01-29,42.63,10,4,2,0,1
PRJ-0794,Coal Project 794,Coal,PWD,1508.77,1508.77,645.07,2022-06-01,2026-03-01,2026-11-30,43.78,15,6,1,0,1
PRJ-0795,Civil Aviation Project 795,Civil Aviation,NTPC,1756.38,1756.38,886.46,2023-10-01,2027-08-31,2029-05-01,37.52,8,3,3,1,1
PRJ-0796,Urban Development Project 796,Urban Development,RVNL,4452.89,6494.2,1244.53,2018-04-01,2023-12-31,2024-09-30,15.83,6,0,0,1,1
PRJ-0797,Civil Aviation Project 797,Civil Aviation,NHPC,1612.16,1612.16,1390.32,2017-01-01,2019-09-02,2022-11-01,73.49,9,6,5,1,1
PRJ-0798,Water Resources Project 798,Water Resources,NHPC,2325.14,2325.14,1713.78,2021-09-01,2026-05-02,2026-05-02,86.98,7,6,0,0,0
PRJ-0799,Coal Project 799,Coal,NTPC,1554.83,1554.83,241.05,2018-12-01,2022-12-31,2022-12-31,10.47,13,1,0,0,0
PRJ-0800,Civil Aviation Project 800,Civil Aviation,RVNL,952.76,952.76,507.29,2021-10-01,2025-03-02,2025-06-01,39.57,7,2,1,1,1
PRJ-0801,Road Transport & Highways Project 801,Road Transport & Highways,PWD,2593.52,2593.52,1025.15,2019-12-01,2023-05-02,2023-05-02,28.3,7,1,0,1,0
PRJ-0802,Petroleum Project 802,Petroleum,NHAI,2737.79,3837.8,3426.38,2017-05-01,2019-07-31,2019-07-31,89.78,8,7,0,1,0
PRJ-0803,Petroleum Project 803,Petroleum,RVNL,156.79,216.82,71.12,2023-05-01,2029-02-28,2032-08-30,38.22,9,3,2,1,1
PRJ-0804,Road Transport & Highways Project 804,Road Transport & Highways,NHAI,4146.07,6554.42,2028.55,2023-11-01,2028-11-30,2032-10-31,20.91,11,2,2,1,1
PRJ-0805,Civil Aviation Project 805,Civil Aviation,ONGC,4111.71,4925.16,3856.72,2021-03-01,2025-06-30,2027-12-31,57.35,10,5,2,1,1
PRJ-0806,Telecommunications Project 806,Telecommunications,RVNL,2555.41,2555.41,1849.73,2022-12-01,2025-10-31,2025-10-31,78.4,5,3,0,0,0
PRJ-0807,Coal Project 807,Coal,NTPC,4443.48,4443.48,2767.38,2017-02-01,2021-05-03,2025-01-01,66.86,11,7,1,0,1
PRJ-0808,Civil Aviation Project 808,Civil Aviation,NTPC,3674.81,3674.81,2319.75,2015-02-01,2017-01-31,2017-01-31,59.3,15,8,0,0,0
PRJ-0809,Road Transport & Highways Project 809,Road Transport & Highways,NTPC,1354.46,1528.44,760.38,2015-02-01,2019-12-02,2019-12-02,61.46,10,6,0,1,0
PRJ-0810,Railways Project 810,Railways,ONGC,825.27,825.27,825.27,2019-06-01,2023-11-30,2024-05-31,85.32,13,11,5,1,1
PRJ-0811,Civil Aviation Project 811,Civil Aviation,RVNL,252.86,341.25,68.98,2021-03-01,2023-03-01,2023-03-01,14.23,5,0,0,1,0
PRJ-0812,Petroleum Project 812,Petroleum,AAI,2019.11,2019.11,899.32,2021-11-01,2027-08-02,2027-08-02,30.82,6,1,0,1,0
PRJ-0813,Telecommunications Project 813,Telecommunications,NTPC,4955.23,7809.72,2023.44,2020-02-01,2024-01-01,2024-01-01,30.36,6,1,0,1,0
PRJ-0814,Road Transport & Highways Project 814,Road Transport & Highways,NTPC,1013.63,1013.63,762.48,2017-11-01,2023-06-02,2025-03-02,58.97,10,5,1,1,1
PRJ-0815,Coal Project 815,Coal,PWD,3359.4,3359.4,3359.4,2016-01-01,2018-10-01,2018-10-01,77.96,7,5,0,1,0
PRJ-0816,Water Resources Project 816,Water Resources,NTPC,2044.41,2044.41,1756.4,2016-02-01,2021-01-31,2022-10-02,75.7,7,5,1,1,1
PRJ-0817,Water Resources Project 817,Water Resources,NTPC,1032.08,1032.08,381.89,2021-10-01,2027-01-31,2030-10-01,33.74,8,2,2,0,1
PRJ-0818,Urban Development Project 818,Urban Development,PWD,2762.92,2762.92,1414.26,2016-10-01,2022-07-02,2025-10-01,53.26,8,4,1,0,1
PRJ-0819,Petroleum Project 819,Petroleum,NHPC,163.9,163.9,12.76,2017-02-01,2019-05-03,2019-05-03,6.54,10,0,0,0,0
PRJ-0820,Power Project 820,Power,CIL,2382.88,2382.88,1890.43,2021-04-01,2024-05-01,2024-05-01,54.64,5,2,0,1,0
PRJ-0821,Power Project 821,Power,RVNL,4815.95,4815.95,1536.03,2021-06-01,2023-08-31,2023-08-31,38.97,15,5,0,0,0
PRJ-0822,Railways Project 822,Railways,PWD,4211.57,4211.57,343.23,2016-04-01,2018-08-01,2020-12-31,7.72,7,0,0,0,1
PRJ-0823,Power Project 823,Power,PWD,3756.26,3756.26,2573.99,2021-12-01,2025-08-31,2029-05-02,67.87,5,3,2,0,1
PRJ-0824,Railways Project 824,Railways,NTPC,441.0,441.0,241.31,2017-01-01,2021-01-31,2021-01-31,59.38,15,8,0,0,0
PRJ-0825,Telecommunications Project 825,Telecommunications,CIL,4607.88,4607.88,3478.39,2017-05-01,2019-09-30,2019-09-30,68.84,7,4,0,0,0
PRJ-0826,Petroleum Project 826,Petroleum,AAI,3152.36,3628.47,3118.86,2016-12-01,2021-05-02,2021-05-02,72.14,15,10,0,1,0
PRJ-0827,Urban Development Project 827,Urban Development,AAI,949.4,949.4,561.81,2016-02-01,2018-06-02,2020-06-01,63.2,5,3,1,0,1
PRJ-0828,Coal Project 828,Coal,NTPC,2776.6,3827.3,2843.21,2023-04-01,2028-07-31,2028-07-31,73.09,8,5,0,1,0
PRJ-0829,Coal Project 829,Coal,RVNL,4886.82,4886.82,3685.89,2015-01-01,2018-09-01,2020-07-02,55.74,5,2,2,1,1
PRJ-0830,Coal Project 830,Coal,AAI,2576.05,3258.32,1074.63,2016-06-01,2020-08-01,2020-08-01,37.03,13,4,0,1,0
PRJ-0831,Railways Project 831,Railways,NTPC,264.87,264.87,178.77,2015-05-01,2018-02-28,2020-10-30,47.93,6,2,1,1,1
PRJ-0832,Petroleum Project 832,Petroleum,ONGC,4066.26,4066.26,2753.49,2023-09-01,2029-07-01,2029-07-01,74.19,13,9,0,0,0
PRJ-0833,Water Resources Project 833,Water Resources,PWD,3958.96,4941.47,4465.99,2021-04-01,2024-05-01,2024-05-01,82.04,14,11,0,1,0
PRJ-0834,Railways Project 834,Railways,NTPC,2899.47,2899.47,323.58,2019-09-01,2022-01-30,2022-01-30,13.77,12,1,0,0,0
PRJ-0835,Water Resources Project 835,Water Resources,NTPC,4680.17,5635.23,1832.28,2017-12-01,2022-05-02,2025-01-30,37.7,9,3,2,1,1
PRJ-0836,Power Project 836,Power,RVNL,4862.65,4862.65,1834.87,2021-10-01,2027-05-02,2029-07-01,37.71,13,4,3,0,1
PRJ-0837,Water Resources Project 837,Water Resources,RVNL,3458.67,3458.67,1400.03,2015-10-01,2021-03-01,2022-08-31,28.65,13,3,1,1,1
PRJ-0838,Power Project 838,Power,RVNL,1559.7,1980.2,245.55,2022-11-01,2025-04-01,2027-12-01,11.57,15,1,1,1,1
PRJ-0839,Railways Project 839,Railways,RVNL,1024.33,1616.14,726.17,2021-06-01,2023-10-01,2027-03-02,40.73,12,4,2,1,1
PRJ-0840,Telecommunications Project 840,Telecommunications,RVNL,1500.12,1703.62,1005.78,2020-10-01,2022-12-01,2022-12-01,47.3,11,5,0,1,0
PRJ-0841,Road Transport & Highways Project 841,Road Transport & Highways,NHPC,3979.36,3979.36,913.35,2015-11-01,2020-01-31,2023-09-01,24.21,7,1,1,0,1
PRJ-0842,Power Project 842,Power,RVNL,1478.44,2262.87,1129.41,2018-11-01,2022-03-02,2022-09-01,45.63,6,2,2,1,1
PRJ-0843,Water Resources Project 843,Water Resources,CIL,947.99,1213.91,743.83,2017-12-01,2022-03-02,2026-01-31,47.79,14,6,4,1,1
PRJ-0844,Road Transport & Highways Project 844,Road Transport & Highways,ONGC,527.37,527.37,327.5,2020-01-01,2022-10-01,2022-10-01,60.49,7,4,0,0,0
PRJ-0845,Telecommunications Project 845,Telecommunications,NHPC,700.99,700.99,339.33,2015-08-01,2018-04-01,2018-04-01,41.57,15,6,0,0,0
PRJ-0846,Railways Project 846,Railways,NHAI,1210.32,1210.32,612.72,2017-10-01,2021-10-01,2023-01-31,42.82,8,3,3,0,1
PRJ-0847,Road Transport & Highways Project 847,Road Transport & Highways,NHPC,4096.83,6322.07,4465.84,2022-11-01,2027-04-02,2029-05-02,50.19,10,5,5,1,1
PRJ-0848,Urban Development Project 848,Urban Development,NHPC,699.89,899.79,228.97,2023-07-01,2027-07-01,2031-03-31,20.92,15,3,2,1,1
PRJ-0849,Coal Project 849,Coal,RVNL,4977.51,4977.51,895.6,2021-02-01,2025-09-02,2025-09-02,14.34,14,2,0,0,0
PRJ-0850,Civil Aviation Project 850,Civil Aviation,RVNL,3222.6,3222.6,3166.57,2021-04-01,2024-05-31,2024-05-31,77.53,13,10,0,1,0
PRJ-0851,Urban Development Project 851,Urban Development,RVNL,1098.47,1098.47,262.89,2022-07-01,2027-11-30,2027-11-30,16.2,11,1,0,0,0
PRJ-0852,Road Transport & Highways Project 852,Road Transport & Highways,NHPC,3943.65,3943.65,1446.22,2019-07-01,2025-01-29,2027-07-01,29.08,5,1,1,0,1
PRJ-0853,Road Transport & Highways Project 853,Road Transport & Highways,NTPC,3983.97,3983.97,2717.02,2020-06-01,2023-04-01,2023-04-01,51.71,11,5,0,1,0
PRJ-0854,Petroleum Project 854,Petroleum,AAI,1084.4,1084.4,1084.4,2021-03-01,2026-07-01,2027-08-31,79.57,11,8,6,1,1
PRJ-0855,Civil Aviation Project 855,Civil Aviation,NTPC,2271.4,3385.85,2118.61,2021-11-01,2025-03-02,2025-03-02,50.38,7,3,0,1,0
PRJ-0856,Water Resources Project 856,Water Resources,ONGC,602.28,636.22,428.81,2023-02-01,2028-02-01,2029-01-01,74.3,12,8,6,1,1
PRJ-0857,Power Project 857,Power,ONGC,3314.74,3833.85,3833.85,2021-05-01,2026-10-31,2027-07-01,80.64,7,5,1,1,1
PRJ-0858,Railways Project 858,Railways,RVNL,2376.77,2376.77,347.17,2017-02-01,2019-06-03,2019-06-03,14.64,10,1,0,0,0
PRJ-0859,Petroleum Project 859,Petroleum,AAI,638.26,638.26,307.5,2016-04-01,2021-10-31,2023-10-01,42.24,15,6,4,0,1
PRJ-0860,Power Project 860,Power,NTPC,1598.96,1598.96,1278.17,2015-02-01,2018-11-01,2018-11-01,64.37,12,7,0,1,0
PRJ-0861,Civil Aviation Project 861,Civil Aviation,NHAI,918.18,918.18,758.82,2015-09-01,2017-10-01,2017-10-01,88.39,7,6,0,0,0
PRJ-0862,Petroleum Project 862,Petroleum,NHPC,706.72,869.37,282.09,2017-05-01,2020-09-30,2020-09-30,24.78,6,1,0,1,0
PRJ-0863,Water Resources Project 863,Water Resources,CIL,2415.16,2415.16,1562.92,2018-05-01,2021-03-31,2025-03-31,44.25,9,3,2,1,1
PRJ-0864,Railways Project 864,Railways,CIL,953.42,1379.73,675.42,2019-06-01,2024-08-30,2026-11-30,44.01,11,4,2,1,1
PRJ-0865,Water Resources Project 865,Water Resources,NHPC,4504.79,4504.79,2912.7,2023-05-01,2028-05-30,2031-10-30,45.45,15,6,5,1,1
PRJ-0866,Water Resources Project 866,Water Resources,AAI,295.21,362.36,289.96,2016-04-01,2021-10-01,2022-10-01,76.18,10,7,1,1,1
PRJ-0867,Road Transport & Highways Project 867,Road Transport & Highways,NHPC,3488.22,3488.22,1012.31,2020-04-01,2025-03-01,2026-12-01,24.24,14,3,1,0,1
PRJ-0868,Civil Aviation Project 868,Civil Aviation,ONGC,649.16,898.66,898.66,2016-10-01,2022-03-02,2024-08-31,84.5,10,8,6,1,1
PRJ-0869,Petroleum Project 869,Petroleum,ONGC,390.85,390.85,35.71,2016-02-01,2020-06-01,2022-05-03,9.21,14,1,1,0,1
PRJ-0870,Petroleum Project 870,Petroleum,NHAI,1532.43,1532.43,1532.43,2022-05-01,2024-12-30,2024-12-30,82.05,11,9,0,1,0
PRJ-0871,Road Transport & Highways Project 871,Road Transport & Highways,NHAI,1786.34,2337.32,2031.28,2019-05-01,2022-12-30,2022-12-30,79.69,11,8,0,1,0
PRJ-0872,Railways Project 872,Railways,NHPC,2545.02,3090.02,3090.02,2016-06-01,2021-08-31,2023-01-31,93.56,5,4,1,1,1
PRJ-0873,Power Project 873,Power,RVNL,4968.67,4968.67,3342.09,2016-04-01,2022-01-30,2022-01-30,70.18,10,7,0,0,0
PRJ-0874,Civil Aviation Project 874,Civil Aviation,NHAI,4680.44,4680.44,1791.87,2016-01-01,2019-08-01,2021-08-01,28.37,14,3,2,0,1
PRJ-0875,Coal Project 875,Coal,NTPC,4635.56,4635.56,749.18,2017-10-01,2021-12-01,2021-12-01,15.79,15,2,0,0,0
PRJ-0876,Railways Project 876,Railways,ONGC,2952.74,2952.74,2811.69,2022-04-01,2024-08-30,2026-06-01,92.87,6,5,3,0,1
PRJ-0877,Civil Aviation Project 877,Civil Aviation,ONGC,3348.48,3348.48,673.35,2022-01-01,2025-01-31,2026-06-02,23.53,12,2,2,0,1
PRJ-0878,Petroleum Project 878,Petroleum,PWD,656.99,903.22,664.18,2019-12-01,2024-05-01,2024-05-01,52.49,13,6,0,1,0
PRJ-0879,Railways Project 879,Railways,NTPC,1211.11,1211.11,1211.11,2023-04-01,2027-05-01,2028-12-30,92.76,11,10,3,0,1
PRJ-0880,Coal Project 880,Coal,RVNL,864.36,864.36,603.09,2022-03-01,2025-07-31,2029-04-30,72.05,13,9,8,0,1
PRJ-0881,Water Resources Project 881,Water Resources,CIL,723.88,723.88,253.34,2021-09-01,2025-12-01,2025-12-01,36.9,5,1,0,0,0
PRJ-0882,Telecommunications Project 882,Telecommunications,CIL,1943.44,2449.49,2028.98,2018-07-01,2021-05-31,2021-05-31,88.52,13,11,0,1,0
PRJ-0883,Telecommunications Project 883,Telecommunications,AAI,679.55,806.57,106.54,2015-10-01,2019-03-02,2022-04-01,15.0,6,0,0,1,1
PRJ-0884,Coal Project 884,Coal,ONGC,4430.61,4430.61,1972.36,2018-12-01,2024-07-31,2025-11-30,41.41,7,2,1,0,1
PRJ-0885,Water Resources Project 885,Water Resources,CIL,3573.39,3758.17,1168.48,2022-12-01,2026-07-01,2026-07-01,21.66,8,1,0,1,0
PRJ-0886,Power Project 886,Power,NHPC,3455.0,4258.93,2885.0,2022-07-01,2026-03-31,2027-10-31,45.97,6,2,1,1,1
PRJ-0887,Road Transport & Highways Project 887,Road Transport & Highways,NHPC,4852.28,4852.28,2311.67,2016-01-01,2018-01-31,2018-01-31,48.95,9,4,0,0,0
PRJ-0888,Petroleum Project 888,Petroleum,NTPC,3811.71,3811.71,727.2,2020-08-01,2025-03-02,2025-03-02,14.0,13,1,0,0,0
PRJ-0889,Coal Project 889,Coal,PWD,1379.65,1379.65,1108.66,2020-09-01,2026-03-03,2026-03-03,79.5,14,11,0,0,0
PRJ-0890,Telecommunications Project 890,Telecommunications,RVNL,1459.2,1459.2,825.07,2021-04-01,2026-10-01,2026-10-01,62.58,10,6,0,0,0
PRJ-0891,Telecommunications Project 891,Telecommunications,NHAI,1335.18,1335.18,1300.17,2016-04-01,2020-04-01,2020-04-01,92.6,9,8,0,0,0
PRJ-0892,Civil Aviation Project 892,Civil Aviation,PWD,4938.56,4938.56,1472.8,2020-06-01,2024-07-01,2024-07-01,20.75,9,1,0,0,0
PRJ-0893,Coal Project 893,Coal,ONGC,349.33,349.33,154.04,2021-08-01,2026-08-01,2026-08-01,35.89,10,3,0,0,0
PRJ-0894,Coal Project 894,Coal,RVNL,4851.93,4851.93,3645.37,2017-09-01,2021-03-02,2021-03-02,66.7,15,10,0,0,0
PRJ-0895,Power Project 895,Power,CIL,2511.1,3043.7,1328.73,2016-01-01,2020-08-01,2023-01-31,45.85,10,4,1,1,1
PRJ-0896,Road Transport & Highways Project 896,Road Transport & Highways,CIL,817.94,817.94,712.64,2023-03-01,2025-07-30,2025-07-30,75.67,7,5,0,1,0
PRJ-0897,Petroleum Project 897,Petroleum,AAI,2988.34,3497.47,1744.74,2021-07-01,2025-07-31,2025-07-31,47.59,6,2,0,1,0
PRJ-0898,Coal Project 898,Coal,CIL,3045.64,3927.96,3927.96,2017-11-01,2020-10-31,2023-04-02,83.83,13,10,4,1,1
PRJ-0899,Coal Project 899,Coal,CIL,565.15,565.15,411.19,2021-07-01,2023-12-31,2026-07-31,61.55,10,6,5,1,1
PRJ-0900,Water Resources Project 900,Water Resources,PWD,1867.84,1867.84,1867.84,2023-01-01,2027-03-03,2028-01-31,91.53,14,12,5,0,1
PRJ-0901,Petroleum Project 901,Petroleum,NHPC,767.28,767.28,431.2,2021-03-01,2025-03-31,2025-03-31,55.9,12,6,0,0,0
PRJ-0902,Civil Aviation Project 902,Civil Aviation,PWD,4220.11,5058.21,4149.44,2016-05-01,2021-05-01,2021-05-01,93.76,10,9,0,1,0
PRJ-0903,Road Transport & Highways Project 903,Road Transport & Highways,RVNL,3741.29,3741.29,2240.55,2018-09-01,2021-06-01,2021-06-01,71.54,12,8,0,0,0
PRJ-0904,Power Project 904,Power,ONGC,4491.0,4491.0,1053.98,2015-08-01,2020-10-30,2020-10-30,18.93,6,1,0,0,0
PRJ-0905,Railways Project 905,Railways,NHAI,892.16,892.16,449.51,2016-08-01,2018-09-01,2018-09-01,51.78,12,6,0,0,0
PRJ-0906,Urban Development Project 906,Urban Development,NHAI,4641.32,6108.19,1270.11,2023-05-01,2028-07-30,2028-07-30,21.56,15,3,0,1,0
PRJ-0907,Railways Project 907,Railways,AAI,859.29,969.22,675.93,2023-12-01,2029-07-31,2029-07-31,72.01,12,8,0,1,0
PRJ-0908,Telecommunications Project 908,Telecommunications,CIL,1553.83,2134.68,806.47,2021-12-01,2024-06-01,2024-06-01,38.06,11,4,0,1,0
PRJ-0909,Power Project 909,Power,NHAI,1524.6,1927.38,909.07,2022-01-01,2025-11-01,2025-11-01,57.25,12,6,0,1,0
PRJ-0910,Telecommunications Project 910,Telecommunications,CIL,194.23,257.42,201.21,2023-07-01,2028-02-29,2031-10-31,82.49,7,5,3,1,1
PRJ-0911,Water Resources Project 911,Water Resources,PWD,3618.63,3618.63,1450.4,2019-07-01,2021-10-30,2021-10-30,30.05,15,4,0,1,0
PRJ-0912,Telecommunications Project 912,Telecommunications,AAI,4818.39,4818.39,1325.68,2023-11-01,2028-08-01,2032-07-01,21.23,10,2,2,0,1
PRJ-0913,Urban Development Project 913,Urban Development,RVNL,367.91,367.91,61.7,2016-08-01,2022-03-02,2022-03-02,19.33,8,1,0,0,0
PRJ-0914,Petroleum Project 914,Petroleum,RVNL,4514.0,6955.44,5556.47,2016-01-01,2021-04-01,2021-08-31,73.02,6,4,4,1,1
PRJ-0915,Water Resources Project 915,Water Resources,NHAI,4629.22,6639.69,3863.05,2023-04-01,2026-03-31,2028-10-30,38.99,15,5,3,1,1
PRJ-0916,Petroleum Project 916,Petroleum,ONGC,3749.45,3749.45,2666.88,2016-10-01,2018-11-01,2018-11-01,52.57,15,7,0,1,0
PRJ-0917,Railways Project 917,Railways,ONGC,311.21,327.67,293.15,2016-06-01,2019-05-02,2019-05-02,74.69,15,11,0,1,0
PRJ-0918,Civil Aviation Project 918,Civil Aviation,PWD,1072.16,1613.78,848.22,2023-03-01,2025-06-30,2029-01-29,50.08,11,5,1,1,1
PRJ-0919,Railways Project 919,Railways,NTPC,3944.58,4397.65,1382.7,2020-01-01,2023-03-02,2023-03-02,25.75,9,2,0,1,0
PRJ-0920,Coal Project 920,Coal,AAI,3560.88,5445.69,4276.31,2018-09-01,2023-12-01,2023-12-01,92.13,11,10,0,1,0
PRJ-0921,Road Transport & Highways Project 921,Road Transport & Highways,RVNL,2976.45,2976.45,2976.45,2015-06-01,2019-08-01,2021-07-31,93.64,5,4,2,0,1
PRJ-0922,Petroleum Project 922,Petroleum,NHPC,4632.25,4632.25,3756.43,2016-10-01,2021-12-31,2021-12-31,84.04,5,4,0,0,0
PRJ-0923,Water Resources Project 923,Water Resources,RVNL,4757.05,4757.05,2449.3,2023-08-01,2026-04-01,2026-08-31,60.12,6,3,1,0,1
PRJ-0924,Telecommunications Project 924,Telecommunications,ONGC,3304.13,3304.13,1489.13,2018-01-01,2020-04-01,2021-07-02,32.31,13,4,4,1,1
PRJ-0925,Road Transport & Highways Project 925,Road Transport & Highways,PWD,402.88,402.88,299.76,2021-09-01,2024-05-02,2025-03-02,67.59,14,9,6,0,1
PRJ-0926,Water Resources Project 926,Water Resources,ONGC,1814.16,1814.16,414.62,2015-04-01,2019-06-01,2019-06-01,26.44,13,3,0,0,0
PRJ-0927,Road Transport & Highways Project 927,Road Transport & Highways,NHAI,4385.29,4741.75,530.16,2019-01-01,2022-09-01,2026-05-02,10.1,8,0,0,1,1
PRJ-0928,Coal Project 928,Coal,NTPC,3089.7,3089.7,422.32,2019-09-01,2022-10-01,2022-10-01,16.01,10,1,0,0,0
PRJ-0929,Petroleum Project 929,Petroleum,PWD,3608.7,3608.7,2727.71,2018-09-01,2022-01-31,2025-03-02,75.22,13,9,2,0,1
PRJ-0930,Road Transport & Highways Project 930,Road Transport & Highways,NHPC,4517.06,4517.06,2742.62,2018-03-01,2022-11-30,2026-01-29,60.97,8,4,1,0,1
PRJ-0931,Water Resources Project 931,Water Resources,NTPC,323.96,418.61,418.61,2015-08-01,2017-09-30,2021-01-30,73.78,11,8,5,1,1
PRJ-0932,Railways Project 932,Railways,NHAI,1503.6,1503.6,1046.62,2021-08-01,2023-10-01,2025-12-31,49.58,7,3,3,1,1
PRJ-0933,Urban Development Project 933,Urban Development,NHAI,3352.95,4927.66,4927.66,2020-05-01,2026-05-01,2026-05-01,89.35,5,4,0,1,0
PRJ-0934,Water Resources Project 934,Water Resources,AAI,4348.85,4348.85,4348.85,2016-09-01,2020-09-01,2020-09-01,88.57,15,13,0,1,0
PRJ-0935,Coal Project 935,Coal,PWD,2205.6,2205.6,1607.43,2021-08-01,2027-07-02,2027-07-02,74.21,8,5,0,0,0
PRJ-0936,Power Project 936,Power,NHAI,1511.4,1511.4,672.95,2023-05-01,2027-01-29,2027-01-29,29.7,5,1,0,1,0
PRJ-0937,Coal Project 937,Coal,NHPC,1453.42,2048.11,1232.86,2019-10-01,2025-04-01,2026-10-31,74.44,7,5,4,1,1
PRJ-0938,Telecommunications Project 938,Telecommunications,NHAI,2283.56,2283.56,2283.56,2023-04-01,2027-06-01,2028-01-30,91.93,9,8,6,0,1
PRJ-0939,Railways Project 939,Railways,PWD,1022.05,1022.05,429.66,2017-04-01,2022-08-01,2026-01-30,29.85,15,4,1,1,1
PRJ-0940,Petroleum Project 940,Petroleum,RVNL,3324.81,4417.66,2015.24,2023-12-01,2027-01-30,2031-01-30,44.63,9,4,3,1,1
PRJ-0941,Road Transport & Highways Project 941,Road Transport & Highways,NHPC,2771.14,3267.4,559.21,2016-09-01,2019-01-01,2020-12-01,14.82,14,2,2,1,1
PRJ-0942,Urban Development Project 942,Urban Development,RVNL,3263.15,3263.15,600.13,2020-06-01,2024-08-01,2024-08-01,17.88,10,1,0,0,0
PRJ-0943,Telecommunications Project 943,Telecommunications,CIL,3166.29,3402.29,3402.29,2015-02-01,2020-04-02,2022-03-03,88.73,13,11,9,1,1
PRJ-0944,Water Resources Project 944,Water Resources,ONGC,1987.37,1987.37,1153.67,2016-02-01,2019-04-02,2019-04-02,64.14,14,8,0,0,0
PRJ-0945,Civil Aviation Project 945,Civil Aviation,AAI,2763.99,4237.65,3988.76,2023-09-01,2027-12-31,2029-04-01,76.84,14,10,5,1,1
PRJ-0946,Petroleum Project 946,Petroleum,NHPC,1328.91,1328.91,558.87,2016-12-01,2020-03-02,2022-08-01,37.58,10,3,1,0,1
PRJ-0947,Water Resources Project 947,Water Resources,RVNL,4585.98,4585.98,3038.95,2021-04-01,2026-04-01,2026-04-01,59.47,7,4,0,0,0
PRJ-0948,Civil Aviation Project 948,Civil Aviation,ONGC,3915.77,3915.77,2023.54,2019-05-01,2023-01-29,2023-09-30,57.63,11,6,4,0,1
PRJ-0949,Civil Aviation Project 949,Civil Aviation,NTPC,2943.66,2943.66,2943.66,2022-01-01,2024-10-31,2026-06-02,74.54,13,9,8,1,1
PRJ-0950,Railways Project 950,Railways,NTPC,4366.88,4366.88,286.27,2016-03-01,2020-10-30,2020-10-30,7.15,11,0,0,0,0
PRJ-0951,Urban Development Project 951,Urban Development,NHPC,768.15,768.15,206.43,2020-06-01,2025-07-01,2025-07-01,26.73,6,1,0,0,0
PRJ-0952,Road Transport & Highways Project 952,Road Transport & Highways,RVNL,3732.93,3732.93,1840.86,2022-12-01,2027-03-02,2029-11-30,45.4,7,3,3,0,1
PRJ-0953,Power Project 953,Power,RVNL,888.44,1222.65,896.96,2020-08-01,2023-07-02,2023-07-02,65.65,14,9,0,1,0
PRJ-0954,Coal Project 954,Coal,RVNL,1276.48,1276.48,138.73,2023-10-01,2028-05-31,2028-05-31,9.35,11,1,0,0,0
PRJ-0955,Coal Project 955,Coal,NHPC,2012.73,2012.73,1516.03,2018-07-01,2023-04-01,2026-09-30,90.82,10,9,2,0,1
PRJ-0956,Water Resources Project 956,Water Resources,CIL,953.12,1255.88,289.89,2019-10-01,2025-09-30,2027-03-02,25.13,15,3,2,1,1
PRJ-0957,Power Project 957,Power,RVNL,1153.19,1153.19,689.01,2015-09-01,2020-07-01,2020-07-01,72.94,5,3,0,0,0
PRJ-0958,Telecommunications Project 958,Telecommunications,NHAI,1942.27,3051.95,1471.73,2017-08-01,2021-01-30,2021-01-30,43.39,6,2,0,1,0
PRJ-0959,Telecommunications Project 959,Telecommunications,AAI,2542.29,2860.71,1090.48,2020-02-01,2026-01-01,2026-01-01,30.06,6,1,0,1,0
PRJ-0960,Water Resources Project 960,Water Resources,NTPC,2609.24,3644.7,2505.93,2020-01-01,2024-04-01,2028-04-01,51.16,13,6,3,1,1
PRJ-0961,Petroleum Project 961,Petroleum,NHAI,4753.54,4753.54,1561.03,2018-11-01,2021-10-31,2022-11-01,27.13,12,3,1,0,1
PRJ-0962,Telecommunications Project 962,Telecommunications,CIL,789.19,789.19,118.97,2018-01-01,2022-04-02,2025-06-02,12.98,14,1,1,0,1
PRJ-0963,Power Project 963,Power,NHAI,2178.07,2742.54,1967.23,2022-09-01,2028-03-02,2028-03-02,57.55,9,5,0,1,0
PRJ-0964,Petroleum Project 964,Petroleum,CIL,3389.68,3389.68,2548.39,2023-08-01,2027-01-30,2027-11-30,61.7,9,5,4,1,1
PRJ-0965,Telecommunications Project 965,Telecommunications,NHPC,1349.87,1349.87,413.76,2016-06-01,2022-01-30,2022-12-31,20.86,12,2,2,0,1
PRJ-0966,Urban Development Project 966,Urban Development,ONGC,290.47,339.36,300.78,2023-06-01,2026-09-30,2026-09-30,81.59,11,8,0,1,0
PRJ-0967,Urban Development Project 967,Urban Development,PWD,2212.22,2389.3,1109.21,2015-05-01,2019-08-30,2022-11-30,48.7,7,3,3,1,1
PRJ-0968,Petroleum Project 968,Petroleum,RVNL,4747.21,4747.21,2013.66,2015-12-01,2017-12-31,2017-12-31,34.67,6,2,0,0,0
PRJ-0969,Water Resources Project 969,Water Resources,NHPC,3869.18,3869.18,2877.34,2020-09-01,2023-09-01,2023-09-01,63.94,13,8,0,1,0
PRJ-0970,Urban Development Project 970,Urban Development,ONGC,1557.41,1955.54,979.84,2018-01-01,2020-03-02,2020-03-02,42.21,13,5,0,1,0
PRJ-0971,Railways Project 971,Railways,AAI,3988.02,4808.35,428.82,2018-01-01,2021-06-02,2021-06-02,7.18,11,0,0,1,0
PRJ-0972,Urban Development Project 972,Urban Development,NTPC,4118.74,4118.74,2903.21,2023-12-01,2029-08-31,2029-08-31,82.58,11,9,0,0,0
PRJ-0973,Road Transport & Highways Project 973,Road Transport & Highways,NHAI,3751.86,3751.86,2852.72,2021-04-01,2026-06-01,2026-06-01,87.71,10,8,0,0,0
PRJ-0974,Urban Development Project 974,Urban Development,NHAI,1615.45,1615.45,333.66,2022-07-01,2025-12-30,2027-05-31,13.97,11,1,1,0,1
PRJ-0975,Telecommunications Project 975,Telecommunications,CIL,4552.18,4552.18,998.82,2022-12-01,2026-12-31,2026-12-31,27.02,13,3,0,0,0
PRJ-0976,Railways Project 976,Railways,PWD,1236.7,1236.7,485.17,2020-08-01,2025-08-01,2027-06-02,40.76,10,4,2,0,1
PRJ-0977,Railways Project 977,Railways,RVNL,2870.29,4501.05,2257.63,2021-10-01,2026-04-01,2026-04-01,58.41,14,8,0,1,0
PRJ-0978,Petroleum Project 978,Petroleum,NHAI,3871.93,4728.79,1516.11,2020-12-01,2025-12-01,2025-12-01,35.41,5,1,0,1,0
PRJ-0979,Coal Project 979,Coal,ONGC,3811.93,3811.93,2101.67,2018-06-01,2022-10-31,2022-10-31,54.1,13,7,0,0,0
PRJ-0980,Civil Aviation Project 980,Civil Aviation,RVNL,4617.97,4617.97,491.88,2015-03-01,2019-11-30,2019-11-30,11.98,7,0,0,0,0
PRJ-0981,Petroleum Project 981,Petroleum,PWD,4368.28,6714.16,4121.37,2023-08-01,2026-04-01,2026-04-01,49.57,13,6,0,1,0
PRJ-0982,Urban Development Project 982,Urban Development,AAI,194.9,311.38,307.75,2019-09-01,2023-05-02,2023-05-02,69.79,10,6,0,1,0
PRJ-0983,Power Project 983,Power,NTPC,1557.45,1557.45,1557.45,2020-09-01,2025-11-01,2028-07-02,77.25,8,6,3,1,1
PRJ-0984,Power Project 984,Power,NTPC,2693.24,2693.24,172.84,2017-08-01,2019-12-01,2019-12-01,5.88,5,0,0,0,0
PRJ-0985,Coal Project 985,Coal,ONGC,1116.45,1453.87,243.24,2017-02-01,2020-12-02,2020-12-02,13.52,8,1,0,1,0
PRJ-0986,Water Resources Project 986,Water Resources,NHAI,4650.22,6981.91,6981.91,2019-06-01,2024-08-30,2024-08-30,83.13,9,7,0,1,0
PRJ-0987,Civil Aviation Project 987,Civil Aviation,ONGC,525.76,763.33,226.85,2016-03-01,2020-11-30,2020-11-30,30.2,11,3,0,1,0
PRJ-0988,Water Resources Project 988,Water Resources,CIL,4838.3,4838.3,4199.9,2018-03-01,2020-02-29,2020-02-29,60.43,8,4,0,1,0
PRJ-0989,Railways Project 989,Railways,NTPC,845.17,845.17,36.25,2015-03-01,2019-10-30,2019-10-30,5.02,11,0,0,0,0
PRJ-0990,Telecommunications Project 990,Telecommunications,NHPC,1617.41,1617.41,463.83,2021-12-01,2026-06-01,2029-06-01,26.67,10,2,1,0,1
PRJ-0991,Petroleum Project 991,Petroleum,NTPC,4735.63,4735.63,4536.44,2023-08-01,2028-03-01,2028-03-01,69.02,9,6,0,1,0
PRJ-0992,Railways Project 992,Railways,AAI,3312.65,5056.35,5056.35,2020-12-01,2025-03-02,2028-05-02,81.98,8,6,4,1,1
PRJ-0993,Water Resources Project 993,Water Resources,NTPC,4675.98,4675.98,1113.93,2018-01-01,2023-01-31,2023-11-01,22.63,10,2,2,0,1
PRJ-0994,Civil Aviation Project 994,Civil Aviation,NHAI,3092.86,3715.22,1484.24,2019-05-01,2024-08-30,2027-11-30,48.09,5,2,2,1,1
PRJ-0995,Telecommunications Project 995,Telecommunications,PWD,992.79,992.79,742.52,2016-01-01,2019-12-01,2023-12-01,63.28,7,4,2,1,1
PRJ-0996,Power Project 996,Power,RVNL,2184.93,2184.93,273.38,2015-06-01,2017-11-30,2017-11-30,10.04,9,0,0,0,0
PRJ-0997,Petroleum Project 997,Petroleum,NHAI,1763.43,1763.43,1763.43,2017-10-01,2023-08-01,2023-08-01,85.97,13,11,0,1,0
PRJ-0998,Road Transport & Highways Project 998,Road Transport & Highways,AAI,2169.44,2169.44,213.61,2023-03-01,2028-12-29,2030-02-28,10.53,12,1,1,0,1
PRJ-0999,Coal Project 999,Coal,ONGC,3490.28,3490.28,3015.54,2015-05-01,2018-09-30,2018-09-30,62.18,6,3,0,1,0
PRJ-1000,Water Resources Project 1000,Water Resources,PWD,2905.64,2905.64,1827.79,2016-02-01,2019-01-01,2019-01-01,55.96,7,3,0,0,0
PRJ-1001,Water Resources Project 1001,Water Resources,NHAI,3868.6,3868.6,1010.02,2016-12-01,2020-03-02,2024-01-01,24.58,15,3,1,0,1
PRJ-1002,Power Project 1002,Power,CIL,408.68,408.68,77.17,2020-07-01,2023-08-31,2023-08-31,21.02,9,1,0,0,0
PRJ-1003,Petroleum Project 1003,Petroleum,NTPC,4899.5,6329.07,884.01,2020-06-01,2025-10-31,2025-10-31,13.32,15,1,0,1,0
PRJ-1004,Power Project 1004,Power,NHAI,4755.88,4755.88,1083.19,2021-06-01,2026-10-31,2026-10-31,19.01,9,1,0,0,0
PRJ-1005,Petroleum Project 1005,Petroleum,NHPC,3543.32,3543.32,3543.32,2016-09-01,2019-10-02,2022-06-02,79.69,9,7,1,1,1
PRJ-1006,Railways Project 1006,Railways,NTPC,2454.77,2454.77,999.12,2015-06-01,2021-01-29,2023-03-01,34.07,5,1,1,0,1
PRJ-1007,Urban Development Project 1007,Urban Development,PWD,1773.36,1773.36,357.82,2019-03-01,2023-07-31,2023-07-31,14.02,5,0,0,0,0
PRJ-1008,Telecommunications Project 1008,Telecommunications,PWD,3028.84,3028.84,2426.07,2018-05-01,2024-02-29,2026-03-01,70.79,12,8,7,0,1
PRJ-1009,Coal Project 1009,Coal,NHAI,4858.21,4858.21,4858.21,2023-02-01,2027-04-03,2028-12-01,73.69,14,10,7,1,1
PRJ-1010,Road Transport & Highways Project 1010,Road Transport & Highways,NTPC,2634.19,2634.19,2634.19,2023-04-01,2028-03-31,2028-03-31,84.79,7,5,0,1,0
PRJ-1011,Water Resources Project 1011,Water Resources,NHAI,4856.08,7144.28,6177.69,2017-08-01,2019-08-01,2019-08-01,77.13,8,6,0,1,0
PRJ-1012,Power Project 1012,Power,CIL,1641.5,2497.98,1445.89,2017-11-01,2022-10-01,2022-10-01,44.29,10,4,0,1,0
PRJ-1013,Road Transport & Highways Project 1013,Road Transport & Highways,PWD,922.75,1247.93,479.03,2022-11-01,2026-11-01,2026-11-01,40.46,8,3,0,1,0
PRJ-1014,Railways Project 1014,Railways,AAI,773.24,773.24,176.52,2019-11-01,2025-08-31,2025-08-31,17.02,14,2,0,0,0
PRJ-1015,Urban Development Project 1015,Urban Development,RVNL,1832.31,1832.31,1385.12,2017-04-01,2021-03-01,2024-01-31,92.32,5,4,4,0,1
PRJ-1016,Railways Project 1016,Railways,ONGC,819.69,955.9,438.34,2017-07-01,2020-03-31,2022-07-01,44.19,15,6,4,1,1
PRJ-1017,Road Transport & Highways Project 1017,Road Transport & Highways,CIL,4798.79,4798.79,1209.06,2016-08-01,2018-12-31,2019-10-01,19.72,15,2,2,0,1
PRJ-1018,Road Transport & Highways Project 1018,Road Transport & Highways,NTPC,1697.28,1697.28,750.87,2022-11-01,2028-05-02,2028-10-31,39.56,9,3,2,0,1
PRJ-1019,Coal Project 1019,Coal,RVNL,3077.63,3077.63,1486.36,2022-12-01,2026-08-31,2026-08-31,45.52,10,4,0,0,0
PRJ-1020,Railways Project 1020,Railways,NTPC,4906.56,4906.56,2466.46,2017-01-01,2020-10-01,2020-10-01,39.51,14,5,0,1,0
PRJ-1021,Coal Project 1021,Coal,ONGC,2647.25,2647.25,2441.27,2022-05-01,2024-06-30,2027-05-01,83.5,12,10,6,0,1
PRJ-1022,Road Transport & Highways Project 1022,Road Transport & Highways,NHPC,1373.79,1666.24,1547.86,2017-05-01,2021-03-01,2023-09-30,78.73,10,7,3,1,1
PRJ-1023,Road Transport & Highways Project 1023,Road Transport & Highways,RVNL,1882.64,2741.64,644.69,2016-03-01,2021-12-30,2024-10-30,27.38,11,3,2,1,1
PRJ-1024,Water Resources Project 1024,Water Resources,PWD,3491.61,5251.61,5251.61,2023-10-01,2028-03-01,2030-01-30,80.14,10,8,1,1,1
PRJ-1025,Power Project 1025,Power,RVNL,2002.28,2002.28,350.82,2019-07-01,2023-07-31,2025-02-28,12.09,15,1,1,0,1
PRJ-1026,Urban Development Project 1026,Urban Development,RVNL,3999.18,3999.18,3999.18,2023-04-01,2028-11-29,2028-11-29,94.54,10,9,0,0,0
PRJ-1027,Telecommunications Project 1027,Telecommunications,ONGC,3839.49,3839.49,3729.01,2019-09-01,2025-03-02,2027-07-02,72.22,7,5,3,1,1
PRJ-1028,Coal Project 1028,Coal,NHAI,2124.84,2715.29,446.99,2020-02-01,2023-04-02,2027-04-02,16.68,10,1,1,1,1
PRJ-1029,Railways Project 1029,Railways,CIL,3681.6,3681.6,1872.17,2020-09-01,2024-09-01,2024-09-01,46.46,13,6,0,0,0
PRJ-1030,Road Transport & Highways Project 1030,Road Transport & Highways,NHPC,1801.89,2332.39,1433.87,2018-09-01,2024-05-01,2026-08-01,46.58,9,4,4,1,1
PRJ-1031,Road Transport & Highways Project 1031,Road Transport & Highways,RVNL,3212.21,3212.21,1095.55,2023-06-01,2026-12-30,2028-11-30,36.08,12,4,4,0,1
PRJ-1032,Road Transport & Highways Project 1032,Road Transport & Highways,NTPC,3180.58,3954.72,2595.56,2015-05-01,2020-03-30,2020-03-30,43.84,8,3,0,1,0
PRJ-1033,Urban Development Project 1033,Urban Development,NTPC,1985.38,1985.38,344.48,2018-02-01,2023-02-01,2024-03-03,16.11,11,1,1,0,1
PRJ-1034,Water Resources Project 1034,Water Resources,ONGC,2178.17,2178.17,774.99,2016-11-01,2022-06-02,2022-06-02,33.75,15,5,0,0,0
PRJ-1035,Water Resources Project 1035,Water Resources,AAI,1241.73,1241.73,908.19,2022-03-01,2025-01-29,2025-04-30,73.11,13,9,6,0,1
PRJ-1036,Telecommunications Project 1036,Telecommunications,NTPC,3464.26,4742.87,2209.49,2018-11-01,2020-12-01,2020-12-01,42.63,7,2,0,1,0
PRJ-1037,Civil Aviation Project 1037,Civil Aviation,RVNL,3057.91,3057.91,2830.67,2018-03-01,2023-03-01,2023-03-01,90.09,15,13,0,0,0
PRJ-1038,Railways Project 1038,Railways,NHPC,260.19,260.19,212.34,2023-04-01,2026-01-29,2026-01-29,76.09,8,6,0,0,0
PRJ-1039,Power Project 1039,Power,PWD,4695.13,4695.13,1606.82,2015-04-01,2020-03-31,2020-03-31,34.05,8,2,0,0,0
PRJ-1040,Telecommunications Project 1040,Telecommunications,ONGC,4014.25,4014.25,1762.58,2020-03-01,2023-06-01,2023-06-01,50.02,6,3,0,0,0
PRJ-1041,Road Transport & Highways Project 1041,Road Transport & Highways,NHAI,3457.81,3457.81,2021.68,2021-02-01,2025-04-03,2025-04-03,51.78,13,6,0,0,0
PRJ-1042,Railways Project 1042,Railways,NHAI,2276.83,2276.83,323.34,2015-06-01,2019-07-01,2019-07-01,10.38,13,1,0,0,0
PRJ-1043,Telecommunications Project 1043,Telecommunications,AAI,3969.0,6016.56,5311.52,2016-12-01,2019-10-01,2023-07-02,73.21,10,7,2,1,1
PRJ-1044,Petroleum Project 1044,Petroleum,PWD,1168.91,1640.12,273.6,2022-04-01,2028-03-31,2029-12-30,11.67,12,1,1,1,1
PRJ-1045,Telecommunications Project 1045,Telecommunications,CIL,2905.92,2905.92,1930.52,2019-01-01,2022-03-02,2022-03-02,73.52,14,10,0,0,0
PRJ-1046,Water Resources Project 1046,Water Resources,CIL,1637.31,1637.31,930.6,2022-11-01,2026-05-02,2030-04-02,56.09,7,3,1,0,1
PRJ-1047,Coal Project 1047,Coal,AAI,1397.93,2122.07,1102.68,2015-05-01,2019-03-31,2019-03-31,57.49,13,7,0,1,0
PRJ-1048,Urban Development Project 1048,Urban Development,PWD,3149.53,3903.27,1037.55,2020-09-01,2024-08-01,2027-06-02,19.03,15,2,1,1,1
PRJ-1049,Civil Aviation Project 1049,Civil Aviation,PWD,1000.63,1000.63,91.93,2020-04-01,2023-10-31,2024-10-31,6.28,9,0,0,0,1
PRJ-1050,Railways Project 1050,Railways,ONGC,1879.03,1879.03,1879.03,2023-04-01,2029-03-01,2032-11-30,87.14,5,4,4,1,1
PRJ-1051,Railways Project 1051,Railways,NHPC,2610.97,4122.49,3937.5,2016-01-01,2020-05-01,2020-05-01,81.19,8,6,0,1,0
PRJ-1052,Petroleum Project 1052,Petroleum,CIL,4016.76,6286.16,4958.49,2022-03-01,2024-04-30,2024-04-30,82.18,9,7,0,1,0
PRJ-1053,Civil Aviation Project 1053,Civil Aviation,CIL,593.09,893.72,137.34,2023-05-01,2025-07-30,2027-01-29,10.73,14,1,1,1,1
PRJ-1054,Telecommunications Project 1054,Telecommunications,RVNL,2754.13,2754.13,1154.36,2018-08-01,2021-03-01,2023-12-01,33.7,8,2,1,0,1
PRJ-1055,Civil Aviation Project 1055,Civil Aviation,ONGC,3051.72,3220.42,2016.46,2022-11-01,2025-10-31,2025-10-31,43.68,15,6,0,1,0
PRJ-1056,Telecommunications Project 1056,Telecommunications,NHAI,1370.98,1370.98,500.02,2020-09-01,2025-03-02,2025-03-02,29.37,15,4,0,0,0
PRJ-1057,Coal Project 1057,Coal,CIL,4356.22,5233.6,2952.13,2022-02-01,2028-02-01,2028-02-01,55.51,12,6,0,1,0
PRJ-1058,Road Transport & Highways Project 1058,Road Transport & Highways,NHPC,4482.83,4482.83,2057.9,2021-11-01,2025-06-01,2028-01-01,49.62,10,4,2,0,1
PRJ-1059,Petroleum Project 1059,Petroleum,RVNL,3849.84,5104.81,2020.96,2016-11-01,2020-06-01,2020-06-01,33.8,8,2,0,1,0
PRJ-1060,Power Project 1060,Power,NHPC,908.48,908.48,908.48,2017-06-01,2022-03-02,2022-03-02,75.72,15,11,0,1,0
PRJ-1061,Urban Development Project 1061,Urban Development,CIL,1259.31,1969.41,1671.44,2019-06-01,2025-03-31,2027-03-01,80.1,12,9,5,1,1
PRJ-1062,Urban Development Project 1062,Urban Development,AAI,3849.07,6031.47,653.8,2017-08-01,2020-12-31,2024-12-31,9.98,8,0,0,1,1
PRJ-1063,Petroleum Project 1063,Petroleum,CIL,1579.76,1579.76,726.43,2020-09-01,2025-08-01,2025-08-01,33.97,8,2,0,1,0
PRJ-1064,Civil Aviation Project 1064,Civil Aviation,PWD,4303.56,5094.23,1983.99,2022-01-01,2027-07-03,2031-07-03,34.29,12,4,2,1,1
PRJ-1065,Coal Project 1065,Coal,AAI,437.69,542.07,320.41,2019-02-01,2023-08-02,2024-03-02,53.41,10,5,4,1,1
PRJ-1066,Power Project 1066,Power,NTPC,3010.57,3010.57,1851.62,2020-10-01,2025-08-01,2025-08-01,55.57,9,5,0,0,0
PRJ-1067,Civil Aviation Project 1067,Civil Aviation,CIL,3494.42,5148.85,5148.85,2020-06-01,2024-09-30,2024-09-30,83.37,8,6,0,1,0
PRJ-1068,Power Project 1068,Power,NHPC,2421.38,2421.38,1079.08,2019-05-01,2024-06-30,2024-06-30,34.97,5,1,0,0,0
PRJ-1069,Power Project 1069,Power,RVNL,3264.87,3264.87,3264.87,2023-01-01,2027-09-01,2030-12-01,77.55,11,8,1,1,1
PRJ-1070,Civil Aviation Project 1070,Civil Aviation,NHPC,3982.17,3982.17,2810.44,2016-10-01,2019-03-02,2019-03-02,56.73,6,3,0,1,0
PRJ-1071,Civil Aviation Project 1071,Civil Aviation,NTPC,4023.17,4023.17,750.33,2018-02-01,2023-09-02,2025-05-03,12.9,12,1,1,0,1
PRJ-1072,Power Project 1072,Power,NHPC,504.18,504.18,209.78,2021-01-01,2025-01-31,2025-01-31,35.58,5,1,0,0,0
PRJ-1073,Urban Development Project 1073,Urban Development,NHAI,191.41,216.82,214.96,2020-09-01,2025-01-31,2025-01-31,82.0,8,6,0,1,0
PRJ-1074,Water Resources Project 1074,Water Resources,NTPC,1065.91,1300.05,214.79,2015-03-01,2019-12-30,2020-07-30,14.08,10,1,1,1,1
PRJ-1075,Petroleum Project 1075,Petroleum,ONGC,1128.25,1799.62,674.83,2020-01-01,2022-09-01,2022-09-01,25.97,12,3,0,1,0
PRJ-1076,Railways Project 1076,Railways,AAI,273.31,273.31,211.7,2015-08-01,2019-11-30,2021-03-31,81.88,11,9,2,0,1
PRJ-1077,Railways Project 1077,Railways,NTPC,2607.51,2607.51,1226.93,2018-02-01,2022-09-02,2022-09-02,51.48,10,5,0,0,0
PRJ-1078,Water Resources Project 1078,Water Resources,AAI,1076.26,1076.26,871.51,2019-09-01,2022-04-01,2022-04-01,76.98,5,3,0,0,0
PRJ-1079,Road Transport & Highways Project 1079,Road Transport & Highways,AAI,4046.55,4046.55,3485.57,2019-02-01,2023-05-03,2023-05-03,82.17,15,12,0,0,0
PRJ-1080,Coal Project 1080,Coal,ONGC,4998.58,7017.86,3177.49,2019-12-01,2025-05-01,2025-05-01,40.07,5,2,0,1,0
PRJ-1081,Power Project 1081,Power,ONGC,1010.19,1348.85,268.3,2015-01-01,2020-03-02,2020-03-02,17.62,15,2,0,1,0
PRJ-1082,Coal Project 1082,Coal,NHPC,3145.14,3145.14,1239.42,2023-03-01,2029-01-29,2029-01-29,42.73,15,6,0,0,0
PRJ-1083,Power Project 1083,Power,NHPC,4413.53,5028.36,2538.78,2020-05-01,2025-07-31,2025-11-30,49.78,10,4,1,1,1
PRJ-1084,Telecommunications Project 1084,Telecommunications,NHAI,3714.51,4733.07,3380.47,2023-03-01,2025-12-29,2028-01-29,53.55,8,4,1,1,1
PRJ-1085,Urban Development Project 1085,Urban Development,RVNL,695.19,695.19,695.19,2023-08-01,2026-04-01,2026-04-01,93.5,15,14,0,0,0
PRJ-1086,Road Transport & Highways Project 1086,Road Transport & Highways,CIL,2459.78,2459.78,709.68,2023-06-01,2028-08-30,2028-08-30,28.12,6,1,0,0,0
PRJ-1087,Telecommunications Project 1087,Telecommunications,PWD,3781.29,3781.29,817.37,2017-03-01,2020-04-30,2020-04-30,22.67,6,1,0,0,0
PRJ-1088,Urban Development Project 1088,Urban Development,CIL,4451.55,5228.0,1425.93,2020-12-01,2025-05-02,2025-05-02,21.62,13,2,0,1,0
PRJ-1089,Civil Aviation Project 1089,Civil Aviation,CIL,3835.48,4917.51,3824.37,2015-12-01,2019-12-01,2019-12-01,64.51,8,5,0,1,0
PRJ-1090,Power Project 1090,Power,NHAI,843.33,1254.14,251.76,2022-08-01,2026-06-01,2029-08-31,19.57,11,2,2,1,1
PRJ-1091,Petroleum Project 1091,Petroleum,PWD,3163.37,3163.37,491.27,2023-06-01,2027-03-01,2027-03-01,15.6,7,1,0,0,0
PRJ-1092,Coal Project 1092,Coal,NHPC,4063.89,4063.89,2795.0,2020-09-01,2024-01-01,2026-03-03,54.4,11,5,1,1,1
PRJ-1093,Civil Aviation Project 1093,Civil Aviation,NTPC,608.73,608.73,429.03,2019-03-01,2022-12-30,2025-06-30,79.71,13,10,2,0,1
PRJ-1094,Civil Aviation Project 1094,Civil Aviation,NTPC,2078.16,2078.16,1846.19,2018-01-01,2020-12-31,2020-12-31,94.87,10,9,0,0,0
PRJ-1095,Civil Aviation Project 1095,Civil Aviation,NTPC,2879.98,2879.98,311.87,2023-04-01,2028-11-29,2028-11-29,9.23,13,1,0,0,0
PRJ-1096,Power Project 1096,Power,NHPC,919.94,919.94,801.03,2018-12-01,2021-08-31,2021-08-31,62.14,14,8,0,1,0
PRJ-1097,Urban Development Project 1097,Urban Development,ONGC,1500.34,1500.34,1366.54,2023-07-01,2027-12-30,2027-12-30,90.4,7,6,0,0,0
PRJ-1098,Coal Project 1098,Coal,NHAI,513.12,513.12,316.19,2016-01-01,2021-12-31,2022-12-31,65.13,12,7,7,0,1
PRJ-1099,Power Project 1099,Power,ONGC,2047.51,2621.74,1486.95,2020-02-01,2023-04-02,2023-04-02,58.23,9,5,0,1,0
PRJ-1100,Power Project 1100,Power,AAI,748.84,748.84,610.73,2022-03-01,2027-09-30,2029-08-30,89.99,5,4,1,0,1
PRJ-1101,Civil Aviation Project 1101,Civil Aviation,CIL,2692.57,2692.57,1525.46,2022-05-01,2024-11-29,2024-11-29,58.86,14,8,0,0,0
PRJ-1102,Telecommunications Project 1102,Telecommunications,NTPC,491.45,491.45,443.97,2019-01-01,2023-01-01,2023-01-01,86.95,9,7,0,0,0
PRJ-1103,Railways Project 1103,Railways,PWD,2215.67,3191.38,3018.99,2019-04-01,2023-12-31,2027-06-01,82.9,14,11,6,1,1
PRJ-1104,Petroleum Project 1104,Petroleum,PWD,4208.04,4208.04,2253.12,2019-12-01,2025-09-30,2027-05-02,42.95,15,6,5,1,1
PRJ-1105,Water Resources Project 1105,Water Resources,AAI,3384.85,4218.08,337.57,2022-04-01,2027-05-01,2027-05-01,6.16,14,0,0,1,0
PRJ-1106,Urban Development Project 1106,Urban Development,CIL,654.23,654.23,536.51,2021-10-01,2026-07-02,2026-07-02,68.77,15,10,0,1,0
PRJ-1107,Urban Development Project 1107,Urban Development,NHAI,3068.06,3068.06,3068.06,2016-02-01,2022-01-31,2025-06-02,76.42,15,11,10,1,1
PRJ-1108,Urban Development Project 1108,Urban Development,AAI,3633.7,5108.61,2558.74,2023-01-01,2027-01-31,2027-01-31,44.62,15,6,0,1,0
PRJ-1109,Urban Development Project 1109,Urban Development,NHAI,1197.79,1673.06,581.71,2021-01-01,2026-11-01,2026-11-01,34.61,9,3,0,1,0
PRJ-1110,Water Resources Project 1110,Water Resources,NHPC,1859.04,1859.04,749.62,2020-08-01,2026-04-01,2026-04-01,29.9,9,2,0,1,0
PRJ-1111,Power Project 1111,Power,ONGC,2858.62,2858.62,2387.71,2020-03-01,2024-09-30,2024-09-30,63.35,10,6,0,1,0
PRJ-1112,Water Resources Project 1112,Water Resources,ONGC,1685.19,2616.75,372.81,2022-11-01,2025-10-01,2025-10-01,13.14,8,1,0,1,0
PRJ-1113,Coal Project 1113,Coal,PWD,1850.38,1850.38,1850.38,2017-06-01,2019-07-02,2022-10-31,85.62,9,7,5,1,1
PRJ-1114,Civil Aviation Project 1114,Civil Aviation,CIL,3820.34,3820.34,2006.94,2018-02-01,2020-07-02,2020-07-02,40.82,15,6,0,1,0
PRJ-1115,Urban Development Project 1115,Urban Development,CIL,856.96,1066.56,193.6,2019-10-01,2024-09-30,2024-09-30,16.97,10,1,0,1,0
PRJ-1116,Petroleum Project 1116,Petroleum,PWD,4156.75,4718.98,3643.65,2018-12-01,2022-01-30,2023-07-02,94.34,12,11,11,1,1
PRJ-1117,Petroleum Project 1117,Petroleum,NTPC,210.23,223.14,185.95,2021-09-01,2026-08-01,2026-08-01,60.1,8,4,0,1,0
PRJ-1118,Urban Development Project 1118,Urban Development,NTPC,4262.34,4262.34,3724.57,2021-12-01,2025-04-01,2025-04-01,61.45,10,6,0,1,0
PRJ-1119,Coal Project 1119,Coal,AAI,1945.61,1945.61,1779.71,2020-02-01,2025-10-01,2029-09-01,89.32,8,7,7,0,1
PRJ-1120,Civil Aviation Project 1120,Civil Aviation,NTPC,618.61,618.61,618.61,2023-06-01,2025-11-30,2025-11-30,93.7,14,13,0,0,0
PRJ-1121,Petroleum Project 1121,Petroleum,NHPC,3630.19,3630.19,2967.02,2022-05-01,2027-05-01,2027-05-01,54.87,12,6,0,1,0
PRJ-1122,Telecommunications Project 1122,Telecommunications,PWD,3016.66,4819.67,375.28,2015-06-01,2019-11-30,2019-11-30,6.99,7,0,0,1,0
PRJ-1123,Railways Project 1123,Railways,NHPC,467.25,467.25,384.76,2015-12-01,2021-01-30,2021-01-30,56.28,7,3,0,1,0
PRJ-1124,Urban Development Project 1124,Urban Development,ONGC,3359.73,4816.05,1503.27,2023-07-01,2026-03-31,2026-03-31,32.42,15,4,0,1,0
PRJ-1125,Water Resources Project 1125,Water Resources,NHAI,4858.81,7117.95,5528.88,2016-10-01,2019-01-31,2019-01-31,57.87,7,4,0,1,0
PRJ-1126,Petroleum Project 1126,Petroleum,ONGC,4901.94,4901.94,4901.94,2015-11-01,2020-06-01,2020-06-01,94.06,10,9,0,0,0
PRJ-1127,Railways Project 1127,Railways,RVNL,4738.81,4738.81,4589.47,2021-07-01,2027-03-01,2027-03-01,90.41,10,9,0,0,0
PRJ-1128,Power Project 1128,Power,RVNL,1659.3,2135.02,510.31,2019-07-01,2022-06-30,2026-03-01,27.68,15,4,1,1,1
PRJ-1129,Water Resources Project 1129,Water Resources,PWD,3796.3,3796.3,317.91,2023-01-01,2028-08-01,2029-09-01,6.84,5,0,0,0,1
PRJ-1130,Civil Aviation Project 1130,Civil Aviation,NHAI,172.61,172.61,18.53,2020-02-01,2023-01-01,2026-07-02,7.49,12,0,0,0,1
PRJ-1131,Power Project 1131,Power,ONGC,4882.51,6961.24,1398.62,2017-08-01,2023-05-02,2023-05-02,18.92,7,1,0,1,0
PRJ-1132,Civil Aviation Project 1132,Civil Aviation,NTPC,4099.65,4099.65,3637.31,2016-05-01,2019-10-31,2023-08-31,60.99,7,4,2,1,1
PRJ-1133,Railways Project 1133,Railways,PWD,1086.82,1507.7,596.34,2023-07-01,2027-10-30,2027-10-30,35.37,15,5,0,1,0
PRJ-1134,Civil Aviation Project 1134,Civil Aviation,RVNL,1790.97,1790.97,652.54,2018-07-01,2020-08-30,2023-05-31,26.55,15,3,3,0,1
PRJ-1135,Railways Project 1135,Railways,RVNL,3368.04,4513.29,3003.25,2021-09-01,2027-01-31,2028-12-31,56.76,7,3,2,1,1
PRJ-1136,Petroleum Project 1136,Petroleum,CIL,4729.6,4729.6,1791.33,2015-08-01,2018-01-30,2020-10-30,44.16,14,6,4,0,1
PRJ-1137,Coal Project 1137,Coal,PWD,4962.59,4962.59,4758.78,2023-01-01,2025-12-31,2025-12-31,74.38,9,6,0,1,0
PRJ-1138,Civil Aviation Project 1138,Civil Aviation,NTPC,3258.52,3258.52,1441.13,2019-07-01,2022-06-30,2025-07-31,53.09,5,2,2,0,1
PRJ-1139,Civil Aviation Project 1139,Civil Aviation,NTPC,2617.42,2617.42,224.32,2022-03-01,2025-04-30,2025-04-30,9.02,6,0,0,0,0
PRJ-1140,Petroleum Project 1140,Petroleum,PWD,1152.67,1152.67,106.63,2018-12-01,2021-07-01,2021-07-01,6.4,5,0,0,0,0
PRJ-1141,Petroleum Project 1141,Petroleum,NHPC,4924.35,4924.35,4144.98,2021-01-01,2023-10-02,2025-04-02,79.39,14,11,11,0,1
PRJ-1142,Coal Project 1142,Coal,AAI,3449.92,3449.92,3023.49,2019-07-01,2025-02-28,2027-07-31,86.19,11,9,5,0,1
PRJ-1143,Petroleum Project 1143,Petroleum,PWD,1379.11,1973.35,231.12,2017-11-01,2023-07-02,2027-01-31,8.76,6,0,0,1,1
PRJ-1144,Railways Project 1144,Railways,NTPC,4525.75,4525.75,1001.41,2019-11-01,2025-08-01,2025-08-01,21.5,11,2,0,0,0
PRJ-1145,Coal Project 1145,Coal,CIL,1530.82,1530.82,199.64,2018-02-01,2023-01-01,2023-01-01,14.76,8,1,0,0,0
PRJ-1146,Power Project 1146,Power,NHAI,2424.44,2850.55,2118.31,2016-04-01,2020-07-01,2020-07-01,79.98,12,9,0,1,0
PRJ-1147,Power Project 1147,Power,PWD,3045.46,4761.54,3285.36,2018-12-01,2022-08-01,2022-10-31,74.01,7,5,3,1,1
PRJ-1148,Coal Project 1148,Coal,NTPC,1848.07,2595.2,946.89,2019-09-01,2021-12-31,2025-08-01,40.22,8,3,2,1,1
PRJ-1149,Telecommunications Project 1149,Telecommunications,NHAI,4375.99,5186.32,3243.92,2017-09-01,2021-05-02,2025-03-02,52.57,6,3,2,1,1
PRJ-1150,Civil Aviation Project 1150,Civil Aviation,NHAI,3150.14,4923.8,1699.39,2016-11-01,2020-01-01,2020-04-02,38.33,14,5,1,1,1
PRJ-1151,Urban Development Project 1151,Urban Development,RVNL,4306.46,4306.46,415.84,2015-11-01,2020-05-01,2020-05-01,8.17,15,1,0,0,0
PRJ-1152,Urban Development Project 1152,Urban Development,CIL,3475.21,3475.21,2919.06,2022-10-01,2026-01-30,2029-08-31,86.92,12,10,8,0,1
PRJ-1153,Power Project 1153,Power,PWD,2751.81,2751.81,617.16,2017-07-01,2020-10-30,2020-10-30,18.0,10,1,0,0,0
PRJ-1154,Road Transport & Highways Project 1154,Road Transport & Highways,AAI,4056.43,5285.38,4297.4,2018-07-01,2021-03-01,2021-03-01,68.96,10,6,0,1,0
PRJ-1155,Petroleum Project 1155,Petroleum,AAI,2192.53,2192.53,1729.31,2021-08-01,2025-07-01,2029-04-01,71.01,11,7,2,0,1
PRJ-1156,Civil Aviation Project 1156,Civil Aviation,ONGC,1343.13,1343.13,1103.8,2020-08-01,2025-07-01,2025-07-01,56.15,11,6,0,1,0
PRJ-1157,Water Resources Project 1157,Water Resources,CIL,1185.54,1315.66,846.64,2021-01-01,2024-01-01,2027-03-03,63.7,7,4,4,1,1
PRJ-1158,Civil Aviation Project 1158,Civil Aviation,AAI,1024.53,1024.53,739.65,2017-05-01,2023-04-01,2023-04-01,67.46,7,4,0,0,0
PRJ-1159,Urban Development Project 1159,Urban Development,ONGC,880.81,1043.88,994.98,2022-06-01,2027-08-31,2027-08-31,71.46,14,10,0,1,0
PRJ-1160,Civil Aviation Project 1160,Civil Aviation,NHAI,3429.52,3429.52,351.64,2015-06-01,2017-10-30,2019-11-30,12.72,8,1,1,0,1
PRJ-1161,Petroleum Project 1161,Petroleum,CIL,4227.29,4227.29,4227.29,2022-08-01,2026-05-01,2026-05-01,86.83,9,7,0,1,0
PRJ-1162,Coal Project 1162,Coal,RVNL,4041.33,6200.65,1077.95,2021-03-01,2026-01-29,2026-01-29,19.69,12,2,0,1,0
PRJ-1163,Coal Project 1163,Coal,ONGC,4884.2,4884.2,987.98,2015-03-01,2019-03-01,2019-03-01,18.2,12,2,0,0,0
PRJ-1164,Power Project 1164,Power,NHAI,2992.95,2992.95,1247.96,2017-08-01,2019-09-01,2019-09-01,37.61,15,5,0,0,0
PRJ-1165,Water Resources Project 1165,Water Resources,NHPC,4940.9,4940.9,494.98,2019-11-01,2023-12-01,2023-12-01,11.2,6,0,0,0,0
PRJ-1166,Petroleum Project 1166,Petroleum,NHPC,1567.89,1567.89,1245.7,2022-01-01,2027-04-02,2027-04-02,75.79,11,8,0,0,0
PRJ-1167,Power Project 1167,Power,NHPC,4278.58,5151.99,3849.0,2022-06-01,2025-03-31,2026-09-30,51.84,9,4,3,1,1
PRJ-1168,Telecommunications Project 1168,Telecommunications,AAI,1786.96,2854.32,2308.22,2020-09-01,2022-11-01,2026-05-02,64.1,5,3,3,1,1
PRJ-1169,Road Transport & Highways Project 1169,Road Transport & Highways,CIL,1996.25,1996.25,645.73,2019-12-01,2023-12-01,2026-10-31,39.2,11,4,4,0,1
PRJ-1170,Water Resources Project 1170,Water Resources,NTPC,4723.1,4723.1,2951.41,2019-02-01,2023-06-02,2023-06-02,54.71,6,3,0,0,0
PRJ-1171,Water Resources Project 1171,Water Resources,RVNL,261.59,384.31,95.41,2016-03-01,2021-03-01,2021-03-01,26.87,6,1,0,1,0
PRJ-1172,Railways Project 1172,Railways,NHAI,3657.07,3657.07,1875.11,2016-03-01,2021-03-31,2021-03-31,35.7,12,4,0,1,0
PRJ-1173,Water Resources Project 1173,Water Resources,RVNL,3120.94,3515.09,3515.09,2017-02-01,2022-11-02,2022-11-02,87.62,5,4,0,1,0
PRJ-1174,Urban Development Project 1174,Urban Development,ONGC,1169.56,1169.56,576.47,2018-08-01,2021-07-31,2021-07-31,39.82,12,4,0,0,0
PRJ-1175,Power Project 1175,Power,PWD,1547.11,1547.11,1080.4,2017-09-01,2019-09-01,2020-12-01,82.85,9,7,2,0,1
PRJ-1176,Civil Aviation Project 1176,Civil Aviation,ONGC,3544.84,3544.84,390.06,2020-04-01,2023-01-30,2026-06-01,11.82,9,1,1,0,1
PRJ-1177,Civil Aviation Project 1177,Civil Aviation,CIL,1208.55,1498.14,321.6,2019-05-01,2025-04-30,2025-10-30,26.67,6,1,1,1,1
PRJ-1178,Water Resources Project 1178,Water Resources,NHAI,3156.25,3156.25,514.1,2022-01-01,2027-12-02,2027-12-02,12.2,10,1,0,0,0
PRJ-1179,Water Resources Project 1179,Water Resources,RVNL,2910.63,2910.63,1031.2,2022-06-01,2026-12-31,2029-10-31,33.72,10,3,3,0,1
PRJ-1180,Petroleum Project 1180,Petroleum,ONGC,2998.06,3729.86,1962.63,2021-08-01,2025-12-31,2025-12-31,46.85,7,3,0,1,0
PRJ-1181,Urban Development Project 1181,Urban Development,AAI,4755.73,4755.73,3853.54,2017-07-01,2021-05-31,2025-03-01,75.94,7,5,2,0,1
PRJ-1182,Power Project 1182,Power,ONGC,610.0,610.0,116.86,2015-08-01,2019-08-31,2022-10-31,18.49,9,1,1,0,1
PRJ-1183,Petroleum Project 1183,Petroleum,PWD,3093.1,3093.1,1906.98,2022-11-01,2025-01-30,2025-10-31,44.16,6,2,2,1,1
PRJ-1184,Telecommunications Project 1184,Telecommunications,CIL,836.17,836.17,393.66,2022-01-01,2025-08-01,2025-08-01,49.48,10,4,0,0,0
PRJ-1185,Coal Project 1185,Coal,AAI,3116.39,3116.39,1705.04,2020-12-01,2023-08-02,2026-05-02,52.67,6,3,1,0,1
PRJ-1186,Telecommunications Project 1186,Telecommunications,NHPC,2172.45,2670.83,979.72,2020-11-01,2025-05-02,2025-05-02,26.01,13,3,0,1,0
PRJ-1187,Water Resources Project 1187,Water Resources,NHPC,3536.9,3536.9,3536.9,2018-12-01,2023-12-31,2023-12-31,91.89,8,7,0,0,0
PRJ-1188,Telecommunications Project 1188,Telecommunications,PWD,4469.2,6857.54,2452.62,2020-02-01,2024-11-01,2024-11-01,39.57,14,5,0,1,0
PRJ-1189,Coal Project 1189,Coal,RVNL,2330.0,2330.0,1764.11,2017-06-01,2019-08-31,2019-08-31,76.22,8,6,0,0,0
PRJ-1190,Road Transport & Highways Project 1190,Road Transport & Highways,NHPC,1877.42,1877.42,1406.95,2020-08-01,2024-04-01,2024-04-01,55.57,13,7,0,1,0
PRJ-1191,Petroleum Project 1191,Petroleum,ONGC,4794.97,4794.97,996.92,2018-09-01,2023-05-02,2025-08-01,15.83,11,1,1,0,1
PRJ-1192,Coal Project 1192,Coal,CIL,1140.56,1215.67,838.09,2020-08-01,2023-05-02,2025-08-01,62.96,13,8,3,1,1
PRJ-1193,Telecommunications Project 1193,Telecommunications,NHPC,672.56,808.26,619.25,2017-10-01,2020-06-01,2020-09-30,68.57,6,4,1,1,1
PRJ-1194,Water Resources Project 1194,Water Resources,PWD,1938.79,2804.02,1895.65,2020-07-01,2023-06-01,2023-10-31,54.51,15,8,5,1,1
PRJ-1195,Water Resources Project 1195,Water Resources,NHAI,4433.81,6404.63,912.68,2016-03-01,2018-11-30,2019-12-31,16.87,8,1,1,1,1
PRJ-1196,Water Resources Project 1196,Water Resources,NHPC,1790.07,1790.07,1487.26,2023-01-01,2027-10-02,2030-01-31,72.58,7,5,5,1,1
PRJ-1197,Railways Project 1197,Railways,ONGC,2325.22,3607.08,993.55,2023-01-01,2025-04-01,2025-04-01,28.47,8,2,0,1,0
PRJ-1198,Telecommunications Project 1198,Telecommunications,NHAI,354.55,354.55,354.55,2017-09-01,2021-05-02,2024-12-01,90.5,15,13,7,0,1
PRJ-1199,Road Transport & Highways Project 1199,Road Transport & Highways,CIL,2537.3,2537.3,2036.78,2015-04-01,2020-04-30,2021-09-30,67.74,14,9,8,1,1
PRJ-1200,Road Transport & Highways Project 1200,Road Transport & Highways,NHPC,3553.85,3553.85,1936.42,2017-07-01,2020-07-31,2020-10-30,38.13,15,5,5,1,1
PRJ-1201,Coal Project 1201,Coal,CIL,2847.87,2847.87,519.68,2019-06-01,2022-05-31,2023-12-31,19.39,11,2,1,0,1
PRJ-1202,Coal Project 1202,Coal,PWD,289.76,289.76,213.55,2021-04-01,2024-03-01,2026-06-01,63.63,6,3,3,1,1
PRJ-1203,Petroleum Project 1203,Petroleum,ONGC,3834.83,3834.83,1567.82,2018-10-01,2022-05-01,2022-10-31,31.87,15,4,2,0,1
PRJ-1204,Coal Project 1204,Coal,ONGC,2628.83,3073.19,676.05,2022-12-01,2026-12-01,2026-12-01,21.28,12,2,0,1,0
PRJ-1205,Urban Development Project 1205,Urban Development,NTPC,4615.97,4615.97,3676.17,2018-02-01,2023-05-03,2023-08-03,58.71,5,2,1,1,1
PRJ-1206,Road Transport & Highways Project 1206,Road Transport & Highways,CIL,4661.27,5872.18,3004.82,2015-06-01,2018-07-01,2018-07-01,56.13,11,6,0,1,0
PRJ-1207,Water Resources Project 1207,Water Resources,RVNL,1507.9,1507.9,394.98,2016-05-01,2019-01-30,2020-05-31,31.77,6,1,1,0,1
PRJ-1208,Telecommunications Project 1208,Telecommunications,NTPC,219.57,258.9,258.9,2023-05-01,2026-09-30,2029-12-30,83.28,12,9,2,1,1
PRJ-1209,Power Project 1209,Power,ONGC,466.02,466.02,41.15,2022-07-01,2025-05-31,2025-05-31,7.69,14,1,0,0,0
PRJ-1210,Road Transport & Highways Project 1210,Road Transport & Highways,RVNL,4803.23,4803.23,4312.25,2018-05-01,2020-05-31,2020-05-31,68.89,8,5,0,1,0
PRJ-1211,Petroleum Project 1211,Petroleum,PWD,4080.22,4080.22,437.09,2021-09-01,2027-05-02,2027-05-02,8.97,8,0,0,0,0
PRJ-1212,Road Transport & Highways Project 1212,Road Transport & Highways,CIL,1915.57,1915.57,997.66,2017-06-01,2022-12-01,2022-12-01,46.06,13,5,0,0,0
PRJ-1213,Civil Aviation Project 1213,Civil Aviation,NTPC,1705.45,1705.45,856.34,2020-08-01,2024-06-01,2024-06-01,41.63,7,2,0,0,0
PRJ-1214,Telecommunications Project 1214,Telecommunications,AAI,1897.59,1897.59,1594.18,2020-06-01,2025-10-31,2025-10-31,59.19,13,7,0,1,0
PRJ-1215,Power Project 1215,Power,NHAI,1815.75,1815.75,1529.58,2020-09-01,2026-01-01,2026-01-01,93.44,7,6,0,0,0
PRJ-1216,Power Project 1216,Power,ONGC,4149.72,4149.72,4149.72,2023-09-01,2025-10-31,2025-10-31,79.11,14,11,0,1,0
PRJ-1217,Road Transport & Highways Project 1217,Road Transport & Highways,CIL,4682.35,4682.35,889.76,2020-08-01,2023-03-02,2025-05-02,19.82,13,2,2,0,1
PRJ-1218,Civil Aviation Project 1218,Civil Aviation,AAI,1212.5,1212.5,670.81,2016-04-01,2021-08-01,2021-08-01,41.72,7,2,0,1,0
PRJ-1219,Petroleum Project 1219,Petroleum,NHAI,4481.94,4481.94,3956.66,2016-12-01,2020-07-01,2022-11-01,76.99,9,6,2,1,1
PRJ-1220,Civil Aviation Project 1220,Civil Aviation,RVNL,4765.02,5045.78,1507.66,2016-02-01,2019-06-02,2019-06-02,31.62,6,1,0,1,0
PRJ-1221,Urban Development Project 1221,Urban Development,NHPC,3358.69,4630.49,1765.65,2019-07-01,2024-09-29,2024-09-29,35.89,12,4,0,1,0
PRJ-1222,Road Transport & Highways Project 1222,Road Transport & Highways,PWD,4888.52,4888.52,1753.15,2022-07-01,2028-06-30,2028-06-30,36.63,6,2,0,0,0
PRJ-1223,Urban Development Project 1223,Urban Development,NHPC,4753.24,4753.24,4753.24,2022-02-01,2026-08-02,2027-04-03,94.52,6,5,2,0,1
PRJ-1224,Railways Project 1224,Railways,PWD,1992.28,2753.3,1334.49,2023-12-01,2028-03-31,2030-08-31,47.24,6,2,1,1,1
PRJ-1225,Power Project 1225,Power,NHAI,4687.36,4687.36,2644.84,2021-09-01,2027-01-31,2027-01-31,50.19,9,4,0,0,0
PRJ-1226,Railways Project 1226,Railways,PWD,993.51,993.51,672.97,2020-07-01,2023-01-30,2023-01-30,81.82,6,4,0,0,0
PRJ-1227,Petroleum Project 1227,Petroleum,PWD,2508.3,3703.9,3703.9,2021-01-01,2024-08-01,2026-08-02,77.61,15,11,10,1,1
PRJ-1228,Telecommunications Project 1228,Telecommunications,ONGC,3612.07,3612.07,2875.05,2017-03-01,2019-10-31,2019-10-31,90.32,14,12,0,0,0
PRJ-1229,Road Transport & Highways Project 1229,Road Transport & Highways,PWD,2556.31,2556.31,1447.64,2020-11-01,2025-09-01,2028-06-02,43.7,5,2,2,1,1
PRJ-1230,Urban Development Project 1230,Urban Development,AAI,474.65,727.53,533.95,2023-04-01,2025-11-30,2026-12-30,64.82,6,3,3,1,1
PRJ-1231,Power Project 1231,Power,ONGC,2313.6,2313.6,878.85,2016-11-01,2019-10-02,2019-10-02,38.6,6,2,0,0,0
PRJ-1232,Civil Aviation Project 1232,Civil Aviation,NHAI,1276.4,1433.74,789.1,2015-09-01,2017-08-31,2021-06-01,68.13,9,6,5,1,1
PRJ-1233,Civil Aviation Project 1233,Civil Aviation,NHAI,1621.22,1621.22,531.22,2022-04-01,2025-03-31,2025-03-31,33.76,12,4,0,0,0
PRJ-1234,Telecommunications Project 1234,Telecommunications,ONGC,630.38,630.38,460.86,2016-03-01,2021-08-31,2024-07-31,62.01,7,4,1,1,1
PRJ-1235,Telecommunications Project 1235,Telecommunications,RVNL,2895.86,4240.63,3598.91,2018-05-01,2022-07-01,2024-12-30,80.58,5,4,3,1,1
PRJ-1236,Urban Development Project 1236,Urban Development,NHAI,1084.14,1084.14,466.92,2018-12-01,2021-08-01,2021-08-01,38.63,13,5,0,0,0
PRJ-1237,Urban Development Project 1237,Urban Development,NTPC,1320.5,1320.5,559.96,2015-07-01,2017-10-30,2017-10-30,49.74,7,3,0,0,0
PRJ-1238,Road Transport & Highways Project 1238,Road Transport & Highways,NHPC,1495.34,2104.83,2051.4,2023-10-01,2027-06-01,2027-06-01,93.8,12,11,0,1,0
PRJ-1239,Civil Aviation Project 1239,Civil Aviation,PWD,2022.56,2022.56,1742.55,2017-08-01,2021-05-01,2024-03-01,66.96,10,6,5,1,1
PRJ-1240,Civil Aviation Project 1240,Civil Aviation,RVNL,1370.23,1643.16,590.8,2020-06-01,2023-09-01,2023-09-01,31.01,10,3,0,1,0
PRJ-1241,Coal Project 1241,Coal,ONGC,4154.82,4154.82,1720.03,2021-11-01,2027-05-03,2030-11-01,42.04,7,2,2,0,1
PRJ-1242,Petroleum Project 1242,Petroleum,NHPC,3606.21,3606.21,948.39,2023-03-01,2025-09-29,2025-09-29,23.4,9,2,0,0,0
PRJ-1243,Petroleum Project 1243,Petroleum,ONGC,3050.94,3050.94,1533.09,2022-06-01,2025-08-31,2029-08-31,35.36,9,3,3,1,1
PRJ-1244,Telecommunications Project 1244,Telecommunications,NHPC,859.75,859.75,352.02,2023-07-01,2025-06-30,2027-01-29,27.73,12,3,2,1,1
PRJ-1245,Civil Aviation Project 1245,Civil Aviation,CIL,2628.92,2628.92,1130.23,2022-10-01,2025-04-01,2025-04-01,28.91,11,3,0,1,0
PRJ-1246,Water Resources Project 1246,Water Resources,RVNL,827.68,1215.09,951.39,2016-05-01,2018-10-31,2018-10-31,94.48,9,8,0,1,0
PRJ-1247,Power Project 1247,Power,RVNL,4639.88,4639.88,1548.64,2015-01-01,2017-08-01,2021-01-31,23.44,9,2,2,0,1
PRJ-1248,Urban Development Project 1248,Urban Development,ONGC,1267.87,1267.87,705.08,2023-06-01,2026-08-31,2029-10-30,56.36,14,7,3,0,1
PRJ-1249,Petroleum Project 1249,Petroleum,NTPC,4057.69,4057.69,1163.22,2017-02-01,2022-02-01,2022-02-01,23.28,9,2,0,0,0
PRJ-1250,Telecommunications Project 1250,Telecommunications,RVNL,614.07,614.07,171.44,2017-03-01,2020-04-30,2020-07-31,24.89,8,1,1,0,1
PRJ-1251,Urban Development Project 1251,Urban Development,AAI,2313.9,3507.88,1627.73,2017-12-01,2021-12-01,2021-12-01,41.77,11,4,0,1,0
PRJ-1252,Road Transport & Highways Project 1252,Road Transport & Highways,CIL,1144.87,1144.87,716.44,2020-06-01,2022-07-02,2022-07-02,44.3,14,6,0,1,0
PRJ-1253,Urban Development Project 1253,Urban Development,PWD,3091.79,3091.79,2578.05,2021-03-01,2025-03-31,2027-03-01,68.31,10,6,4,1,1
PRJ-1254,Coal Project 1254,Coal,ONGC,3617.43,3617.43,2003.12,2015-11-01,2020-10-31,2024-10-01,39.15,6,2,2,1,1
PRJ-1255,Road Transport & Highways Project 1255,Road Transport & Highways,AAI,2922.53,2922.53,220.97,2022-07-01,2024-11-29,2026-12-30,6.84,8,0,0,0,1
PRJ-1256,Coal Project 1256,Coal,NHPC,4571.25,5197.3,1554.38,2023-10-01,2028-07-01,2028-07-01,24.72,5,1,0,1,0
PRJ-1257,Urban Development Project 1257,Urban Development,NHPC,382.7,550.67,130.74,2023-01-01,2026-05-02,2027-12-01,19.29,12,2,1,1,1
PRJ-1258,Coal Project 1258,Coal,NTPC,4313.73,6702.59,1748.32,2023-02-01,2026-04-02,2026-04-02,25.62,14,3,0,1,0
PRJ-1259,Road Transport & Highways Project 1259,Road Transport & Highways,NTPC,1547.98,1547.98,612.03,2015-04-01,2020-05-31,2020-05-31,43.09,6,2,0,0,0
PRJ-1260,Railways Project 1260,Railways,CIL,4113.86,4600.43,2858.67,2017-03-01,2021-12-30,2021-12-30,46.63,8,3,0,1,0
PRJ-1261,Road Transport & Highways Project 1261,Road Transport & Highways,NHPC,4298.73,4298.73,1792.33,2023-01-01,2027-01-31,2027-08-02,51.19,12,6,2,0,1
PRJ-1262,Power Project 1262,Power,ONGC,4329.19,4329.19,2441.44,2018-08-01,2021-07-01,2021-07-01,56.65,8,4,0,0,0
PRJ-1263,Power Project 1263,Power,NHAI,475.31,475.31,26.94,2022-11-01,2028-10-31,2031-12-01,5.05,11,0,0,0,1
PRJ-1264,Civil Aviation Project 1264,Civil Aviation,PWD,4816.21,4816.21,2172.08,2021-05-01,2026-01-30,2026-01-30,36.85,7,2,0,0,0
PRJ-1265,Civil Aviation Project 1265,Civil Aviation,PWD,762.26,831.15,831.15,2016-10-01,2020-12-01,2022-10-01,94.52,10,9,1,1,1
PRJ-1266,Water Resources Project 1266,Water Resources,PWD,1113.71,1436.18,810.04,2017-11-01,2021-06-01,2022-06-02,62.46,5,3,1,1,1
PRJ-1267,Telecommunications Project 1267,Telecommunications,CIL,2510.86,2510.86,1668.37,2022-03-01,2026-05-01,2026-05-01,46.87,8,3,0,1,0
PRJ-1268,Power Project 1268,Power,RVNL,1582.78,2066.79,1034.06,2021-02-01,2026-04-03,2029-03-03,39.79,13,5,4,1,1
PRJ-1269,Road Transport & Highways Project 1269,Road Transport & Highways,PWD,478.61,584.23,238.78,2016-03-01,2022-01-30,2022-01-30,50.6,9,4,0,1,0
PRJ-1270,Road Transport & Highways Project 1270,Road Transport & Highways,NHAI,2621.11,2621.11,1121.39,2020-10-01,2025-03-02,2027-01-31,38.41,9,3,2,0,1
PRJ-1271,Road Transport & Highways Project 1271,Road Transport & Highways,RVNL,4435.14,4435.14,2263.78,2023-12-01,2029-10-31,2029-10-31,44.01,6,2,0,0,0
PRJ-1272,Power Project 1272,Power,AAI,1751.24,1751.24,1543.86,2017-03-01,2023-03-01,2023-03-01,70.83,6,4,0,1,0
PRJ-1273,Urban Development Project 1273,Urban Development,CIL,2062.84,2509.65,2133.72,2018-07-01,2021-03-31,2024-06-30,90.82,9,8,4,1,1
PRJ-1274,Road Transport & Highways Project 1274,Road Transport & Highways,RVNL,942.45,1366.53,987.92,2017-11-01,2022-06-02,2026-03-03,75.83,12,9,6,1,1
PRJ-1275,Water Resources Project 1275,Water Resources,PWD,4784.99,6494.25,6494.25,2020-11-01,2026-05-03,2027-05-03,85.03,15,12,11,1,1
PRJ-1276,Civil Aviation Project 1276,Civil Aviation,CIL,4060.02,4060.02,1506.75,2021-08-01,2024-12-31,2027-12-01,27.08,9,2,2,1,1
PRJ-1277,Urban Development Project 1277,Urban Development,NHAI,4767.69,7269.39,957.68,2018-04-01,2021-07-01,2021-07-01,14.58,7,1,0,1,0
PRJ-1278,Railways Project 1278,Railways,NHPC,2151.33,2151.33,1215.8,2018-03-01,2023-05-31,2023-05-31,55.99,15,8,0,0,0
PRJ-1279,Railways Project 1279,Railways,NHPC,4641.7,5910.08,2827.92,2015-06-01,2019-05-01,2020-10-30,43.9,12,5,4,1,1
PRJ-1280,Urban Development Project 1280,Urban Development,ONGC,2115.79,2115.79,799.33,2017-06-01,2020-03-31,2020-03-31,30.78,14,4,0,0,0
PRJ-1281,Urban Development Project 1281,Urban Development,RVNL,638.2,928.96,189.04,2016-12-01,2022-05-02,2022-11-01,18.5,5,0,0,1,1
PRJ-1282,Telecommunications Project 1282,Telecommunications,NTPC,308.52,467.09,445.35,2020-11-01,2025-11-01,2026-12-02,66.09,9,5,3,1,1
PRJ-1283,Railways Project 1283,Railways,NHAI,4982.13,5339.51,387.53,2017-07-01,2022-01-30,2025-05-31,5.02,9,0,0,1,1
PRJ-1284,Civil Aviation Project 1284,Civil Aviation,RVNL,4184.24,4542.91,2657.02,2023-02-01,2027-09-02,2027-09-02,59.56,9,5,0,1,0
PRJ-1285,Road Transport & Highways Project 1285,Road Transport & Highways,AAI,4282.96,4282.96,3954.88,2020-09-01,2024-04-01,2028-04-02,67.54,11,7,4,1,1
PRJ-1286,Petroleum Project 1286,Petroleum,CIL,3381.34,4408.28,2485.87,2015-10-01,2018-05-01,2020-11-30,68.29,7,4,2,1,1
PRJ-1287,Railways Project 1287,Railways,CIL,3886.28,3886.28,2893.07,2021-07-01,2024-01-30,2024-01-30,57.13,15,8,0,1,0
PRJ-1288,Civil Aviation Project 1288,Civil Aviation,CIL,4696.57,6153.8,450.58,2018-06-01,2020-09-30,2022-05-01,8.05,11,0,0,1,1
PRJ-1289,Power Project 1289,Power,PWD,2397.99,2397.99,2397.99,2022-03-01,2025-10-30,2025-10-30,75.54,11,8,0,1,0
PRJ-1290,Water Resources Project 1290,Water Resources,NTPC,186.08,186.08,184.53,2022-06-01,2025-03-01,2026-01-30,90.89,8,7,5,0,1
PRJ-1291,Telecommunications Project 1291,Telecommunications,CIL,4550.44,4550.44,2597.41,2020-12-01,2024-08-31,2024-08-31,42.61,10,4,0,1,0
PRJ-1292,Water Resources Project 1292,Water Resources,NHAI,657.3,657.3,570.58,2017-06-01,2022-12-31,2022-12-31,92.23,13,11,0,0,0
PRJ-1293,Coal Project 1293,Coal,AAI,4464.49,4464.49,3297.51,2021-12-01,2024-01-31,2024-01-31,60.12,14,8,0,1,0
PRJ-1294,Civil Aviation Project 1294,Civil Aviation,CIL,2763.14,2763.14,257.13,2021-10-01,2027-01-31,2027-01-31,9.01,6,0,0,0,0
PRJ-1295,Telecommunications Project 1295,Telecommunications,AAI,4655.88,4655.88,2677.03,2020-10-01,2023-12-01,2025-10-01,59.79,15,8,1,0,1
PRJ-1296,Petroleum Project 1296,Petroleum,CIL,2064.84,2428.4,833.46,2018-07-01,2020-06-30,2021-01-29,24.96,9,2,2,1,1
PRJ-1297,Road Transport & Highways Project 1297,Road Transport & Highways,CIL,3879.17,3879.17,2325.34,2023-11-01,2028-09-30,2029-08-01,49.7,8,3,2,1,1
PRJ-1298,Civil Aviation Project 1298,Civil Aviation,NHPC,1009.6,1009.6,69.78,2020-11-01,2024-02-01,2024-02-01,6.28,5,0,0,0,0
PRJ-1299,Railways Project 1299,Railways,NTPC,4665.75,4665.75,947.31,2019-07-01,2022-04-30,2022-04-30,20.21,8,1,0,0,0
PRJ-1300,Power Project 1300,Power,NHPC,623.38,623.38,241.56,2023-11-01,2026-03-02,2027-03-02,32.85,6,1,1,0,1
PRJ-1301,Petroleum Project 1301,Petroleum,RVNL,3926.52,3926.52,3926.52,2016-08-01,2020-05-01,2023-06-02,89.99,12,10,9,1,1
PRJ-1302,Railways Project 1302,Railways,PWD,3389.79,3714.52,2956.86,2021-04-01,2026-01-30,2026-01-30,76.01,5,3,0,1,0
PRJ-1303,Railways Project 1303,Railways,RVNL,937.12,1253.07,786.46,2020-01-01,2023-10-01,2023-10-01,67.06,11,7,0,1,0
PRJ-1304,Railways Project 1304,Railways,AAI,1179.95,1652.66,1631.84,2016-12-01,2020-01-31,2020-01-31,74.61,12,8,0,1,0
PRJ-1305,Civil Aviation Project 1305,Civil Aviation,PWD,2028.29,2028.29,385.56,2022-04-01,2024-03-31,2024-03-31,22.92,5,1,0,0,0
PRJ-1306,Water Resources Project 1306,Water Resources,NHPC,2165.34,2165.34,2165.34,2016-03-01,2018-08-31,2018-08-31,92.26,13,11,0,0,0
PRJ-1307,Railways Project 1307,Railways,NTPC,2446.13,2446.13,1781.79,2016-10-01,2018-12-01,2018-12-01,54.64,15,8,0,1,0
PRJ-1308,Water Resources Project 1308,Water Resources,ONGC,1663.48,1663.48,732.05,2015-05-01,2020-10-30,2020-10-30,31.41,7,2,0,1,0
PRJ-1309,Coal Project 1309,Coal,AAI,4996.51,7581.48,7581.48,2020-02-01,2024-09-01,2026-07-02,93.32,11,10,1,1,1
PRJ-1310,Road Transport & Highways Project 1310,Road Transport & Highways,CIL,1739.61,1739.61,1739.61,2016-06-01,2018-12-31,2020-08-01,83.26,10,8,6,1,1
PRJ-1311,Railways Project 1311,Railways,NTPC,2945.6,2945.6,297.38,2019-09-01,2025-08-31,2025-08-31,12.1,6,0,0,0,0
PRJ-1312,Civil Aviation Project 1312,Civil Aviation,CIL,4545.65,4545.65,690.9,2015-05-01,2019-07-01,2021-06-30,14.04,9,1,1,0,1
PRJ-1313,Power Project 1313,Power,RVNL,607.43,607.43,46.36,2015-08-01,2019-07-01,2020-03-31,5.36,9,0,0,0,1
PRJ-1314,Power Project 1314,Power,ONGC,547.74,770.49,609.22,2015-08-01,2018-08-31,2018-08-31,56.21,7,3,0,1,0
PRJ-1315,Power Project 1315,Power,ONGC,4949.79,6621.02,2658.03,2018-08-01,2023-07-01,2025-12-31,29.6,8,2,2,1,1
PRJ-1316,Petroleum Project 1316,Petroleum,CIL,1819.7,1819.7,1521.65,2019-05-01,2022-07-31,2022-07-31,58.17,6,3,0,1,0
PRJ-1317,Urban Development Project 1317,Urban Development,CIL,3294.44,3294.44,3294.44,2018-12-01,2022-04-01,2022-04-01,93.0,14,13,0,0,0
PRJ-1318,Power Project 1318,Power,RVNL,4840.8,6976.02,1753.45,2015-12-01,2018-04-01,2018-04-01,25.78,7,1,0,1,0
PRJ-1319,Petroleum Project 1319,Petroleum,CIL,4803.09,4803.09,3981.88,2015-07-01,2017-12-30,2020-07-30,63.67,7,4,2,1,1
PRJ-1320,Railways Project 1320,Railways,NHPC,1726.79,1726.79,1418.34,2022-11-01,2025-10-31,2025-10-31,64.36,7,4,0,1,0
PRJ-1321,Petroleum Project 1321,Petroleum,AAI,1862.91,1862.91,1862.91,2022-08-01,2025-12-31,2027-08-01,82.23,5,4,4,1,1
PRJ-1322,Telecommunications Project 1322,Telecommunications,NTPC,447.81,447.81,52.01,2019-04-01,2023-06-01,2025-03-01,10.36,7,0,0,0,1
PRJ-1323,Coal Project 1323,Coal,CIL,1008.74,1008.74,640.32,2016-10-01,2021-03-02,2024-10-31,47.59,8,3,2,1,1
PRJ-1324,Petroleum Project 1324,Petroleum,CIL,4221.42,4221.42,1403.96,2022-03-01,2024-03-31,2024-03-31,29.27,15,4,0,0,0
PRJ-1325,Telecommunications Project 1325,Telecommunications,AAI,1211.53,1211.53,895.97,2016-05-01,2022-03-01,2023-10-01,50.87,6,3,2,1,1
PRJ-1326,Civil Aviation Project 1326,Civil Aviation,CIL,3770.05,5134.57,4210.06,2019-05-01,2022-07-31,2022-07-31,84.63,15,12,0,1,0
PRJ-1327,Civil Aviation Project 1327,Civil Aviation,NTPC,3193.47,3193.47,248.98,2020-12-01,2025-10-31,2027-11-01,5.3,5,0,0,0,1
PRJ-1328,Telecommunications Project 1328,Telecommunications,ONGC,1058.75,1058.75,811.91,2019-10-01,2022-09-30,2022-09-30,69.88,15,10,0,0,0
PRJ-1329,Water Resources Project 1329,Water Resources,RVNL,1992.62,1992.62,1742.42,2020-06-01,2024-11-30,2024-11-30,85.12,13,11,0,0,0
PRJ-1330,Water Resources Project 1330,Water Resources,PWD,1253.75,1253.75,69.33,2017-04-01,2021-06-01,2021-06-01,6.48,8,0,0,0,0
PRJ-1331,Telecommunications Project 1331,Telecommunications,AAI,2744.66,2744.66,583.46,2023-08-01,2029-05-01,2030-08-31,14.24,8,1,1,0,1
PRJ-1332,Railways Project 1332,Railways,NHAI,1393.81,1393.81,870.79,2022-04-01,2024-08-30,2026-03-01,41.82,14,5,1,1,1
PRJ-1333,Railways Project 1333,Railways,CIL,3986.83,3986.83,3273.87,2015-08-01,2021-03-31,2022-05-01,61.62,15,9,1,1,1
PRJ-1334,Telecommunications Project 1334,Telecommunications,ONGC,4009.25,4009.25,647.41,2018-10-01,2022-03-02,2026-01-30,14.01,10,1,1,0,1
PRJ-1335,Telecommunications Project 1335,Telecommunications,NTPC,280.46,391.23,26.87,2017-03-01,2020-04-30,2020-04-30,6.92,7,0,0,1,0
PRJ-1336,Petroleum Project 1336,Petroleum,ONGC,1108.58,1201.37,673.27,2015-02-01,2020-12-01,2020-12-01,45.45,8,3,0,1,0
PRJ-1337,Water Resources Project 1337,Water Resources,CIL,4198.52,4198.52,3886.66,2017-08-01,2021-08-01,2023-10-01,66.91,5,3,3,1,1
PRJ-1338,Power Project 1338,Power,AAI,676.34,676.34,147.69,2016-07-01,2019-08-31,2019-08-31,24.06,7,1,0,0,0
PRJ-1339,Coal Project 1339,Coal,NHPC,4448.98,7111.56,4508.64,2022-07-01,2025-05-31,2025-05-31,52.96,12,6,0,1,0
PRJ-1340,Coal Project 1340,Coal,NHPC,1412.11,2052.33,1243.96,2021-05-01,2025-05-01,2025-05-01,74.46,12,8,0,1,0
PRJ-1341,Railways Project 1341,Railways,RVNL,4013.52,4332.94,3626.86,2016-09-01,2021-03-02,2024-11-01,71.33,14,9,3,1,1
PRJ-1342,Road Transport & Highways Project 1342,Road Transport & Highways,NTPC,2764.27,3094.7,3094.7,2023-02-01,2026-05-03,2026-05-03,86.72,6,5,0,1,0
PRJ-1343,Water Resources Project 1343,Water Resources,RVNL,1409.34,1585.37,366.89,2018-03-01,2021-04-30,2021-04-30,21.05,6,1,0,1,0
PRJ-1344,Civil Aviation Project 1344,Civil Aviation,NTPC,3180.47,4600.57,3283.11,2020-08-01,2023-06-01,2023-06-01,54.21,10,5,0,1,0
PRJ-1345,Road Transport & Highways Project 1345,Road Transport & Highways,NHAI,3862.58,3862.58,3707.65,2015-02-01,2018-10-02,2022-05-03,74.78,14,10,2,1,1
PRJ-1346,Railways Project 1346,Railways,ONGC,2481.78,2481.78,1575.22,2020-01-01,2025-05-02,2025-05-02,44.51,14,6,0,1,0
PRJ-1347,Road Transport & Highways Project 1347,Road Transport & Highways,NTPC,4943.75,7018.63,6191.37,2019-05-01,2022-08-30,2025-09-29,76.52,7,5,5,1,1
PRJ-1348,Civil Aviation Project 1348,Civil Aviation,PWD,1542.84,1542.84,1035.38,2019-09-01,2024-11-30,2024-11-30,74.12,10,7,0,0,0
PRJ-1349,Urban Development Project 1349,Urban Development,PWD,345.86,345.86,31.04,2015-11-01,2019-03-02,2019-03-02,7.36,11,0,0,0,0
PRJ-1350,Water Resources Project 1350,Water Resources,NHPC,580.14,580.14,156.24,2021-10-01,2024-05-01,2025-05-01,29.76,9,2,1,0,1
PRJ-1351,Water Resources Project 1351,Water Resources,NHPC,3357.42,3357.42,3357.42,2021-12-01,2024-01-31,2024-01-31,78.94,5,3,0,1,0
PRJ-1352,Telecommunications Project 1352,Telecommunications,NHAI,2122.65,2931.71,1982.87,2020-01-01,2025-04-01,2025-04-01,60.28,13,7,0,1,0
PRJ-1353,Power Project 1353,Power,NTPC,462.9,498.01,85.7,2023-02-01,2028-01-01,2028-01-01,16.02,5,0,0,1,0
PRJ-1354,Coal Project 1354,Coal,CIL,4816.44,4816.44,2957.74,2018-09-01,2021-08-31,2022-12-01,54.27,13,7,6,0,1
PRJ-1355,Railways Project 1355,Railways,AAI,1448.83,1573.49,1313.83,2019-12-01,2022-09-30,2022-09-30,67.7,15,10,0,1,0
PRJ-1356,Coal Project 1356,Coal,AAI,1593.3,2443.64,1591.8,2023-07-01,2026-07-31,2028-02-29,73.08,6,4,4,1,1
PRJ-1357,Road Transport & Highways Project 1357,Road Transport & Highways,AAI,1564.38,1564.38,657.43,2020-05-01,2022-07-01,2023-11-30,40.09,15,6,3,0,1
PRJ-1358,Water Resources Project 1358,Water Resources,NTPC,1575.09,1575.09,1118.96,2016-08-01,2020-08-01,2022-04-01,87.03,9,7,5,0,1
PRJ-1359,Civil Aviation Project 1359,Civil Aviation,NHAI,3894.38,3894.38,1766.9,2023-09-01,2026-08-01,2026-08-01,38.15,9,3,0,0,0
PRJ-1360,Water Resources Project 1360,Water Resources,NTPC,2408.56,2408.56,325.4,2015-05-01,2020-11-29,2020-11-29,10.54,9,0,0,0,0
PRJ-1361,Petroleum Project 1361,Petroleum,ONGC,4594.96,6758.15,3446.9,2019-10-01,2023-06-01,2023-06-01,36.96,6,2,0,1,0
PRJ-1362,Urban Development Project 1362,Urban Development,ONGC,4062.52,4062.52,691.26,2022-09-01,2027-01-31,2027-01-31,13.11,6,0,0,0,0
PRJ-1363,Civil Aviation Project 1363,Civil Aviation,NHAI,3091.31,4254.65,2467.11,2018-03-01,2022-03-31,2022-03-31,61.78,8,4,0,1,0
PRJ-1364,Road Transport & Highways Project 1364,Road Transport & Highways,AAI,4295.85,4295.85,4295.85,2023-08-01,2029-07-31,2029-07-31,91.06,11,10,0,0,0
PRJ-1365,Railways Project 1365,Railways,PWD,4809.59,4809.59,4710.77,2023-01-01,2024-12-31,2024-12-31,75.1,8,6,0,1,0
PRJ-1366,Road Transport & Highways Project 1366,Road Transport & Highways,NHAI,2992.54,3825.25,2889.08,2023-01-01,2026-04-02,2026-04-02,54.48,10,5,0,1,0
PRJ-1367,Telecommunications Project 1367,Telecommunications,PWD,1429.85,2271.25,468.26,2021-01-01,2026-04-02,2026-04-02,15.77,11,1,0,1,0
PRJ-1368,Water Resources Project 1368,Water Resources,NHPC,799.54,976.38,98.47,2023-11-01,2028-10-31,2031-12-01,11.38,9,1,1,1,1
PRJ-1369,Petroleum Project 1369,Petroleum,AAI,2719.96,2895.42,760.69,2018-03-01,2023-12-30,2025-04-30,17.54,14,2,1,1,1
PRJ-1370,Railways Project 1370,Railways,ONGC,2338.77,2993.74,578.79,2019-03-01,2023-11-30,2023-11-30,13.3,5,0,0,1,0
PRJ-1371,Water Resources Project 1371,Water Resources,NHAI,3923.39,5182.04,2323.74,2015-09-01,2021-05-01,2022-04-01,40.59,11,4,1,1,1
PRJ-1372,Road Transport & Highways Project 1372,Road Transport & Highways,ONGC,4392.92,6750.67,2731.63,2016-01-01,2020-01-01,2022-09-01,37.52,6,2,2,1,1
PRJ-1373,Petroleum Project 1373,Petroleum,RVNL,4771.02,4771.02,1380.21,2015-07-01,2020-02-29,2020-02-29,27.86,11,3,0,0,0
PRJ-1374,Railways Project 1374,Railways,PWD,3187.93,3187.93,2937.81,2017-10-01,2020-10-31,2020-10-31,73.67,9,6,0,1,0
PRJ-1375,Coal Project 1375,Coal,NHAI,711.77,964.44,964.44,2018-06-01,2021-12-30,2025-09-30,76.44,13,9,9,1,1
PRJ-1376,Power Project 1376,Power,AAI,373.68,469.29,275.67,2020-08-01,2026-04-01,2026-04-01,70.15,14,9,0,1,0
PRJ-1377,Road Transport & Highways Project 1377,Road Transport & Highways,NHPC,4966.97,4966.97,539.79,2017-01-01,2022-10-02,2022-10-02,10.84,9,0,0,0,0
PRJ-1378,Power Project 1378,Power,AAI,3817.66,3817.66,2890.04,2021-11-01,2025-05-02,2025-05-02,61.14,15,9,0,1,0
PRJ-1379,Telecommunications Project 1379,Telecommunications,RVNL,4462.38,5999.2,2434.13,2018-03-01,2021-11-29,2021-11-29,37.96,9,3,0,1,0
PRJ-1380,Road Transport & Highways Project 1380,Road Transport & Highways,CIL,2911.99,2911.99,2911.99,2018-02-01,2021-01-01,2021-01-01,82.12,8,6,0,1,0
PRJ-1381,Coal Project 1381,Coal,NTPC,3914.9,3914.9,3213.68,2015-07-01,2020-09-29,2020-09-29,55.75,13,7,0,1,0
PRJ-1382,Telecommunications Project 1382,Telecommunications,NTPC,2080.27,3058.17,2323.73,2022-03-01,2028-01-30,2031-03-31,92.51,8,7,5,1,1
PRJ-1383,Petroleum Project 1383,Petroleum,NHPC,3400.21,3400.21,1239.79,2023-03-01,2028-08-30,2028-08-30,37.56,5,1,0,0,0
PRJ-1384,Coal Project 1384,Coal,NHAI,4501.67,4501.67,3371.11,2017-12-01,2022-12-01,2022-12-01,84.86,10,8,0,0,0
PRJ-1385,Road Transport & Highways Project 1385,Road Transport & Highways,NTPC,2120.22,2120.22,1033.63,2019-02-01,2024-01-01,2026-04-02,54.01,10,5,4,0,1
PRJ-1386,Railways Project 1386,Railways,ONGC,222.43,222.43,122.47,2017-04-01,2021-12-31,2023-12-31,43.34,6,2,2,1,1
PRJ-1387,Petroleum Project 1387,Petroleum,CIL,2083.55,2861.1,2861.1,2019-11-01,2021-12-31,2021-12-31,74.58,7,5,0,1,0
PRJ-1388,Telecommunications Project 1388,Telecommunications,ONGC,154.74,154.74,96.77,2021-02-01,2023-05-03,2025-08-02,51.25,13,6,2,1,1
PRJ-1389,Railways Project 1389,Railways,RVNL,3391.33,3391.33,1762.12,2015-01-01,2017-05-02,2017-10-31,35.14,14,4,3,1,1
PRJ-1390,Railways Project 1390,Railways,CIL,3204.83,4665.44,500.84,2017-11-01,2022-08-02,2025-12-01,9.89,12,1,1,1,1
PRJ-1391,Power Project 1391,Power,NHAI,3690.39,4442.82,331.65,2022-10-01,2026-04-01,2026-10-01,6.51,12,0,0,1,1
PRJ-1392,Power Project 1392,Power,AAI,3850.39,3850.39,576.16,2015-09-01,2018-01-30,2018-01-30,16.7,12,2,0,0,0
PRJ-1393,Telecommunications Project 1393,Telecommunications,AAI,4626.99,4626.99,3756.82,2016-05-01,2018-06-01,2021-05-31,55.89,15,8,5,1,1
PRJ-1394,Railways Project 1394,Railways,ONGC,1112.43,1112.43,129.42,2020-06-01,2026-03-02,2026-03-02,13.03,8,1,0,0,0
PRJ-1395,Water Resources Project 1395,Water Resources,AAI,677.26,677.26,66.28,2017-11-01,2020-05-02,2021-06-01,12.12,5,0,0,0,1
PRJ-1396,Urban Development Project 1396,Urban Development,RVNL,1211.52,1211.52,1211.52,2020-03-01,2024-07-31,2024-07-31,79.27,14,11,0,1,0
PRJ-1397,Water Resources Project 1397,Water Resources,AAI,738.13,805.21,528.31,2019-10-01,2021-12-30,2021-12-30,65.11,7,4,0,1,0
PRJ-1398,Water Resources Project 1398,Water Resources,NHAI,833.13,833.13,628.35,2016-07-01,2019-12-01,2020-05-31,50.92,8,4,4,1,1
PRJ-1399,Petroleum Project 1399,Petroleum,CIL,4185.2,4185.2,3219.8,2022-12-01,2027-07-02,2027-07-02,53.08,7,3,0,1,0
PRJ-1400,Power Project 1400,Power,RVNL,217.97,239.93,162.38,2023-03-01,2025-08-30,2025-08-30,49.24,9,4,0,1,0
PRJ-1401,Civil Aviation Project 1401,Civil Aviation,AAI,982.36,982.36,799.09,2022-04-01,2028-03-31,2029-08-31,71.11,13,9,4,1,1
PRJ-1402,Railways Project 1402,Railways,NTPC,2786.03,2786.03,1206.41,2022-12-01,2024-12-31,2024-12-31,41.76,14,5,0,0,0
PRJ-1403,Civil Aviation Project 1403,Civil Aviation,AAI,2103.49,2103.49,375.01,2015-07-01,2020-01-30,2022-05-31,15.71,13,2,1,0,1
PRJ-1404,Road Transport & Highways Project 1404,Road Transport & Highways,NHPC,3858.0,3858.0,872.45,2017-03-01,2020-04-30,2020-04-30,17.93,10,1,0,0,0
PRJ-1405,Power Project 1405,Power,RVNL,4961.93,4961.93,2587.96,2020-09-01,2024-12-31,2024-12-31,64.36,15,9,0,0,0
PRJ-1406,Coal Project 1406,Coal,AAI,2911.74,2911.74,2029.82,2017-02-01,2022-02-01,2025-05-03,52.06,11,5,4,1,1
PRJ-1407,Road Transport & Highways Project 1407,Road Transport & Highways,CIL,1290.81,1290.81,935.84,2015-03-01,2017-10-30,2017-10-30,53.77,5,2,0,1,0
PRJ-1408,Water Resources Project 1408,Water Resources,NHAI,4764.29,4764.29,1699.69,2021-12-01,2027-01-31,2027-01-31,25.68,9,2,0,0,0
PRJ-1409,Civil Aviation Project 1409,Civil Aviation,CIL,3294.6,4556.69,4536.45,2023-11-01,2026-03-02,2026-03-02,81.15,9,7,0,1,0
PRJ-1410,Water Resources Project 1410,Water Resources,PWD,3186.42,3186.42,3186.42,2015-12-01,2021-05-01,2023-06-01,91.62,7,6,2,0,1
PRJ-1411,Civil Aviation Project 1411,Civil Aviation,AAI,2320.76,2320.76,1839.2,2017-01-01,2022-04-02,2022-04-02,53.53,11,5,0,1,0
PRJ-1412,Railways Project 1412,Railways,RVNL,3639.13,3639.13,2078.18,2022-07-01,2027-05-01,2030-10-31,46.53,14,6,4,1,1
PRJ-1413,Civil Aviation Project 1413,Civil Aviation,PWD,3634.92,5484.18,2232.02,2022-12-01,2025-01-30,2025-01-30,33.81,13,4,0,1,0
PRJ-1414,Water Resources Project 1414,Water Resources,NHAI,2083.18,2903.66,640.36,2019-01-01,2024-07-02,2024-07-02,26.37,10,2,0,1,0
PRJ-1415,Urban Development Project 1415,Urban Development,AAI,3679.29,4787.31,514.2,2017-05-01,2022-03-01,2024-03-01,8.45,10,0,0,1,1
PRJ-1416,Coal Project 1416,Coal,CIL,1035.4,1035.4,517.53,2017-06-01,2022-08-31,2026-04-01,46.46,8,3,3,0,1
PRJ-1417,Power Project 1417,Power,CIL,3979.25,3979.25,1450.86,2023-10-01,2026-04-01,2027-05-01,25.0,9,2,1,1,1
PRJ-1418,Water Resources Project 1418,Water Resources,NTPC,2735.25,4360.43,3044.83,2020-07-01,2023-05-01,2023-05-01,48.5,7,3,0,1,0
PRJ-1419,Urban Development Project 1419,Urban Development,ONGC,4361.42,5850.22,4668.38,2018-09-01,2021-03-02,2021-03-02,75.35,11,8,0,1,0
PRJ-1420,Water Resources Project 1420,Water Resources,NHPC,274.45,274.45,208.49,2023-06-01,2025-07-01,2025-07-01,51.7,12,6,0,1,0
PRJ-1421,Coal Project 1421,Coal,CIL,1237.4,1726.75,347.25,2023-10-01,2026-01-30,2026-01-30,15.8,6,0,0,1,0
PRJ-1422,Telecommunications Project 1422,Telecommunications,PWD,949.35,1431.78,484.1,2015-02-01,2019-01-01,2020-11-01,35.03,6,2,2,1,1
PRJ-1423,Coal Project 1423,Coal,PWD,671.48,671.48,148.31,2017-06-01,2022-08-31,2022-08-31,23.21,11,2,0,0,0
PRJ-1424,Telecommunications Project 1424,Telecommunications,RVNL,1305.02,1305.02,886.49,2019-03-01,2024-10-29,2024-10-29,81.64,6,4,0,0,0
PRJ-1425,Coal Project 1425,Coal,RVNL,320.68,320.68,181.98,2016-12-01,2021-12-31,2021-12-31,46.1,13,5,0,1,0
PRJ-1426,Road Transport & Highways Project 1426,Road Transport & Highways,NTPC,3825.16,4775.88,1448.69,2023-06-01,2027-07-01,2028-05-31,26.15,10,2,2,1,1
PRJ-1427,Urban Development Project 1427,Urban Development,NHAI,4784.4,4784.4,3002.03,2022-09-01,2026-12-31,2028-01-31,57.52,7,4,4,0,1
PRJ-1428,Water Resources Project 1428,Water Resources,NHPC,4918.3,4918.3,1843.72,2021-06-01,2025-01-30,2025-01-30,30.17,14,4,0,0,0
PRJ-1429,Coal Project 1429,Coal,NTPC,2584.85,3587.54,482.7,2021-06-01,2023-07-02,2023-10-01,15.68,5,0,0,1,1
PRJ-1430,Road Transport & Highways Project 1430,Road Transport & Highways,NTPC,4037.86,4037.86,1298.39,2018-02-01,2021-05-03,2022-03-03,25.66,10,2,2,0,1
PRJ-1431,Railways Project 1431,Railways,ONGC,177.01,189.15,54.95,2023-12-01,2026-10-31,2026-10-31,23.37,9,2,0,1,0
PRJ-1432,Coal Project 1432,Coal,CIL,4277.94,4277.94,2044.46,2022-03-01,2026-09-30,2026-09-30,39.48,8,3,0,0,0
PRJ-1433,Urban Development Project 1433,Urban Development,PWD,4509.51,4509.51,3160.24,2021-03-01,2027-01-30,2029-03-31,69.74,13,9,3,0,1
PRJ-1434,Water Resources Project 1434,Water Resources,CIL,1164.38,1164.38,830.81,2017-12-01,2022-10-01,2022-10-01,52.32,6,3,0,1,0
PRJ-1435,Power Project 1435,Power,ONGC,4206.24,5819.83,5819.83,2019-10-01,2022-03-01,2022-06-01,84.08,6,5,5,1,1
PRJ-1436,Petroleum Project 1436,Petroleum,AAI,1422.59,2055.14,783.91,2017-08-01,2021-08-31,2021-08-31,46.69,6,2,0,1,0
PRJ-1437,Telecommunications Project 1437,Telecommunications,NTPC,3966.58,3966.58,1959.32,2020-09-01,2026-01-01,2026-12-02,48.21,11,5,2,0,1
PRJ-1438,Road Transport & Highways Project 1438,Road Transport & Highways,NHPC,840.86,1260.59,1260.59,2021-11-01,2026-10-01,2027-07-02,81.94,11,9,1,1,1
PRJ-1439,Civil Aviation Project 1439,Civil Aviation,NTPC,3633.7,3633.7,2115.71,2022-11-01,2025-12-01,2029-12-01,63.09,8,5,5,0,1
PRJ-1440,Power Project 1440,Power,NHAI,1730.24,2365.51,1630.43,2021-03-01,2023-08-31,2023-08-31,56.02,10,5,0,1,0
PRJ-1441,Railways Project 1441,Railways,CIL,1295.92,1295.92,312.16,2020-12-01,2024-03-02,2024-03-02,26.28,13,3,0,0,0
PRJ-1442,Petroleum Project 1442,Petroleum,NHPC,2846.33,3642.82,2234.32,2022-04-01,2025-01-29,2025-01-29,49.02,9,4,0,1,0
PRJ-1443,Petroleum Project 1443,Petroleum,NHAI,2919.56,3473.23,3473.23,2016-03-01,2020-06-30,2020-06-30,77.97,14,10,0,1,0
PRJ-1444,Telecommunications Project 1444,Telecommunications,NHAI,1055.95,1149.33,111.67,2022-09-01,2027-04-02,2027-04-02,9.99,8,0,0,1,0
PRJ-1445,Telecommunications Project 1445,Telecommunications,NHPC,820.64,820.64,820.64,2017-03-01,2019-04-01,2019-04-01,90.12,6,5,0,0,0
PRJ-1446,Power Project 1446,Power,NHPC,2076.09,2076.09,2031.39,2017-01-01,2019-03-03,2022-05-03,82.67,12,9,8,1,1
PRJ-1447,Civil Aviation Project 1447,Civil Aviation,PWD,1844.17,2686.94,1950.55,2023-06-01,2026-05-01,2029-05-31,68.45,11,7,1,1,1
PRJ-1448,Road Transport & Highways Project 1448,Road Transport & Highways,ONGC,234.08,234.08,65.89,2016-10-01,2021-10-01,2024-06-01,26.27,6,1,1,0,1
PRJ-1449,Power Project 1449,Power,ONGC,4379.23,4379.23,3357.0,2017-11-01,2022-11-01,2026-03-03,88.57,10,8,1,0,1
PRJ-1450,Railways Project 1450,Railways,CIL,1114.37,1702.0,729.15,2018-01-01,2023-01-01,2025-10-01,51.02,6,3,1,1,1
PRJ-1451,Telecommunications Project 1451,Telecommunications,RVNL,3102.18,3936.05,3202.3,2016-04-01,2019-01-30,2022-12-01,62.0,12,7,4,1,1
PRJ-1452,Telecommunications Project 1452,Telecommunications,NTPC,409.49,409.49,254.78,2016-07-01,2020-07-31,2021-09-30,72.14,5,3,1,0,1
PRJ-1453,Road Transport & Highways Project 1453,Road Transport & Highways,PWD,809.54,1180.65,687.33,2018-04-01,2023-07-01,2023-07-01,52.62,8,4,0,1,0
PRJ-1454,Road Transport & Highways Project 1454,Road Transport & Highways,CIL,2923.64,2923.64,1215.03,2017-08-01,2022-12-31,2022-12-31,35.36,9,3,0,0,0
PRJ-1455,Civil Aviation Project 1455,Civil Aviation,RVNL,875.71,875.71,157.58,2015-09-01,2021-04-01,2024-04-01,20.85,7,1,1,0,1
PRJ-1456,Road Transport & Highways Project 1456,Road Transport & Highways,NHPC,4912.62,5932.93,1366.17,2018-12-01,2022-10-31,2022-10-31,16.59,10,1,0,1,0
PRJ-1457,Urban Development Project 1457,Urban Development,RVNL,4080.75,4080.75,302.67,2020-03-01,2025-10-30,2025-10-30,5.11,5,0,0,0,0
PRJ-1458,Railways Project 1458,Railways,ONGC,4849.09,5826.2,2643.0,2020-09-01,2024-08-01,2025-07-02,43.15,8,3,1,1,1
PRJ-1459,Coal Project 1459,Coal,RVNL,4457.3,4457.3,486.48,2015-07-01,2018-01-29,2019-03-01,7.31,12,0,0,0,1
PRJ-1460,Petroleum Project 1460,Petroleum,PWD,1497.96,2083.19,1220.17,2016-07-01,2020-09-30,2020-09-30,44.88,5,2,0,1,0
PRJ-1461,Urban Development Project 1461,Urban Development,ONGC,780.44,780.44,602.17,2016-06-01,2020-01-31,2021-03-02,52.79,15,7,6,1,1
PRJ-1462,Road Transport & Highways Project 1462,Road Transport & Highways,ONGC,3550.82,3550.82,236.23,2015-10-01,2019-08-31,2019-08-31,7.91,11,0,0,0,0
PRJ-1463,Telecommunications Project 1463,Telecommunications,PWD,1937.55,1937.55,536.29,2022-10-01,2028-05-01,2028-05-01,32.74,10,3,0,0,0
PRJ-1464,Water Resources Project 1464,Water Resources,CIL,2212.08,2622.1,1104.32,2019-08-01,2023-10-31,2024-03-31,48.16,13,6,1,1,1
PRJ-1465,Railways Project 1465,Railways,RVNL,337.84,524.09,475.12,2016-08-01,2020-08-31,2021-05-02,76.33,12,9,3,1,1
PRJ-1466,Urban Development Project 1466,Urban Development,NHAI,2790.21,2790.21,2766.0,2022-02-01,2024-11-01,2024-11-01,78.11,6,4,0,1,0
PRJ-1467,Water Resources Project 1467,Water Resources,NHAI,2397.76,2573.63,1145.62,2022-12-01,2026-01-30,2026-08-01,45.77,9,4,3,1,1
PRJ-1468,Civil Aviation Project 1468,Civil Aviation,CIL,2536.36,3222.04,461.6,2015-10-01,2019-12-31,2023-01-30,15.28,13,1,1,1,1
PRJ-1469,Telecommunications Project 1469,Telecommunications,AAI,3561.53,3561.53,1668.18,2023-01-01,2026-10-01,2030-07-02,49.66,8,3,3,0,1
PRJ-1470,Urban Development Project 1470,Urban Development,NTPC,4139.54,4139.54,1803.51,2021-07-01,2025-09-30,2025-09-30,44.55,6,2,0,0,0
PRJ-1471,Water Resources Project 1471,Water Resources,RVNL,2694.39,2694.39,2073.43,2015-01-01,2018-06-02,2020-12-01,67.95,6,4,3,0,1
PRJ-1472,Water Resources Project 1472,Water Resources,NHAI,3812.22,3812.22,441.23,2022-02-01,2025-06-02,2029-01-31,9.55,9,0,0,0,1
PRJ-1473,Petroleum Project 1473,Petroleum,RVNL,4129.66,4129.66,3636.76,2019-10-01,2021-09-30,2025-07-01,67.99,6,4,3,1,1
PRJ-1474,Power Project 1474,Power,NHAI,1389.28,1389.28,141.7,2022-07-01,2027-08-31,2027-08-31,8.41,12,1,0,0,0
PRJ-1475,Petroleum Project 1475,Petroleum,RVNL,1113.52,1113.52,1016.59,2021-10-01,2026-08-31,2026-08-31,66.66,6,3,0,1,0
PRJ-1476,Urban Development Project 1476,Urban Development,AAI,4783.94,6299.14,6299.14,2019-04-01,2022-05-31,2022-05-31,90.73,10,9,0,1,0
PRJ-1477,Urban Development Project 1477,Urban Development,NTPC,1173.04,1173.04,731.5,2019-10-01,2024-09-30,2024-09-30,51.38,14,7,0,1,0
PRJ-1478,Telecommunications Project 1478,Telecommunications,NHAI,474.93,474.93,193.81,2017-01-01,2020-02-01,2020-02-01,28.77,13,3,0,1,0
PRJ-1479,Telecommunications Project 1479,Telecommunications,NTPC,662.6,662.6,662.6,2015-11-01,2021-05-02,2021-05-02,80.69,6,4,0,1,0
PRJ-1480,Civil Aviation Project 1480,Civil Aviation,RVNL,1290.77,1290.77,1124.3,2023-10-01,2028-01-30,2028-01-30,72.58,6,4,0,1,0
PRJ-1481,Railways Project 1481,Railways,PWD,4818.22,4818.22,3184.54,2019-11-01,2024-07-01,2025-01-30,53.38,13,6,4,1,1
PRJ-1482,Coal Project 1482,Coal,CIL,2745.25,3064.07,3064.07,2023-09-01,2029-08-01,2029-08-01,90.21,14,12,0,1,0
PRJ-1483,Telecommunications Project 1483,Telecommunications,NHPC,2272.69,2602.04,1994.14,2015-07-01,2019-12-30,2023-09-30,78.07,6,4,2,1,1
PRJ-1484,Petroleum Project 1484,Petroleum,AAI,2882.63,3666.06,3429.99,2017-09-01,2022-04-02,2022-04-02,73.81,14,10,0,1,0
PRJ-1485,Coal Project 1485,Coal,NTPC,3059.52,3059.52,2391.45,2021-10-01,2027-04-02,2027-04-02,86.34,12,10,0,0,0
PRJ-1486,Road Transport & Highways Project 1486,Road Transport & Highways,CIL,359.2,359.2,243.86,2016-10-01,2020-12-31,2023-07-02,69.2,5,3,2,0,1
PRJ-1487,Civil Aviation Project 1487,Civil Aviation,ONGC,1008.59,1554.81,1243.74,2020-12-01,2024-12-01,2027-08-02,67.18,14,9,7,1,1
PRJ-1488,Power Project 1488,Power,CIL,3253.99,3253.99,3253.99,2019-10-01,2023-10-01,2025-04-01,88.36,9,7,5,1,1
PRJ-1489,Urban Development Project 1489,Urban Development,NHAI,1438.38,1438.38,297.97,2017-09-01,2021-06-01,2022-06-02,18.65,7,1,1,0,1
PRJ-1490,Petroleum Project 1490,Petroleum,AAI,1484.8,1484.8,110.34,2018-05-01,2023-03-01,2027-01-30,5.03,13,0,0,0,1
PRJ-1491,Petroleum Project 1491,Petroleum,NHAI,4419.62,5269.04,3789.65,2023-08-01,2028-09-30,2028-09-30,48.16,11,5,0,1,0
PRJ-1492,Road Transport & Highways Project 1492,Road Transport & Highways,RVNL,582.53,931.63,201.71,2018-06-01,2023-12-01,2023-12-01,15.17,14,2,0,1,0
PRJ-1493,Power Project 1493,Power,ONGC,3616.46,4221.64,4200.52,2020-03-01,2023-06-01,2024-12-30,69.77,10,6,5,1,1
PRJ-1494,Civil Aviation Project 1494,Civil Aviation,RVNL,2092.95,2092.95,2046.06,2020-05-01,2026-05-01,2027-05-01,68.03,9,6,1,1,1
PRJ-1495,Railways Project 1495,Railways,AAI,1691.74,1956.14,497.44,2021-07-01,2023-10-31,2023-10-31,31.02,12,3,0,1,0
PRJ-1496,Railways Project 1496,Railways,NTPC,3545.94,3545.94,2373.13,2015-09-01,2020-07-01,2020-07-01,56.59,5,2,0,1,0
PRJ-1497,Urban Development Project 1497,Urban Development,PWD,4191.64,5027.14,2457.22,2016-04-01,2019-12-01,2019-12-01,44.86,11,4,0,1,0
PRJ-1498,Urban Development Project 1498,Urban Development,CIL,2797.69,2797.69,2039.07,2018-12-01,2023-12-31,2027-07-02,53.46,13,6,4,1,1
PRJ-1499,Coal Project 1499,Coal,AAI,2901.02,2901.02,2478.28,2019-06-01,2024-11-30,2025-09-30,83.01,14,11,3,0,1
PRJ-1500,Power Project 1500,Power,NHAI,4247.37,4247.37,3904.12,2021-12-01,2024-01-31,2024-08-31,94.52,12,11,2,0,1
PRJ-1501,Urban Development Project 1501,Urban Development,NHAI,1251.29,1251.29,1081.91,2021-04-01,2025-06-01,2027-10-31,72.74,15,10,3,1,1
PRJ-1502,Railways Project 1502,Railways,CIL,1739.12,1739.12,547.79,2015-10-01,2021-03-01,2021-03-01,39.11,9,3,0,0,0
PRJ-1503,Power Project 1503,Power,CIL,2722.21,2722.21,577.44,2021-07-01,2027-01-30,2027-01-30,21.1,13,2,0,0,0
PRJ-1504,Urban Development Project 1504,Urban Development,AAI,2562.89,3803.45,880.85,2019-06-01,2023-08-31,2023-08-31,28.59,12,3,0,1,0
PRJ-1505,Telecommunications Project 1505,Telecommunications,NHPC,2756.96,3578.1,3578.1,2018-04-01,2022-11-30,2022-11-30,90.77,5,4,0,1,0
PRJ-1506,Urban Development Project 1506,Urban Development,NTPC,1326.21,1326.21,405.5,2021-03-01,2026-07-01,2028-11-29,28.23,10,2,2,0,1
PRJ-1507,Road Transport & Highways Project 1507,Road Transport & Highways,RVNL,2072.98,2870.11,615.42,2021-03-01,2024-01-30,2025-01-29,25.6,9,2,1,1,1
PRJ-1508,Telecommunications Project 1508,Telecommunications,AAI,4827.02,4827.02,3148.05,2017-06-01,2022-08-31,2022-12-31,64.1,6,3,1,0,1
PRJ-1509,Power Project 1509,Power,CIL,3589.33,4504.18,4504.18,2019-09-01,2024-06-01,2024-06-01,92.52,5,4,0,1,0
PRJ-1510,Road Transport & Highways Project 1510,Road Transport & Highways,NHAI,675.49,675.49,675.49,2022-09-01,2025-05-02,2025-12-31,93.38,7,6,5,0,1
PRJ-1511,Water Resources Project 1511,Water Resources,PWD,4664.02,4664.02,4104.9,2017-12-01,2022-01-31,2022-01-31,88.79,7,6,0,0,0
PRJ-1512,Urban Development Project 1512,Urban Development,RVNL,864.28,985.75,224.62,2022-06-01,2025-07-31,2029-07-01,23.35,14,3,3,1,1
PRJ-1513,Urban Development Project 1513,Urban Development,NHAI,2386.84,2386.84,1724.94,2019-09-01,2022-08-01,2023-06-01,78.71,15,11,9,0,1
PRJ-1514,Petroleum Project 1514,Petroleum,NHPC,4411.45,4411.45,4411.45,2015-01-01,2020-08-01,2020-08-01,72.72,9,6,0,1,0
PRJ-1515,Coal Project 1515,Coal,NHPC,1533.25,1533.25,1533.25,2016-02-01,2018-10-02,2018-10-02,71.58,7,5,0,1,0
PRJ-1516,Telecommunications Project 1516,Telecommunications,CIL,3883.29,3883.29,3883.29,2016-08-01,2020-11-30,2020-11-30,71.28,11,7,0,1,0
PRJ-1517,Petroleum Project 1517,Petroleum,ONGC,3372.82,3372.82,2042.24,2017-01-01,2020-01-01,2020-01-01,66.07,13,8,0,0,0
PRJ-1518,Civil Aviation Project 1518,Civil Aviation,AAI,3472.65,3472.65,3121.18,2015-11-01,2020-08-31,2021-04-01,85.8,14,12,7,0,1
PRJ-1519,Petroleum Project 1519,Petroleum,NHAI,1386.41,1386.41,333.83,2018-06-01,2024-03-31,2024-03-31,22.49,7,1,0,0,0
PRJ-1520,Coal Project 1520,Coal,ONGC,1755.47,2138.29,253.91,2016-09-01,2019-01-01,2019-01-01,8.22,11,0,0,1,0
PRJ-1521,Telecommunications Project 1521,Telecommunications,PWD,2600.01,2600.01,314.74,2017-05-01,2020-08-30,2024-05-31,11.03,10,1,1,0,1
PRJ-1522,Coal Project 1522,Coal,AAI,409.41,409.41,409.41,2016-08-01,2021-10-01,2021-10-01,78.75,12,9,0,1,0
PRJ-1523,Civil Aviation Project 1523,Civil Aviation,RVNL,225.51,225.51,223.97,2020-04-01,2025-08-31,2025-08-31,73.01,7,5,0,1,0
PRJ-1524,Civil Aviation Project 1524,Civil Aviation,PWD,4807.67,4807.67,1584.13,2021-10-01,2026-10-01,2026-10-01,27.99,14,3,0,0,0
PRJ-1525,Civil Aviation Project 1525,Civil Aviation,NTPC,4441.28,4441.28,2653.2,2020-08-01,2025-08-31,2025-08-31,58.9,12,7,0,0,0
PRJ-1526,Railways Project 1526,Railways,CIL,4222.77,4222.77,1131.87,2016-12-01,2022-01-31,2022-01-31,27.84,11,3,0,0,0
PRJ-1527,Coal Project 1527,Coal,NTPC,1448.83,1448.83,1448.83,2022-03-01,2026-11-30,2030-03-01,79.85,6,4,2,1,1
PRJ-1528,Railways Project 1528,Railways,PWD,295.91,295.91,80.26,2018-03-01,2022-11-30,2022-11-30,19.14,5,0,0,0,0
PRJ-1529,Civil Aviation Project 1529,Civil Aviation,ONGC,963.75,1444.58,88.02,2015-01-01,2017-05-02,2017-05-02,6.34,11,0,0,1,0
PRJ-1530,Telecommunications Project 1530,Telecommunications,AAI,1990.1,2122.22,2085.91,2023-11-01,2028-05-01,2028-05-01,80.71,6,4,0,1,0
PRJ-1531,Road Transport & Highways Project 1531,Road Transport & Highways,RVNL,4116.47,5191.05,584.78,2018-09-01,2022-03-02,2022-03-02,13.36,15,2,0,1,0
PRJ-1532,Petroleum Project 1532,Petroleum,RVNL,3009.72,3009.72,2265.24,2023-11-01,2026-07-02,2028-05-01,75.76,11,8,6,0,1
PRJ-1533,Railways Project 1533,Railways,NHAI,167.7,167.7,167.7,2021-03-01,2023-03-01,2024-10-30,94.51,10,9,7,0,1
PRJ-1534,Telecommunications Project 1534,Telecommunications,RVNL,1757.33,1757.33,177.36,2021-07-01,2024-11-30,2025-03-01,9.15,15,1,1,0,1
PRJ-1535,Water Resources Project 1535,Water Resources,CIL,4357.39,4357.39,4243.1,2018-05-01,2020-04-30,2020-04-30,68.37,13,8,0,1,0
PRJ-1536,Water Resources Project 1536,Water Resources,RVNL,2084.29,2084.29,1801.63,2022-01-01,2026-10-02,2026-10-02,87.47,10,8,0,0,0
PRJ-1537,Civil Aviation Project 1537,Civil Aviation,ONGC,2235.0,2235.0,632.22,2023-12-01,2028-11-30,2028-11-30,31.48,11,3,0,0,0
PRJ-1538,Power Project 1538,Power,AAI,3093.63,3093.63,1913.91,2023-09-01,2028-06-01,2028-06-01,52.52,14,7,0,0,0
PRJ-1539,Railways Project 1539,Railways,PWD,2716.32,2716.32,2293.58,2016-06-01,2018-07-02,2021-10-31,62.68,11,6,2,1,1
PRJ-1540,Water Resources Project 1540,Water Resources,PWD,4242.88,4242.88,2968.76,2018-03-01,2020-03-31,2020-03-31,85.71,7,5,0,0,0
PRJ-1541,Urban Development Project 1541,Urban Development,NHPC,2354.58,2354.58,1458.1,2017-07-01,2019-07-01,2020-03-01,51.98,13,6,1,0,1
PRJ-1542,Water Resources Project 1542,Water Resources,NTPC,4712.61,4712.61,2045.84,2016-08-01,2021-03-02,2021-03-02,37.51,6,2,0,0,0
PRJ-1543,Power Project 1543,Power,PWD,1589.47,1589.47,1042.13,2023-03-01,2026-07-31,2030-07-31,75.57,14,10,7,0,1
PRJ-1544,Power Project 1544,Power,AAI,1441.41,1991.65,1107.11,2016-08-01,2018-10-31,2018-10-31,47.98,9,4,0,1,0
PRJ-1545,Water Resources Project 1545,Water Resources,CIL,4593.8,6222.09,4376.2,2015-06-01,2019-08-31,2019-08-31,66.29,7,4,0,1,0
PRJ-1546,Road Transport & Highways Project 1546,Road Transport & Highways,NTPC,762.69,762.69,303.44,2015-12-01,2018-03-01,2020-07-01,49.73,8,3,3,0,1
PRJ-1547,Water Resources Project 1547,Water Resources,AAI,1484.28,1698.64,1342.87,2022-03-01,2026-10-30,2029-12-30,79.46,14,11,6,1,1
PRJ-1548,Coal Project 1548,Coal,NHAI,433.29,433.29,396.96,2023-03-01,2025-12-29,2025-12-29,63.68,12,7,0,1,0
PRJ-1549,Petroleum Project 1549,Petroleum,RVNL,810.81,810.81,472.08,2020-01-01,2024-07-01,2026-08-01,40.05,13,5,1,1,1
PRJ-1550,Railways Project 1550,Railways,RVNL,2935.65,2935.65,2447.1,2016-11-01,2019-04-02,2021-10-01,59.94,6,3,3,1,1
PRJ-1551,Road Transport & Highways Project 1551,Road Transport & Highways,NHPC,1252.95,1252.95,802.11,2017-04-01,2019-06-01,2019-12-31,76.46,11,8,6,0,1
PRJ-1552,Road Transport & Highways Project 1552,Road Transport & Highways,NHAI,4791.36,6877.34,5559.02,2023-10-01,2027-05-01,2027-05-01,93.92,10,9,0,1,0
PRJ-1553,Coal Project 1553,Coal,ONGC,4082.03,5560.21,3185.73,2018-07-01,2022-05-01,2023-11-30,47.15,9,4,4,1,1
PRJ-1554,Railways Project 1554,Railways,AAI,4206.21,5861.03,5861.03,2022-04-01,2025-10-30,2025-10-30,69.89,6,4,0,1,0
PRJ-1555,Petroleum Project 1555,Petroleum,RVNL,322.28,365.64,345.55,2021-04-01,2026-10-31,2029-07-01,74.72,9,6,2,1,1
PRJ-1556,Water Resources Project 1556,Water Resources,PWD,1391.76,1391.76,1141.43,2017-07-01,2022-04-01,2023-11-30,79.15,13,10,7,0,1
PRJ-1557,Road Transport & Highways Project 1557,Road Transport & Highways,AAI,2321.85,2321.85,747.24,2019-05-01,2024-02-29,2024-02-29,24.71,13,3,0,0,0
PRJ-1558,Coal Project 1558,Coal,NTPC,1691.91,2633.67,2511.0,2019-07-01,2022-03-01,2022-03-01,76.8,10,7,0,1,0
PRJ-1559,Water Resources Project 1559,Water Resources,NHAI,2310.75,2310.75,576.97,2020-08-01,2025-10-31,2026-07-02,29.9,10,2,2,0,1
PRJ-1560,Power Project 1560,Power,ONGC,2888.17,2888.17,139.9,2020-06-01,2022-12-01,2026-07-02,5.88,9,0,0,0,1
PRJ-1561,Road Transport & Highways Project 1561,Road Transport & Highways,RVNL,4463.99,4891.79,921.94,2021-02-01,2026-04-03,2026-04-03,14.01,5,0,0,1,0
PRJ-1562,Power Project 1562,Power,NHPC,4056.39,4056.39,1960.48,2017-03-01,2022-07-01,2026-07-01,45.07,14,6,3,0,1
PRJ-1563,Petroleum Project 1563,Petroleum,NHPC,4115.23,4115.23,2397.34,2017-01-01,2019-06-02,2019-06-02,67.88,7,4,0,0,0
PRJ-1564,Telecommunications Project 1564,Telecommunications,NHPC,3956.93,3956.93,2166.46,2015-03-01,2019-05-01,2019-05-01,37.16,5,1,0,1,0
PRJ-1565,Railways Project 1565,Railways,NHPC,688.32,995.11,302.45,2019-08-01,2024-11-30,2024-11-30,21.48,10,2,0,1,0
PRJ-1566,Road Transport & Highways Project 1566,Road Transport & Highways,PWD,1520.22,1520.22,1001.11,2018-03-01,2022-07-31,2022-07-31,49.31,5,2,0,1,0
PRJ-1567,Water Resources Project 1567,Water Resources,NHPC,3272.98,3272.98,2935.95,2015-01-01,2019-01-31,2022-12-01,64.98,14,9,4,1,1
PRJ-1568,Coal Project 1568,Coal,NHAI,1135.83,1135.83,176.95,2017-01-01,2020-02-01,2023-01-01,15.67,14,2,2,0,1
PRJ-1569,Railways Project 1569,Railways,RVNL,2782.39,2782.39,2782.39,2020-10-01,2025-12-31,2025-12-31,86.89,13,11,0,1,0
PRJ-1570,Water Resources Project 1570,Water Resources,NHPC,3835.83,4816.23,2436.01,2020-07-01,2022-10-31,2025-04-01,56.04,12,6,5,1,1
PRJ-1571,Road Transport & Highways Project 1571,Road Transport & Highways,NHAI,2079.25,2079.25,2079.25,2015-02-01,2019-12-02,2022-07-03,87.26,12,10,5,1,1
PRJ-1572,Road Transport & Highways Project 1572,Road Transport & Highways,ONGC,4981.16,4981.16,2984.31,2018-11-01,2021-10-31,2021-10-31,67.49,9,6,0,0,0
PRJ-1573,Coal Project 1573,Coal,NHPC,4330.16,5481.75,3375.57,2017-06-01,2021-01-30,2022-03-02,46.26,15,6,3,1,1
PRJ-1574,Road Transport & Highways Project 1574,Road Transport & Highways,RVNL,2542.17,2542.17,751.56,2021-03-01,2024-08-30,2027-09-30,33.18,9,2,1,0,1
PRJ-1575,Road Transport & Highways Project 1575,Road Transport & Highways,NTPC,3358.23,3358.23,2404.6,2018-05-01,2022-01-29,2022-01-29,75.12,6,4,0,0,0
PRJ-1576,Road Transport & Highways Project 1576,Road Transport & Highways,NHAI,2920.89,2920.89,2920.89,2015-06-01,2018-08-31,2021-09-30,85.31,13,11,7,1,1
PRJ-1577,Civil Aviation Project 1577,Civil Aviation,CIL,1328.43,2054.51,285.96,2018-03-01,2023-05-31,2023-05-31,12.95,9,1,0,1,0
PRJ-1578,Water Resources Project 1578,Water Resources,PWD,1770.3,1770.3,1332.43,2023-08-01,2027-04-01,2027-04-01,55.63,7,3,0,1,0
PRJ-1579,Railways Project 1579,Railways,NTPC,3028.08,3028.08,1197.37,2015-04-01,2018-07-01,2019-08-31,43.11,5,2,1,0,1
PRJ-1580,Telecommunications Project 1580,Telecommunications,NHPC,1865.56,2221.34,2221.34,2017-01-01,2021-05-02,2023-06-02,93.5,7,6,2,1,1
PRJ-1581,Civil Aviation Project 1581,Civil Aviation,NHAI,1027.52,1027.52,814.33,2017-02-01,2020-12-02,2020-12-02,91.17,13,11,0,0,0
PRJ-1582,Railways Project 1582,Railways,PWD,3655.53,3655.53,2255.17,2016-09-01,2020-12-01,2023-01-31,55.9,10,5,5,0,1
PRJ-1583,Civil Aviation Project 1583,Civil Aviation,RVNL,3692.1,3692.1,2333.97,2022-03-01,2027-11-30,2027-11-30,56.21,11,6,0,0,0
PRJ-1584,Civil Aviation Project 1584,Civil Aviation,NHAI,3587.82,3587.82,3587.82,2022-09-01,2028-08-31,2028-08-31,74.58,14,10,0,1,0
PRJ-1585,Petroleum Project 1585,Petroleum,RVNL,2805.32,2805.32,2805.32,2022-03-01,2026-10-30,2028-08-30,89.83,5,4,1,1,1
PRJ-1586,Civil Aviation Project 1586,Civil Aviation,NTPC,965.39,965.39,158.76,2023-04-01,2028-06-30,2029-05-31,19.63,15,2,1,0,1
PRJ-1587,Power Project 1587,Power,NTPC,436.92,525.75,525.75,2017-12-01,2022-09-01,2022-09-01,93.87,6,5,0,1,0
PRJ-1588,Urban Development Project 1588,Urban Development,NHPC,2949.78,2949.78,2553.56,2015-03-01,2017-04-30,2017-04-30,68.1,5,3,0,1,0
PRJ-1589,Coal Project 1589,Coal,NTPC,1212.23,1750.84,1217.11,2017-12-01,2020-06-01,2024-06-01,49.82,8,3,1,1,1
PRJ-1590,Power Project 1590,Power,RVNL,2176.95,2176.95,976.38,2015-11-01,2018-01-30,2021-07-01,41.64,8,3,2,0,1
PRJ-1591,Telecommunications Project 1591,Telecommunications,PWD,1875.92,1875.92,300.93,2017-02-01,2022-09-02,2023-10-03,13.64,14,1,1,0,1
PRJ-1592,Urban Development Project 1592,Urban Development,RVNL,2427.93,2427.93,2033.79,2017-10-01,2023-09-01,2023-09-01,59.73,8,4,0,1,0
PRJ-1593,Railways Project 1593,Railways,NHAI,1428.8,1428.8,1409.81,2016-10-01,2020-10-01,2021-10-01,71.77,14,10,2,1,1
PRJ-1594,Petroleum Project 1594,Petroleum,RVNL,2186.03,2362.51,1392.6,2021-07-01,2025-11-30,2025-11-30,41.53,5,2,0,1,0
PRJ-1595,Urban Development Project 1595,Urban Development,ONGC,3547.07,3547.07,516.54,2021-06-01,2025-05-01,2028-08-31,12.57,9,1,1,0,1
PRJ-1596,Coal Project 1596,Coal,NHAI,2288.73,2288.73,2288.73,2018-12-01,2022-01-30,2022-01-30,93.17,10,9,0,0,0
PRJ-1597,Road Transport & Highways Project 1597,Road Transport & Highways,CIL,3289.03,3289.03,1342.51,2017-07-01,2020-03-01,2020-12-30,45.83,6,2,2,0,1
PRJ-1598,Power Project 1598,Power,CIL,1199.74,1199.74,287.61,2020-11-01,2025-10-01,2025-10-01,17.37,9,1,0,0,0
PRJ-1599,Power Project 1599,Power,RVNL,3444.01,3444.01,3148.76,2023-12-01,2028-07-01,2028-07-01,62.26,14,8,0,1,0
PRJ-1600,Railways Project 1600,Railways,AAI,865.47,1056.85,716.12,2021-05-01,2024-06-30,2026-07-01,78.86,8,6,2,1,1
PRJ-1601,Coal Project 1601,Coal,PWD,4874.43,6098.39,727.68,2018-04-01,2021-07-31,2021-07-31,10.18,5,0,0,1,0
PRJ-1602,Petroleum Project 1602,Petroleum,RVNL,531.63,531.63,506.13,2021-01-01,2024-12-01,2024-12-01,81.35,9,7,0,1,0
PRJ-1603,Water Resources Project 1603,Water Resources,PWD,3925.06,3925.06,3350.66,2022-06-01,2026-10-31,2030-10-31,67.08,9,6,6,1,1
PRJ-1604,Water Resources Project 1604,Water Resources,ONGC,1898.39,2380.38,1583.03,2021-07-01,2027-05-01,2027-05-01,47.5,13,6,0,1,0
PRJ-1605,Urban Development Project 1605,Urban Development,RVNL,2239.9,2239.9,339.0,2019-06-01,2021-07-01,2021-07-01,16.38,5,0,0,0,0
PRJ-1606,Water Resources Project 1606,Water Resources,CIL,2614.02,2614.02,611.7,2017-06-01,2021-05-01,2021-05-01,21.68,11,2,0,0,0
PRJ-1607,Coal Project 1607,Coal,PWD,1031.36,1031.36,306.04,2019-03-01,2022-05-31,2026-05-31,26.56,14,3,1,0,1
PRJ-1608,Coal Project 1608,Coal,NTPC,2016.31,2016.31,928.42,2019-11-01,2024-08-31,2024-08-31,30.73,8,2,0,1,0
PRJ-1609,Power Project 1609,Power,AAI,4110.4,5031.97,2151.03,2015-08-01,2020-07-31,2024-05-01,32.81,12,3,1,1,1
PRJ-1610,Railways Project 1610,Railways,NHAI,295.44,295.44,239.85,2023-06-01,2026-03-31,2027-01-30,70.78,6,4,3,1,1
PRJ-1611,Civil Aviation Project 1611,Civil Aviation,PWD,598.03,598.03,164.69,2020-11-01,2024-04-02,2024-04-02,30.28,7,2,0,0,0
PRJ-1612,Urban Development Project 1612,Urban Development,PWD,1409.84,1409.84,1142.25,2015-02-01,2019-09-02,2020-10-01,63.54,15,9,1,1,1
PRJ-1613,Civil Aviation Project 1613,Civil Aviation,AAI,4013.67,4013.67,3024.11,2022-08-01,2026-11-30,2029-06-01,78.83,11,8,6,0,1
PRJ-1614,Urban Development Project 1614,Urban Development,ONGC,1095.65,1318.35,192.37,2020-03-01,2024-06-30,2024-06-30,10.58,6,0,0,1,0
PRJ-1615,Road Transport & Highways Project 1615,Road Transport & Highways,NHPC,1728.6,1728.6,1335.14,2017-08-01,2023-03-02,2024-01-31,93.57,6,5,3,0,1
PRJ-1616,Power Project 1616,Power,NHPC,2396.11,2396.11,592.9,2019-04-01,2024-03-31,2024-03-31,22.54,6,1,0,0,0
PRJ-1617,Petroleum Project 1617,Petroleum,AAI,2716.07,2716.07,520.7,2015-04-01,2017-10-30,2021-05-01,12.82,10,1,1,0,1
PRJ-1618,Power Project 1618,Power,AAI,1003.65,1003.65,551.77,2022-04-01,2026-01-30,2028-03-31,59.08,14,8,6,0,1
PRJ-1619,Petroleum Project 1619,Petroleum,ONGC,869.54,1244.55,934.56,2018-09-01,2023-11-01,2023-11-01,78.32,5,3,0,1,0
PRJ-1620,Coal Project 1620,Coal,NHPC,4286.39,4286.39,4286.39,2018-06-01,2021-07-31,2024-01-30,79.55,11,8,2,1,1
PRJ-1621,Civil Aviation Project 1621,Civil Aviation,NHPC,4864.17,4864.17,537.69,2022-01-01,2026-09-01,2030-01-31,13.25,12,1,1,0,1
PRJ-1622,Civil Aviation Project 1622,Civil Aviation,NTPC,4174.36,4471.64,248.77,2021-02-01,2024-12-02,2024-12-02,6.27,13,0,0,1,0
PRJ-1623,Petroleum Project 1623,Petroleum,NTPC,3574.52,3574.52,2392.33,2021-12-01,2027-12-01,2029-07-02,49.37,11,5,4,1,1
PRJ-1624,Petroleum Project 1624,Petroleum,NHPC,2296.69,2594.87,2594.87,2017-03-01,2019-12-30,2019-12-30,93.17,13,12,0,1,0
PRJ-1625,Road Transport & Highways Project 1625,Road Transport & Highways,RVNL,3808.75,6088.01,3286.42,2017-12-01,2023-06-02,2023-06-02,36.15,15,5,0,1,0
PRJ-1626,Power Project 1626,Power,NTPC,3711.12,3711.12,349.26,2020-04-01,2024-03-01,2024-03-01,10.14,11,1,0,0,0
PRJ-1627,Petroleum Project 1627,Petroleum,PWD,4342.79,6602.33,848.98,2021-11-01,2026-06-02,2027-12-02,15.33,5,0,0,1,1
PRJ-1628,Telecommunications Project 1628,Telecommunications,NHPC,1261.21,1261.21,362.26,2023-06-01,2026-03-01,2029-11-30,32.44,6,1,1,0,1
PRJ-1629,Urban Development Project 1629,Urban Development,NTPC,2096.27,3105.62,1931.69,2022-11-01,2026-10-01,2028-08-31,64.76,9,5,4,1,1
PRJ-1630,Road Transport & Highways Project 1630,Road Transport & Highways,NHPC,1694.34,1694.34,1694.34,2016-06-01,2018-10-31,2020-07-01,76.94,6,4,1,1,1
PRJ-1631,Water Resources Project 1631,Water Resources,NHPC,2227.09,3481.7,600.49,2018-10-01,2022-06-01,2022-06-01,13.22,12,1,0,1,0
PRJ-1632,Water Resources Project 1632,Water Resources,NTPC,441.96,441.96,280.2,2017-07-01,2020-04-30,2020-04-30,78.01,6,4,0,0,0
PRJ-1633,Telecommunications Project 1633,Telecommunications,RVNL,809.38,809.38,127.26,2018-10-01,2021-12-31,2021-12-31,18.47,11,2,0,0,0
PRJ-1634,Urban Development Project 1634,Urban Development,PWD,2730.1,2730.1,1356.9,2023-08-01,2026-08-31,2029-03-01,41.54,12,4,4,0,1
PRJ-1635,Petroleum Project 1635,Petroleum,RVNL,4019.77,4019.77,964.29,2021-11-01,2027-11-01,2029-11-01,21.68,14,3,3,0,1
PRJ-1636,Civil Aviation Project 1636,Civil Aviation,PWD,3296.43,3296.43,1082.45,2018-11-01,2024-06-01,2024-06-01,26.35,9,2,0,0,0
PRJ-1637,Petroleum Project 1637,Petroleum,RVNL,3072.7,3072.7,1230.18,2015-09-01,2021-04-01,2021-04-01,39.4,14,5,0,0,0
PRJ-1638,Water Resources Project 1638,Water Resources,NTPC,1280.9,1456.64,880.23,2015-06-01,2019-12-31,2019-12-31,57.75,9,5,0,1,0
PRJ-1639,Coal Project 1639,Coal,PWD,4027.77,4244.42,361.79,2023-08-01,2027-08-31,2030-09-30,9.49,15,1,1,1,1
PRJ-1640,Telecommunications Project 1640,Telecommunications,AAI,1594.06,1594.06,737.54,2016-07-01,2019-07-01,2021-07-31,45.51,11,5,1,0,1
PRJ-1641,Coal Project 1641,Coal,NHPC,310.18,310.18,147.05,2022-04-01,2024-05-31,2024-05-31,36.77,11,4,0,1,0
PRJ-1642,Coal Project 1642,Coal,AAI,3139.82,3139.82,1231.33,2020-03-01,2025-03-01,2025-03-01,44.72,8,3,0,0,0
PRJ-1643,Water Resources Project 1643,Water Resources,ONGC,390.3,390.3,147.59,2020-06-01,2022-12-31,2024-01-31,46.94,12,5,4,0,1
PRJ-1644,Petroleum Project 1644,Petroleum,AAI,1603.59,1603.59,1603.59,2023-10-01,2028-08-30,2028-08-30,81.8,10,8,0,1,0
PRJ-1645,Urban Development Project 1645,Urban Development,NHPC,4624.63,4624.63,2058.7,2020-05-01,2023-10-31,2023-10-31,44.12,9,3,0,0,0
PRJ-1646,Coal Project 1646,Coal,RVNL,3989.78,4455.47,3063.13,2018-10-01,2021-12-31,2021-12-31,56.24,9,5,0,1,0
PRJ-1647,Coal Project 1647,Coal,PWD,1532.68,1532.68,487.62,2015-09-01,2021-08-31,2021-08-31,29.27,15,4,0,0,0
PRJ-1648,Civil Aviation Project 1648,Civil Aviation,NTPC,858.61,1056.52,553.52,2022-12-01,2025-12-31,2025-12-31,42.81,15,6,0,1,0
PRJ-1649,Civil Aviation Project 1649,Civil Aviation,CIL,633.83,1002.74,1002.74,2022-03-01,2024-05-30,2024-05-30,94.79,6,5,0,1,0
PRJ-1650,Telecommunications Project 1650,Telecommunications,NHAI,2472.81,3754.7,1364.25,2021-06-01,2025-03-01,2025-03-01,36.3,14,5,0,1,0
PRJ-1651,Power Project 1651,Power,NTPC,330.87,402.33,314.03,2021-02-01,2023-11-02,2023-11-02,56.0,8,4,0,1,0
PRJ-1652,Road Transport & Highways Project 1652,Road Transport & Highways,NHAI,835.96,835.96,277.12,2016-04-01,2022-01-30,2022-01-30,37.02,10,3,0,0,0
PRJ-1653,Urban Development Project 1653,Urban Development,NHPC,2714.51,2714.51,725.46,2022-01-01,2026-12-01,2026-12-01,22.13,6,1,0,0,0
PRJ-1654,Petroleum Project 1654,Petroleum,RVNL,1416.29,1416.29,442.77,2020-07-01,2024-07-01,2025-01-30,31.85,8,2,2,0,1
PRJ-1655,Road Transport & Highways Project 1655,Road Transport & Highways,ONGC,1588.62,2392.22,582.49,2017-01-01,2020-04-02,2022-12-02,19.18,9,1,1,1,1
PRJ-1656,Coal Project 1656,Coal,AAI,1158.37,1408.22,1184.4,2021-09-01,2027-08-02,2027-08-02,64.7,15,9,0,1,0
PRJ-1657,Urban Development Project 1657,Urban Development,NHAI,308.45,308.45,308.45,2017-10-01,2021-03-02,2024-07-01,93.97,5,4,2,0,1
PRJ-1658,Railways Project 1658,Railways,PWD,2275.05,2971.67,538.97,2018-06-01,2020-08-30,2023-10-01,21.95,10,2,1,1,1
PRJ-1659,Power Project 1659,Power,NTPC,4103.07,4103.07,1331.64,2017-08-01,2023-08-01,2024-08-31,30.23,8,2,1,0,1
PRJ-1660,Power Project 1660,Power,NTPC,3174.5,3571.19,660.07,2016-04-01,2019-05-02,2019-05-02,17.1,8,1,0,1,0
PRJ-1661,Road Transport & Highways Project 1661,Road Transport & Highways,ONGC,1106.75,1106.75,649.84,2016-11-01,2021-01-31,2021-01-31,44.69,10,4,0,1,0
PRJ-1662,Road Transport & Highways Project 1662,Road Transport & Highways,PWD,4301.13,5647.87,4484.71,2020-04-01,2026-03-02,2027-11-01,59.9,15,8,6,1,1
PRJ-1663,Petroleum Project 1663,Petroleum,NHAI,529.47,529.47,529.47,2023-05-01,2027-11-30,2028-03-30,86.92,8,6,3,1,1
PRJ-1664,Power Project 1664,Power,NHAI,766.22,833.23,833.23,2015-02-01,2019-07-03,2019-07-03,92.5,7,6,0,1,0
PRJ-1665,Power Project 1665,Power,CIL,402.78,402.78,253.86,2021-05-01,2026-10-31,2026-10-31,44.54,12,5,0,1,0
PRJ-1666,Railways Project 1666,Railways,PWD,3264.64,3264.64,1087.14,2016-10-01,2021-12-01,2021-12-01,33.9,7,2,0,0,0
PRJ-1667,Coal Project 1667,Coal,NHAI,2023.64,2023.64,727.09,2022-03-01,2027-09-30,2027-09-30,25.47,7,1,0,1,0
PRJ-1668,Water Resources Project 1668,Water Resources,RVNL,1022.41,1096.08,1096.08,2020-07-01,2024-07-31,2024-07-31,91.02,9,8,0,1,0
PRJ-1669,Coal Project 1669,Coal,NTPC,4743.7,4743.7,3253.02,2016-03-01,2018-08-31,2019-05-01,61.45,5,3,1,0,1
PRJ-1670,Civil Aviation Project 1670,Civil Aviation,PWD,4835.15,6930.17,6930.17,2015-11-01,2018-03-02,2018-03-02,93.43,5,4,0,1,0
PRJ-1671,Telecommunications Project 1671,Telecommunications,CIL,3513.89,3513.89,3513.89,2020-02-01,2025-03-02,2025-03-02,88.93,14,12,0,1,0
PRJ-1672,Coal Project 1672,Coal,NHPC,1014.28,1559.11,1318.2,2017-03-01,2019-11-30,2019-11-30,73.79,11,8,0,1,0
PRJ-1673,Coal Project 1673,Coal,ONGC,1218.51,1218.51,252.91,2019-03-01,2021-11-29,2023-01-29,19.72,11,2,2,0,1
PRJ-1674,Coal Project 1674,Coal,AAI,4272.49,4945.04,4524.99,2018-04-01,2021-09-30,2024-05-01,71.23,5,3,2,1,1
PRJ-1675,Civil Aviation Project 1675,Civil Aviation,PWD,2616.59,2616.59,899.88,2015-03-01,2017-02-28,2017-02-28,34.75,14,4,0,0,0
PRJ-1676,Urban Development Project 1676,Urban Development,NHPC,496.15,496.15,222.57,2022-08-01,2025-11-30,2025-11-30,33.19,7,2,0,1,0
PRJ-1677,Urban Development Project 1677,Urban Development,AAI,3228.11,5071.99,3046.67,2018-05-01,2021-03-31,2021-03-31,58.8,12,7,0,1,0
PRJ-1678,Telecommunications Project 1678,Telecommunications,NHPC,4004.73,4995.02,1027.35,2021-06-01,2026-04-01,2029-08-31,18.82,7,1,1,1,1
PRJ-1679,Water Resources Project 1679,Water Resources,NTPC,881.91,960.61,960.61,2021-04-01,2023-06-01,2025-05-01,88.17,10,8,7,1,1
PRJ-1680,Petroleum Project 1680,Petroleum,AAI,1335.16,1335.16,1305.73,2017-10-01,2023-08-01,2024-09-30,78.11,5,3,2,1,1
PRJ-1681,Urban Development Project 1681,Urban Development,RVNL,1775.84,2367.03,1773.16,2016-04-01,2019-05-02,2019-05-02,63.17,8,5,0,1,0
PRJ-1682,Civil Aviation Project 1682,Civil Aviation,NHAI,361.51,361.51,282.51,2017-02-01,2022-07-03,2023-07-03,81.65,6,4,2,0,1
PRJ-1683,Railways Project 1683,Railways,NHPC,3783.54,3783.54,2894.58,2020-09-01,2023-06-02,2023-06-02,87.05,13,11,0,0,0
PRJ-1684,Urban Development Project 1684,Urban Development,PWD,4958.45,5229.38,3380.21,2020-05-01,2025-03-31,2025-03-31,73.72,11,8,0,1,0
PRJ-1685,Coal Project 1685,Coal,CIL,3787.87,3787.87,2062.88,2021-03-01,2026-03-01,2026-03-01,65.63,12,7,0,0,0
PRJ-1686,Telecommunications Project 1686,Telecommunications,PWD,1336.08,1643.39,1255.58,2021-05-01,2025-05-31,2025-05-31,71.31,6,4,0,1,0
PRJ-1687,Urban Development Project 1687,Urban Development,NTPC,1205.9,1205.9,163.2,2021-03-01,2024-01-30,2025-03-31,15.06,5,0,0,0,1
PRJ-1688,Coal Project 1688,Coal,RVNL,370.54,440.61,160.05,2019-12-01,2024-07-01,2024-07-01,24.53,14,3,0,1,0
PRJ-1689,Railways Project 1689,Railways,RVNL,2434.64,2434.64,610.11,2019-10-01,2025-05-31,2025-05-31,18.81,15,2,0,0,0
PRJ-1690,Power Project 1690,Power,ONGC,687.83,687.83,98.43,2021-07-01,2023-08-01,2023-08-01,10.13,7,0,0,0,0
PRJ-1691,Road Transport & Highways Project 1691,Road Transport & Highways,NHAI,176.11,176.11,149.97,2018-09-01,2022-10-01,2023-07-02,72.32,5,3,2,1,1
PRJ-1692,Road Transport & Highways Project 1692,Road Transport & Highways,NHPC,4076.62,6267.65,6267.65,2015-06-01,2020-04-30,2020-04-30,85.92,11,9,0,1,0
PRJ-1693,Power Project 1693,Power,NHAI,439.26,439.26,272.37,2022-07-01,2025-09-30,2025-09-30,67.78,7,4,0,0,0
PRJ-1694,Civil Aviation Project 1694,Civil Aviation,ONGC,4427.77,4427.77,4427.77,2018-04-01,2022-09-30,2023-06-01,85.37,13,11,6,1,1
PRJ-1695,Railways Project 1695,Railways,AAI,1008.61,1008.61,326.7,2016-01-01,2018-05-02,2022-01-31,27.3,13,3,1,0,1
PRJ-1696,Petroleum Project 1696,Petroleum,ONGC,3626.95,5150.87,5150.87,2018-06-01,2021-05-01,2021-05-01,81.42,14,11,0,1,0
PRJ-1697,Railways Project 1697,Railways,PWD,1728.03,1728.03,1588.99,2021-08-01,2026-03-02,2029-10-31,71.27,5,3,2,1,1
PRJ-1698,Water Resources Project 1698,Water Resources,NTPC,180.43,180.43,83.92,2019-04-01,2021-07-31,2021-07-31,53.44,12,6,0,0,0
PRJ-1699,Telecommunications Project 1699,Telecommunications,AAI,716.38,716.38,506.33,2021-10-01,2026-08-01,2026-08-01,67.53,13,8,0,0,0
PRJ-1700,Coal Project 1700,Coal,NHPC,3354.59,4768.74,4768.74,2017-12-01,2021-12-31,2025-12-01,94.16,11,10,9,1,1
PRJ-1701,Urban Development Project 1701,Urban Development,NTPC,3116.43,3116.43,2226.21,2022-04-01,2025-10-30,2025-10-30,79.65,14,11,0,0,0
PRJ-1702,Power Project 1702,Power,NHPC,1731.83,1731.83,1404.21,2015-08-01,2021-07-01,2022-06-01,65.4,14,9,1,1,1
PRJ-1703,Telecommunications Project 1703,Telecommunications,CIL,3192.9,4436.66,2850.87,2019-02-01,2025-01-31,2028-08-02,43.07,11,4,4,1,1
PRJ-1704,Road Transport & Highways Project 1704,Road Transport & Highways,NHAI,2833.24,2833.24,1179.46,2019-09-01,2023-07-02,2023-07-02,32.63,14,4,0,0,0
PRJ-1705,Coal Project 1705,Coal,AAI,1487.63,1487.63,408.83,2023-05-01,2025-11-29,2027-05-31,22.42,9,2,2,0,1
PRJ-1706,Civil Aviation Project 1706,Civil Aviation,NHPC,1150.35,1150.35,719.09,2021-05-01,2026-05-31,2026-05-31,53.28,9,4,0,0,0
PRJ-1707,Coal Project 1707,Coal,NHPC,197.9,197.9,148.48,2021-01-01,2024-09-01,2024-09-01,64.66,6,3,0,1,0
PRJ-1708,Road Transport & Highways Project 1708,Road Transport & Highways,NTPC,2082.59,2082.59,191.66,2023-10-01,2025-12-30,2029-01-30,8.52,7,0,0,0,1
PRJ-1709,Coal Project 1709,Coal,CIL,1889.06,2213.58,1435.68,2023-04-01,2028-09-30,2028-09-30,55.07,10,5,0,1,0
PRJ-1710,Telecommunications Project 1710,Telecommunications,CIL,3383.77,3383.77,1083.84,2022-05-01,2028-03-31,2028-03-31,26.33,13,3,0,0,0
PRJ-1711,Water Resources Project 1711,Water Resources,AAI,4923.6,5574.29,5574.29,2015-01-01,2016-12-31,2020-10-31,91.41,10,9,7,1,1
PRJ-1712,Urban Development Project 1712,Urban Development,RVNL,3022.04,3022.04,2219.39,2015-06-01,2019-06-01,2022-07-31,58.68,9,5,5,1,1
PRJ-1713,Petroleum Project 1713,Petroleum,PWD,4896.93,4896.93,4224.03,2022-10-01,2024-12-30,2024-12-30,85.75,12,10,0,0,0
PRJ-1714,Road Transport & Highways Project 1714,Road Transport & Highways,RVNL,2724.47,4176.62,2654.43,2018-07-01,2022-05-31,2022-05-31,77.33,6,4,0,1,0
PRJ-1715,Road Transport & Highways Project 1715,Road Transport & Highways,ONGC,1466.21,2305.37,779.44,2015-07-01,2019-12-30,2021-12-30,27.69,11,3,3,1,1
PRJ-1716,Urban Development Project 1716,Urban Development,NHPC,949.45,949.45,500.32,2017-02-01,2020-10-02,2020-10-02,39.0,14,5,0,1,0
PRJ-1717,Urban Development Project 1717,Urban Development,PWD,814.1,814.1,560.62,2017-02-01,2022-04-03,2023-10-03,74.13,8,5,3,0,1
PRJ-1718,Telecommunications Project 1718,Telecommunications,NHAI,1404.31,2170.25,702.83,2020-06-01,2025-08-01,2028-01-31,32.32,10,3,1,1,1
PRJ-1719,Railways Project 1719,Railways,ONGC,2741.73,3616.35,400.83,2020-12-01,2024-10-01,2025-10-31,12.37,14,1,1,1,1
PRJ-1720,Road Transport & Highways Project 1720,Road Transport & Highways,ONGC,2062.77,2062.77,2062.77,2016-12-01,2021-06-01,2024-12-31,90.19,7,6,6,0,1
PRJ-1721,Telecommunications Project 1721,Telecommunications,PWD,911.71,911.71,573.8,2018-10-01,2022-08-01,2022-08-01,53.25,15,7,0,0,0
PRJ-1722,Water Resources Project 1722,Water Resources,NHPC,979.2,979.2,405.98,2020-03-01,2025-11-30,2025-11-30,32.47,6,1,0,0,0
PRJ-1723,Urban Development Project 1723,Urban Development,RVNL,4890.87,6125.98,651.39,2020-01-01,2024-10-01,2024-10-01,12.56,5,0,0,1,0
PRJ-1724,Water Resources Project 1724,Water Resources,CIL,3056.54,3972.77,1116.21,2020-11-01,2023-12-02,2024-12-01,29.23,9,2,2,1,1
PRJ-1725,Civil Aviation Project 1725,Civil Aviation,CIL,693.85,693.85,338.68,2019-12-01,2024-11-30,2024-11-30,46.51,9,4,0,0,0
PRJ-1726,Coal Project 1726,Coal,ONGC,327.74,436.16,31.58,2023-04-01,2027-06-01,2027-12-31,7.73,8,0,0,1,1
PRJ-1727,Petroleum Project 1727,Petroleum,NTPC,2221.55,2912.32,1428.03,2023-02-01,2026-12-02,2026-12-02,53.15,12,6,0,1,0
PRJ-1728,Civil Aviation Project 1728,Civil Aviation,PWD,1102.05,1493.46,411.82,2020-03-01,2022-09-30,2024-07-31,21.56,11,2,2,1,1
PRJ-1729,Petroleum Project 1729,Petroleum,NHPC,3685.35,3685.35,3309.13,2016-09-01,2021-09-01,2021-09-01,77.52,10,7,0,1,0
PRJ-1730,Urban Development Project 1730,Urban Development,PWD,1061.76,1337.64,195.77,2021-03-01,2026-03-31,2026-03-31,12.89,14,1,0,1,0
PRJ-1731,Railways Project 1731,Railways,CIL,1238.75,1238.75,261.99,2019-07-01,2024-10-30,2024-10-30,17.29,9,1,0,0,0
PRJ-1732,Water Resources Project 1732,Water Resources,NHAI,3106.52,3106.52,3033.45,2016-01-01,2020-10-31,2020-10-31,76.13,10,7,0,1,0
PRJ-1733,Telecommunications Project 1733,Telecommunications,ONGC,2950.58,2950.58,1116.31,2020-03-01,2022-08-31,2022-08-31,26.06,13,3,0,1,0
PRJ-1734,Urban Development Project 1734,Urban Development,CIL,4537.32,5499.89,2396.8,2023-05-01,2028-07-30,2028-07-30,29.92,15,4,0,1,0
PRJ-1735,Telecommunications Project 1735,Telecommunications,NHPC,2274.5,2274.5,2274.5,2022-06-01,2027-10-01,2027-10-01,83.92,10,8,0,1,0
PRJ-1736,Civil Aviation Project 1736,Civil Aviation,NTPC,4735.42,4735.42,3199.68,2017-02-01,2021-06-02,2021-06-02,80.83,12,9,0,0,0
PRJ-1737,Civil Aviation Project 1737,Civil Aviation,RVNL,4127.01,5560.1,4990.3,2022-02-01,2026-07-03,2028-07-02,62.54,14,8,5,1,1
PRJ-1738,Coal Project 1738,Coal,NHPC,4082.79,4082.79,2950.45,2022-03-01,2026-11-30,2026-11-30,76.53,13,9,0,0,0
PRJ-1739,Railways Project 1739,Railways,RVNL,1033.79,1102.36,601.77,2021-09-01,2024-04-01,2024-04-01,52.53,14,7,0,1,0
PRJ-1740,Petroleum Project 1740,Petroleum,PWD,4196.32,6587.77,1878.34,2015-12-01,2021-03-01,2021-03-01,35.29,14,4,0,1,0
PRJ-1741,Power Project 1741,Power,RVNL,2309.68,2309.68,800.05,2021-07-01,2026-07-31,2028-09-30,38.34,6,2,2,0,1
PRJ-1742,Civil Aviation Project 1742,Civil Aviation,NHAI,3809.54,3809.54,3691.3,2020-04-01,2022-12-01,2022-12-01,72.41,5,3,0,1,0
PRJ-1743,Railways Project 1743,Railways,RVNL,2942.02,2942.02,349.03,2023-03-01,2028-02-29,2028-02-29,12.18,9,1,0,0,0
PRJ-1744,Power Project 1744,Power,NHPC,1845.37,2370.61,1723.39,2020-09-01,2023-03-03,2023-03-03,56.66,6,3,0,1,0
PRJ-1745,Road Transport & Highways Project 1745,Road Transport & Highways,CIL,1739.54,1739.54,722.43,2018-07-01,2020-10-30,2020-10-30,31.94,13,4,0,0,0
PRJ-1746,Telecommunications Project 1746,Telecommunications,ONGC,1988.71,1988.71,1485.61,2020-09-01,2026-07-02,2026-07-02,87.35,14,12,0,0,0
PRJ-1747,Petroleum Project 1747,Petroleum,ONGC,1863.16,1863.16,156.43,2020-09-01,2024-05-02,2024-05-02,10.43,11,1,0,0,0
PRJ-1748,Railways Project 1748,Railways,NHPC,3219.42,4559.06,600.58,2021-07-01,2024-09-30,2024-09-30,12.74,14,1,0,1,0
PRJ-1749,Power Project 1749,Power,NHPC,1831.58,1831.58,259.24,2021-11-01,2027-01-31,2028-01-01,14.11,13,1,1,0,1
PRJ-1750,Telecommunications Project 1750,Telecommunications,PWD,1031.3,1172.72,1027.69,2021-07-01,2023-07-01,2024-12-30,58.51,9,5,2,1,1
PRJ-1751,Civil Aviation Project 1751,Civil Aviation,RVNL,1981.9,2155.87,1605.89,2015-02-01,2020-05-02,2020-05-02,68.43,12,8,0,1,0
PRJ-1752,Water Resources Project 1752,Water Resources,ONGC,1773.6,1773.6,1112.66,2019-01-01,2022-12-01,2022-12-01,62.13,5,3,0,0,0
PRJ-1753,Petroleum Project 1753,Petroleum,NHAI,806.54,806.54,41.66,2021-04-01,2025-07-01,2028-05-31,5.74,6,0,0,0,1
PRJ-1754,Coal Project 1754,Coal,CIL,3430.7,3430.7,2175.04,2020-04-01,2022-05-02,2022-05-02,52.6,14,7,0,1,0
PRJ-1755,Road Transport & Highways Project 1755,Road Transport & Highways,AAI,2552.19,3741.24,3741.24,2015-10-01,2018-08-31,2021-09-30,87.57,9,7,5,1,1
PRJ-1756,Civil Aviation Project 1756,Civil Aviation,PWD,3861.51,3861.51,2942.91,2018-06-01,2023-04-01,2023-04-01,72.9,12,8,0,0,0
PRJ-1757,Power Project 1757,Power,PWD,747.94,866.19,596.55,2023-09-01,2026-04-01,2026-04-01,62.76,11,6,0,1,0
PRJ-1758,Coal Project 1758,Coal,NHAI,1135.01,1135.01,879.29,2016-09-01,2021-04-02,2024-01-01,58.16,12,6,6,1,1
PRJ-1759,Water Resources Project 1759,Water Resources,ONGC,3701.65,4464.86,1726.0,2019-02-01,2022-04-02,2022-04-02,47.74,14,6,0,1,0
PRJ-1760,Road Transport & Highways Project 1760,Road Transport & Highways,RVNL,4719.09,6285.63,4283.04,2015-03-01,2019-12-30,2020-11-29,62.32,10,6,3,1,1
PRJ-1761,Power Project 1761,Power,NHAI,4630.57,7020.22,5583.96,2016-10-01,2018-12-01,2018-12-01,82.61,10,8,0,1,0
PRJ-1762,Telecommunications Project 1762,Telecommunications,PWD,799.66,962.57,84.4,2022-12-01,2027-12-31,2027-12-31,6.77,9,0,0,1,0
PRJ-1763,Railways Project 1763,Railways,ONGC,923.87,923.87,923.87,2016-01-01,2021-04-01,2021-04-01,75.27,14,10,0,1,0
PRJ-1764,Coal Project 1764,Coal,RVNL,4780.54,4780.54,854.33,2022-01-01,2027-01-31,2027-01-31,17.98,13,2,0,0,0
PRJ-1765,Telecommunications Project 1765,Telecommunications,NTPC,3760.38,3760.38,3747.17,2018-03-01,2021-01-29,2023-11-30,82.9,9,7,7,1,1
PRJ-1766,Power Project 1766,Power,NTPC,1554.62,2393.4,1434.63,2021-02-01,2023-08-03,2023-08-03,63.11,14,8,0,1,0
PRJ-1767,Road Transport & Highways Project 1767,Road Transport & Highways,NHAI,1083.23,1083.23,608.6,2018-01-01,2022-07-02,2025-08-02,43.85,11,4,4,1,1
PRJ-1768,Power Project 1768,Power,NHAI,4681.11,5005.66,3941.02,2018-07-01,2022-08-31,2022-08-31,58.51,6,3,0,1,0
PRJ-1769,Water Resources Project 1769,Water Resources,ONGC,2134.96,2134.96,172.96,2022-10-01,2026-06-01,2027-03-02,7.81,12,0,0,0,1
PRJ-1770,Petroleum Project 1770,Petroleum,NTPC,1767.66,1767.66,1329.29,2022-04-01,2027-07-01,2027-07-01,91.91,8,7,0,0,0
PRJ-1771,Road Transport & Highways Project 1771,Road Transport & Highways,PWD,982.58,1142.06,1068.14,2023-08-01,2025-11-30,2025-11-30,78.17,12,9,0,1,0
PRJ-1772,Power Project 1772,Power,NTPC,731.76,731.76,287.17,2019-12-01,2024-01-31,2024-01-31,27.85,12,3,0,1,0
PRJ-1773,Railways Project 1773,Railways,NTPC,2803.71,2803.71,433.03,2022-05-01,2025-11-29,2026-05-31,11.16,7,0,0,0,1
PRJ-1774,Petroleum Project 1774,Petroleum,CIL,1571.71,1571.71,1258.33,2017-02-01,2022-07-03,2023-07-03,86.22,10,8,3,0,1
PRJ-1775,Petroleum Project 1775,Petroleum,CIL,3813.34,5540.45,5540.45,2019-05-01,2025-03-31,2025-03-31,89.29,12,10,0,1,0
PRJ-1776,Power Project 1776,Power,AAI,3142.57,3615.36,2375.31,2016-04-01,2018-12-01,2018-12-01,62.74,6,3,0,1,0
PRJ-1777,Telecommunications Project 1777,Telecommunications,CIL,3642.97,5769.99,1439.88,2020-10-01,2025-08-01,2027-11-01,17.05,5,0,0,1,1
PRJ-1778,Power Project 1778,Power,RVNL,665.56,665.56,326.15,2016-03-01,2020-05-31,2020-05-31,33.77,11,3,0,1,0
PRJ-1779,Coal Project 1779,Coal,AAI,1388.2,1388.2,1388.2,2023-11-01,2028-01-01,2030-09-01,76.2,11,8,1,1,1
PRJ-1780,Road Transport & Highways Project 1780,Road Transport & Highways,CIL,1663.01,2213.71,783.87,2023-02-01,2028-02-01,2028-07-02,25.76,12,3,2,1,1
PRJ-1781,Power Project 1781,Power,RVNL,2270.34,2887.91,2749.75,2018-07-01,2023-08-31,2023-08-31,71.33,15,10,0,1,0
PRJ-1782,Power Project 1782,Power,ONGC,3959.3,3959.3,1176.64,2021-05-01,2025-08-30,2025-08-30,30.07,5,1,0,0,0
PRJ-1783,Civil Aviation Project 1783,Civil Aviation,NTPC,718.75,718.75,386.02,2021-03-01,2023-11-30,2023-11-30,52.5,5,2,0,0,0
PRJ-1784,Power Project 1784,Power,RVNL,4989.67,7233.87,6374.61,2015-06-01,2019-03-01,2020-06-30,66.77,8,5,1,1,1
PRJ-1785,Road Transport & Highways Project 1785,Road Transport & Highways,NHAI,238.14,238.14,65.48,2021-08-01,2024-10-31,2024-10-31,27.38,14,3,0,0,0
PRJ-1786,Road Transport & Highways Project 1786,Road Transport & Highways,NHAI,2653.37,2653.37,2653.37,2016-05-01,2018-11-30,2019-03-01,75.03,5,3,3,1,1
PRJ-1787,Railways Project 1787,Railways,AAI,2903.43,2903.43,523.7,2022-04-01,2026-08-31,2026-08-31,18.7,14,2,0,0,0
PRJ-1788,Civil Aviation Project 1788,Civil Aviation,PWD,3739.06,3739.06,1761.06,2020-05-01,2025-03-01,2025-03-01,39.94,6,2,0,0,0
PRJ-1789,Civil Aviation Project 1789,Civil Aviation,AAI,2478.14,2935.9,405.56,2023-05-01,2028-11-29,2031-05-31,9.56,6,0,0,1,1
PRJ-1790,Railways Project 1790,Railways,ONGC,4772.5,5263.43,4544.33,2023-11-01,2027-10-01,2027-10-01,84.41,10,8,0,1,0
PRJ-1791,Civil Aviation Project 1791,Civil Aviation,NTPC,3832.26,3832.26,1862.09,2018-11-01,2022-03-02,2022-03-02,32.81,15,4,0,1,0
PRJ-1792,Road Transport & Highways Project 1792,Road Transport & Highways,RVNL,1910.64,2257.51,781.38,2020-07-01,2025-07-01,2025-07-01,42.16,9,3,0,1,0
PRJ-1793,Coal Project 1793,Coal,CIL,4336.67,4336.67,666.16,2015-09-01,2018-05-02,2021-12-31,18.34,5,0,0,0,1
PRJ-1794,Power Project 1794,Power,RVNL,3490.28,3929.27,1093.92,2019-01-01,2021-10-01,2021-10-01,25.02,11,2,0,1,0
PRJ-1795,Power Project 1795,Power,NHAI,2724.76,2724.76,302.8,2020-03-01,2024-07-31,2026-08-31,11.3,15,1,1,0,1
PRJ-1796,Urban Development Project 1796,Urban Development,CIL,924.88,924.88,372.28,2015-05-01,2017-09-29,2018-06-30,36.0,13,4,2,0,1
PRJ-1797,Civil Aviation Project 1797,Civil Aviation,NHPC,669.84,857.58,89.11,2020-06-01,2025-06-01,2029-03-02,11.25,11,1,1,1,1
PRJ-1798,Road Transport & Highways Project 1798,Road Transport & Highways,NHAI,2403.54,2596.93,919.8,2016-03-01,2021-01-29,2022-01-30,43.38,12,5,1,1,1
PRJ-1799,Road Transport & Highways Project 1799,Road Transport & Highways,RVNL,3658.52,3658.52,1133.82,2017-10-01,2023-09-01,2023-09-01,20.82,15,3,0,1,0
PRJ-1800,Urban Development Project 1800,Urban Development,RVNL,1851.61,2611.09,881.82,2020-01-01,2024-08-01,2024-08-01,28.8,11,3,0,1,0
PRJ-1801,Water Resources Project 1801,Water Resources,ONGC,4785.24,4785.24,4785.24,2019-05-01,2023-05-01,2023-05-01,70.75,9,6,0,1,0
PRJ-1802,Power Project 1802,Power,NTPC,4895.58,4895.58,1503.42,2021-01-01,2023-07-03,2023-07-03,24.69,10,2,0,0,0
PRJ-1803,Petroleum Project 1803,Petroleum,NHAI,1924.86,1924.86,1924.86,2019-08-01,2022-05-01,2024-05-31,76.87,13,9,7,1,1
PRJ-1804,Railways Project 1804,Railways,PWD,4995.99,4995.99,1005.84,2016-12-01,2022-07-02,2025-03-02,19.69,15,2,1,0,1
PRJ-1805,Urban Development Project 1805,Urban Development,PWD,4936.3,4936.3,4936.3,2021-06-01,2027-01-30,2027-01-30,81.26,7,5,0,1,0
PRJ-1806,Power Project 1806,Power,CIL,4920.29,4920.29,3325.76,2021-09-01,2025-12-31,2025-12-31,60.93,9,5,0,0,0
PRJ-1807,Coal Project 1807,Coal,PWD,2415.35,2748.19,270.46,2015-01-01,2019-03-03,2019-03-03,10.41,6,0,0,1,0
PRJ-1808,Civil Aviation Project 1808,Civil Aviation,CIL,2577.9,2577.9,746.79,2018-06-01,2021-10-31,2021-10-31,32.12,9,2,0,0,0
PRJ-1809,Road Transport & Highways Project 1809,Road Transport & Highways,CIL,3671.38,3671.38,3165.06,2016-03-01,2018-07-31,2022-03-01,72.85,11,8,5,1,1
PRJ-1810,Water Resources Project 1810,Water Resources,NTPC,1881.05,1881.05,570.02,2019-05-01,2024-09-29,2024-09-29,20.49,6,1,0,0,0
PRJ-1811,Railways Project 1811,Railways,PWD,3904.43,3904.43,431.06,2018-01-01,2023-07-03,2025-05-02,12.23,8,0,0,0,1
PRJ-1812,Water Resources Project 1812,Water Resources,CIL,2577.15,2577.15,2577.15,2023-09-01,2027-01-31,2027-01-31,77.57,11,8,0,1,0
PRJ-1813,Civil Aviation Project 1813,Civil Aviation,NHAI,4966.4,4966.4,3348.84,2016-02-01,2018-04-02,2019-05-03,82.96,10,8,5,0,1
PRJ-1814,Petroleum Project 1814,Petroleum,CIL,548.97,548.97,122.7,2021-01-01,2024-08-01,2024-08-01,27.24,13,3,0,0,0
PRJ-1815,Urban Development Project 1815,Urban Development,NHAI,4145.41,4677.07,4044.58,2023-07-01,2025-09-29,2025-09-29,69.22,8,5,0,1,0
PRJ-1816,Power Project 1816,Power,NHAI,4997.59,6882.04,4561.31,2015-02-01,2017-07-02,2017-07-02,54.57,5,2,0,1,0
PRJ-1817,Road Transport & Highways Project 1817,Road Transport & Highways,ONGC,1594.4,1594.4,1207.54,2022-12-01,2025-06-01,2025-06-01,78.2,12,9,0,0,0
PRJ-1818,Civil Aviation Project 1818,Civil Aviation,AAI,371.1,371.1,371.1,2017-06-01,2022-12-31,2022-12-31,84.62,5,4,0,1,0
PRJ-1819,Civil Aviation Project 1819,Civil Aviation,CIL,627.83,627.83,627.83,2023-06-01,2027-05-01,2027-05-01,81.09,15,12,0,1,0
PRJ-1820,Railways Project 1820,Railways,RVNL,1149.26,1149.26,337.95,2016-01-01,2020-07-01,2020-07-01,25.11,13,3,0,0,0
PRJ-1821,Civil Aviation Project 1821,Civil Aviation,PWD,2684.54,3021.94,1897.14,2018-08-01,2021-03-01,2021-03-01,47.12,6,2,0,1,0
PRJ-1822,Urban Development Project 1822,Urban Development,NHAI,2829.75,2829.75,2400.22,2017-03-01,2020-02-29,2020-02-29,75.13,14,10,0,0,0
PRJ-1823,Urban Development Project 1823,Urban Development,CIL,2483.44,2483.44,1505.37,2018-01-01,2022-05-02,2022-05-02,53.19,13,6,0,0,0
PRJ-1824,Railways Project 1824,Railways,NHAI,1033.0,1093.13,906.88,2020-08-01,2025-04-01,2026-05-02,70.05,15,10,5,1,1
PRJ-1825,Coal Project 1825,Coal,ONGC,4022.25,6162.03,5165.68,2016-07-01,2021-07-31,2023-10-31,91.76,14,12,11,1,1
PRJ-1826,Urban Development Project 1826,Urban Development,NHPC,4257.54,6030.85,557.16,2020-02-01,2024-05-02,2024-05-02,6.79,6,0,0,1,0
PRJ-1827,Petroleum Project 1827,Petroleum,NHPC,3530.36,3530.36,2737.75,2015-12-01,2018-07-01,2018-07-01,89.9,9,8,0,0,0
PRJ-1828,Power Project 1828,Power,AAI,502.59,502.59,27.68,2015-11-01,2020-08-01,2020-08-01,5.87,7,0,0,0,0
PRJ-1829,Coal Project 1829,Coal,ONGC,3558.66,3558.66,3042.1,2017-05-01,2022-03-01,2022-03-01,60.8,13,7,0,1,0
PRJ-1830,Railways Project 1830,Railways,ONGC,264.39,293.19,173.33,2016-01-01,2019-09-01,2019-09-01,43.26,5,2,0,1,0
PRJ-1831,Power Project 1831,Power,RVNL,1936.26,2540.27,1312.01,2023-07-01,2029-02-28,2033-03-01,37.83,8,3,1,1,1
PRJ-1832,Water Resources Project 1832,Water Resources,ONGC,1652.81,1738.31,100.38,2019-08-01,2023-10-01,2024-09-30,6.54,12,0,0,1,1
PRJ-1833,Civil Aviation Project 1833,Civil Aviation,AAI,4299.29,5631.43,3154.07,2016-03-01,2020-12-30,2020-12-30,54.66,12,6,0,1,0
PRJ-1834,Telecommunications Project 1834,Telecommunications,NHPC,4064.82,5592.18,4743.44,2016-06-01,2020-05-01,2022-08-01,73.86,15,11,1,1,1
PRJ-1835,Telecommunications Project 1835,Telecommunications,NTPC,1251.35,1251.35,318.1,2021-12-01,2025-10-31,2025-10-31,18.82,11,2,0,0,0
PRJ-1836,Telecommunications Project 1836,Telecommunications,PWD,835.53,835.53,306.2,2018-01-01,2022-09-01,2022-09-01,44.74,10,4,0,0,0
PRJ-1837,Urban Development Project 1837,Urban Development,CIL,3810.29,3810.29,3810.29,2022-11-01,2028-08-31,2029-06-01,94.54,12,11,6,0,1
PRJ-1838,Coal Project 1838,Coal,ONGC,2720.87,2720.87,2329.66,2016-05-01,2020-12-30,2020-12-30,84.98,12,10,0,0,0
PRJ-1839,Power Project 1839,Power,AAI,391.58,391.58,183.1,2021-11-01,2026-08-02,2027-08-02,34.91,12,4,2,1,1
PRJ-1840,Civil Aviation Project 1840,Civil Aviation,CIL,4985.6,4985.6,1944.74,2022-11-01,2026-11-01,2026-11-01,43.57,7,3,0,0,0
PRJ-1841,Telecommunications Project 1841,Telecommunications,RVNL,4319.38,4319.38,3671.73,2023-07-01,2027-12-30,2028-11-29,89.88,10,8,3,0,1
PRJ-1842,Petroleum Project 1842,Petroleum,AAI,3651.87,3651.87,2362.82,2015-05-01,2020-01-30,2020-01-30,59.66,13,7,0,0,0
PRJ-1843,Urban Development Project 1843,Urban Development,ONGC,1005.37,1005.37,1005.37,2019-01-01,2022-11-01,2022-11-01,75.22,15,11,0,1,0
PRJ-1844,Civil Aviation Project 1844,Civil Aviation,NTPC,2450.19,2450.19,2450.19,2020-10-01,2025-01-30,2026-09-01,71.8,5,3,2,1,1
PRJ-1845,Petroleum Project 1845,Petroleum,NHPC,2145.75,2812.07,1852.17,2020-06-01,2023-10-01,2024-05-01,58.58,14,8,1,1,1
PRJ-1846,Petroleum Project 1846,Petroleum,CIL,863.74,1006.72,575.19,2022-12-01,2025-12-31,2029-12-31,41.22,7,2,1,1,1
PRJ-1847,Power Project 1847,Power,PWD,650.94,650.94,650.94,2022-07-01,2027-08-31,2030-07-01,80.23,6,4,4,1,1
PRJ-1848,Power Project 1848,Power,NHAI,3930.27,6035.61,2327.76,2023-07-01,2028-06-30,2028-06-30,38.48,5,1,0,1,0
PRJ-1849,Water Resources Project 1849,Water Resources,NTPC,4708.99,4708.99,3450.97,2017-03-01,2019-04-01,2019-04-01,90.98,11,10,0,0,0
PRJ-1850,Civil Aviation Project 1850,Civil Aviation,NHAI,613.93,613.93,226.61,2019-08-01,2021-11-30,2024-12-30,28.95,5,1,1,0,1
PRJ-1851,Telecommunications Project 1851,Telecommunications,PWD,4435.16,4435.16,4435.16,2016-07-01,2019-07-01,2019-12-01,87.94,10,8,1,1,1
PRJ-1852,Road Transport & Highways Project 1852,Road Transport & Highways,CIL,2979.02,3805.1,1722.41,2019-07-01,2024-06-30,2025-04-30,46.3,12,5,2,1,1
PRJ-1853,Coal Project 1853,Coal,PWD,2251.17,3051.15,2404.48,2015-12-01,2019-12-31,2019-12-31,53.59,10,5,0,1,0
PRJ-1854,Coal Project 1854,Coal,NHAI,907.93,1317.13,1226.66,2016-12-01,2022-01-31,2025-07-02,78.59,8,6,2,1,1
PRJ-1855,Telecommunications Project 1855,Telecommunications,NTPC,4957.84,4957.84,2291.18,2016-07-01,2019-08-31,2020-03-01,53.68,9,4,4,0,1
PRJ-1856,Road Transport & Highways Project 1856,Road Transport & Highways,NTPC,4177.66,4177.66,2392.1,2017-08-01,2020-05-31,2020-05-31,45.73,9,4,0,1,0
PRJ-1857,Water Resources Project 1857,Water Resources,ONGC,3002.34,4389.14,2070.01,2015-09-01,2020-07-01,2020-09-30,57.77,11,6,6,1,1
PRJ-1858,Telecommunications Project 1858,Telecommunications,NHPC,3804.66,3804.66,219.79,2015-11-01,2021-08-01,2021-08-01,6.95,14,0,0,0,0
PRJ-1859,Power Project 1859,Power,NHAI,954.63,954.63,954.63,2019-04-01,2024-06-30,2026-01-30,86.37,13,11,10,1,1
PRJ-1860,Road Transport & Highways Project 1860,Road Transport & Highways,ONGC,990.76,1561.85,392.12,2017-04-01,2021-01-30,2022-01-30,27.25,10,2,2,1,1
PRJ-1861,Water Resources Project 1861,Water Resources,NHAI,700.58,700.58,184.13,2020-12-01,2026-07-02,2026-07-02,25.36,8,2,0,0,0
PRJ-1862,Urban Development Project 1862,Urban Development,CIL,3521.44,4072.55,2848.79,2017-05-01,2020-07-31,2021-08-30,74.82,14,10,7,1,1
PRJ-1863,Power Project 1863,Power,NHAI,4087.45,5560.49,5560.49,2018-02-01,2020-10-02,2020-10-02,71.64,9,6,0,1,0
PRJ-1864,Coal Project 1864,Coal,RVNL,934.21,934.21,434.31,2021-06-01,2026-08-31,2026-08-31,44.99,7,3,0,0,0
PRJ-1865,Road Transport & Highways Project 1865,Road Transport & Highways,RVNL,841.82,841.82,295.23,2022-05-01,2027-05-31,2028-06-30,41.13,6,2,1,0,1
PRJ-1866,Urban Development Project 1866,Urban Development,NTPC,3037.19,3037.19,2277.69,2022-06-01,2027-08-31,2027-08-31,62.68,6,3,0,1,0
PRJ-1867,Power Project 1867,Power,NTPC,2068.29,2432.3,1131.9,2021-03-01,2025-05-31,2025-05-31,48.35,9,4,0,1,0
PRJ-1868,Telecommunications Project 1868,Telecommunications,NHPC,883.05,883.05,587.53,2021-02-01,2023-11-02,2023-11-02,61.66,14,8,0,0,0
PRJ-1869,Urban Development Project 1869,Urban Development,RVNL,2325.56,2325.56,205.91,2017-11-01,2023-10-02,2023-10-02,7.38,9,0,0,0,0
PRJ-1870,Water Resources Project 1870,Water Resources,NTPC,1461.84,2101.88,287.37,2020-06-01,2022-06-01,2024-01-31,10.65,8,0,0,1,1
PRJ-1871,Power Project 1871,Power,RVNL,2972.15,3509.42,3292.28,2022-08-01,2027-08-31,2027-08-31,80.72,7,5,0,1,0
PRJ-1872,Coal Project 1872,Coal,PWD,3086.5,4416.27,1087.92,2016-09-01,2021-07-02,2023-01-31,27.62,15,4,3,1,1
PRJ-1873,Civil Aviation Project 1873,Civil Aviation,RVNL,3014.9,3014.9,2813.03,2023-08-01,2028-03-01,2030-12-31,92.22,15,13,7,0,1
PRJ-1874,Petroleum Project 1874,Petroleum,ONGC,4421.04,4421.04,3821.49,2021-06-01,2023-12-01,2027-06-01,58.0,5,2,1,1,1
PRJ-1875,Water Resources Project 1875,Water Resources,PWD,3624.6,3624.6,3287.89,2023-06-01,2028-09-30,2028-09-30,91.4,10,9,0,0,0
PRJ-1876,Civil Aviation Project 1876,Civil Aviation,ONGC,4173.28,4173.28,3956.37,2021-12-01,2026-06-01,2027-08-01,92.54,5,4,3,0,1
PRJ-1877,Urban Development Project 1877,Urban Development,PWD,757.85,757.85,154.78,2018-11-01,2022-07-02,2022-07-02,20.15,6,1,0,0,0
PRJ-1878,Urban Development Project 1878,Urban Development,NTPC,2843.93,4346.28,219.66,2017-06-01,2023-04-01,2023-04-01,5.78,15,0,0,1,0
PRJ-1879,Urban Development Project 1879,Urban Development,NTPC,3821.12,3821.12,2051.92,2018-10-01,2024-09-30,2025-11-30,45.25,15,6,1,0,1
PRJ-1880,Railways Project 1880,Railways,NTPC,3995.66,4796.55,1778.87,2015-01-01,2020-03-02,2020-03-02,30.87,11,3,0,1,0
PRJ-1881,Urban Development Project 1881,Urban Development,NTPC,4182.66,4182.66,771.25,2019-06-01,2021-08-30,2021-08-30,17.09,10,1,0,0,0
PRJ-1882,Urban Development Project 1882,Urban Development,ONGC,1047.79,1047.79,265.76,2018-10-01,2021-01-30,2021-09-30,30.65,14,4,2,0,1
PRJ-1883,Petroleum Project 1883,Petroleum,NHPC,3850.63,3850.63,737.3,2022-02-01,2024-07-02,2024-07-02,20.99,8,1,0,0,0
PRJ-1884,Urban Development Project 1884,Urban Development,NHAI,3519.91,3519.91,284.63,2022-08-01,2028-01-31,2030-06-01,6.91,9,0,0,0,1
PRJ-1885,Urban Development Project 1885,Urban Development,RVNL,4628.82,4628.82,3096.58,2021-03-01,2025-03-31,2029-03-31,79.79,13,10,6,0,1
PRJ-1886,Road Transport & Highways Project 1886,Road Transport & Highways,NHAI,2926.35,3351.86,851.11,2021-11-01,2024-08-01,2024-08-01,29.42,15,4,0,1,0
PRJ-1887,Railways Project 1887,Railways,ONGC,4917.74,4917.74,3280.89,2019-05-01,2025-01-29,2027-07-31,75.79,9,6,2,0,1
PRJ-1888,Petroleum Project 1888,Petroleum,RVNL,2037.08,3054.44,625.72,2022-03-01,2026-07-31,2026-07-31,15.47,11,1,0,1,0
PRJ-1889,Civil Aviation Project 1889,Civil Aviation,NHPC,2461.55,2461.55,1774.24,2018-05-01,2023-07-01,2026-12-30,87.67,5,4,3,0,1
PRJ-1890,Urban Development Project 1890,Urban Development,RVNL,2445.9,2445.9,406.18,2015-02-01,2019-09-02,2019-09-02,14.01,14,1,0,0,0
PRJ-1891,Petroleum Project 1891,Petroleum,NTPC,1603.93,2462.37,723.8,2019-05-01,2022-09-30,2025-07-31,30.83,7,2,1,1,1
PRJ-1892,Coal Project 1892,Coal,NHPC,2227.74,2579.73,2451.9,2022-10-01,2028-09-30,2028-09-30,79.15,7,5,0,1,0
PRJ-1893,Water Resources Project 1893,Water Resources,CIL,3897.65,3897.65,1369.6,2017-07-01,2022-05-31,2022-05-31,25.29,9,2,0,0,0
PRJ-1894,Telecommunications Project 1894,Telecommunications,NTPC,1109.62,1109.62,642.18,2015-01-01,2020-03-02,2023-01-31,68.55,10,6,6,0,1
PRJ-1895,Water Resources Project 1895,Water Resources,PWD,3748.3,4124.08,2797.19,2015-01-01,2020-01-31,2020-01-31,70.35,12,8,0,1,0
PRJ-1896,Civil Aviation Project 1896,Civil Aviation,RVNL,1419.97,1419.97,641.24,2021-12-01,2024-06-01,2027-01-31,32.43,13,4,3,1,1
PRJ-1897,Coal Project 1897,Coal,ONGC,2366.63,2366.63,1082.3,2022-11-01,2026-09-01,2026-09-01,38.77,9,3,0,0,0
PRJ-1898,Urban Development Project 1898,Urban Development,PWD,787.16,787.16,621.83,2016-06-01,2021-12-01,2025-10-31,72.95,6,4,3,0,1
PRJ-1899,Civil Aviation Project 1899,Civil Aviation,NHAI,4701.15,6165.36,5018.68,2016-01-01,2020-10-01,2021-03-02,67.62,12,8,7,1,1
PRJ-1900,Road Transport & Highways Project 1900,Road Transport & Highways,CIL,4885.02,4885.02,3909.36,2020-01-01,2023-03-02,2023-03-02,72.76,12,8,0,0,0
PRJ-1901,Coal Project 1901,Coal,AAI,3021.88,3217.93,1728.22,2018-01-01,2022-01-31,2022-01-31,48.47,6,2,0,1,0
PRJ-1902,Civil Aviation Project 1902,Civil Aviation,NTPC,1037.73,1323.8,1323.8,2019-02-01,2024-05-02,2027-04-03,82.19,12,9,9,1,1
PRJ-1903,Civil Aviation Project 1903,Civil Aviation,AAI,1746.12,1746.12,737.2,2015-07-01,2019-12-30,2019-12-30,34.65,14,4,0,0,0
PRJ-1904,Urban Development Project 1904,Urban Development,ONGC,1627.7,1627.7,1415.95,2023-08-01,2027-08-31,2029-07-31,67.67,15,10,6,1,1
PRJ-1905,Road Transport & Highways Project 1905,Road Transport & Highways,CIL,2919.36,3254.71,1472.37,2023-07-01,2029-06-30,2029-06-30,45.99,6,2,0,1,0
PRJ-1906,Civil Aviation Project 1906,Civil Aviation,AAI,3461.55,3461.55,1360.89,2015-02-01,2019-03-03,2019-03-03,41.64,14,5,0,0,0
PRJ-1907,Road Transport & Highways Project 1907,Road Transport & Highways,PWD,1079.54,1079.54,827.15,2023-10-01,2026-03-01,2026-03-01,57.32,14,8,0,1,0
PRJ-1908,Civil Aviation Project 1908,Civil Aviation,NTPC,2529.11,2529.11,1107.49,2018-04-01,2022-08-31,2022-11-30,42.68,13,5,4,0,1
PRJ-1909,Coal Project 1909,Coal,CIL,982.34,982.34,178.12,2023-11-01,2029-05-02,2029-12-31,19.2,15,2,1,0,1
PRJ-1910,Water Resources Project 1910,Water Resources,CIL,3482.38,3482.38,2060.53,2020-10-01,2025-12-31,2025-12-31,67.31,12,8,0,0,0
PRJ-1911,Road Transport & Highways Project 1911,Road Transport & Highways,AAI,3054.25,3778.07,1884.57,2020-05-01,2025-07-01,2025-07-01,53.47,9,4,0,1,0
PRJ-1912,Petroleum Project 1912,Petroleum,CIL,3344.64,3611.77,926.92,2016-08-01,2022-06-01,2022-06-01,18.2,11,2,0,1,0
PRJ-1913,Telecommunications Project 1913,Telecommunications,NHAI,2023.87,2023.87,1603.88,2016-06-01,2021-10-31,2021-10-31,62.68,5,3,0,1,0
PRJ-1914,Railways Project 1914,Railways,AAI,3304.88,4874.1,4874.1,2023-02-01,2026-11-01,2029-06-02,87.89,5,4,1,1,1
PRJ-1915,Telecommunications Project 1915,Telecommunications,NHAI,4694.04,4694.04,1993.66,2022-01-01,2025-01-31,2028-09-01,42.1,13,5,1,0,1
PRJ-1916,Civil Aviation Project 1916,Civil Aviation,RVNL,2353.17,2353.17,1510.05,2021-09-01,2024-08-01,2024-08-01,52.58,9,4,0,1,0
PRJ-1917,Coal Project 1917,Coal,NHPC,3798.49,5765.59,3093.06,2020-10-01,2023-09-01,2023-09-01,46.19,12,5,0,1,0
PRJ-1918,Coal Project 1918,Coal,RVNL,515.02,515.02,269.43,2016-12-01,2022-01-31,2022-01-31,43.07,11,4,0,0,0
PRJ-1919,Railways Project 1919,Railways,NTPC,4029.07,4029.07,811.4,2023-03-01,2025-03-31,2026-01-29,16.92,12,2,1,0,1
PRJ-1920,Power Project 1920,Power,AAI,1093.9,1093.9,311.54,2020-10-01,2024-10-01,2024-10-01,28.81,7,2,0,0,0
PRJ-1921,Coal Project 1921,Coal,NHPC,4991.85,4991.85,4991.85,2016-03-01,2018-03-01,2018-03-01,83.75,9,7,0,1,0
PRJ-1922,Power Project 1922,Power,CIL,937.19,937.19,277.88,2016-03-01,2019-05-01,2019-05-01,24.35,8,1,0,0,0
PRJ-1923,Road Transport & Highways Project 1923,Road Transport & Highways,NTPC,2823.9,3666.11,3666.11,2015-04-01,2020-06-30,2023-01-30,79.06,5,3,1,1,1
PRJ-1924,Coal Project 1924,Coal,ONGC,1970.85,2898.47,1612.4,2020-04-01,2025-11-30,2025-11-30,67.07,9,6,0,1,0
PRJ-1925,Civil Aviation Project 1925,Civil Aviation,RVNL,3544.57,3544.57,3544.57,2019-11-01,2021-12-01,2021-12-01,76.08,11,8,0,1,0
PRJ-1926,Coal Project 1926,Coal,NTPC,726.45,726.45,612.94,2018-09-01,2022-08-01,2026-08-01,56.3,11,6,4,1,1
PRJ-1927,Power Project 1927,Power,ONGC,4809.54,5151.7,2392.0,2023-07-01,2026-12-30,2026-12-30,41.29,7,2,0,1,0
PRJ-1928,Water Resources Project 1928,Water Resources,CIL,2899.7,2899.7,2899.7,2017-03-01,2023-01-30,2024-08-30,87.02,7,6,5,1,1
PRJ-1929,Civil Aviation Project 1929,Civil Aviation,AAI,1044.92,1044.92,518.37,2021-07-01,2025-07-31,2028-03-31,55.73,14,7,5,0,1
PRJ-1930,Urban Development Project 1930,Urban Development,NTPC,1067.35,1478.97,1222.57,2017-10-01,2023-09-01,2023-09-01,58.1,13,7,0,1,0
PRJ-1931,Petroleum Project 1931,Petroleum,ONGC,1704.99,1704.99,1211.1,2023-09-01,2028-01-31,2028-01-31,47.97,12,5,0,1,0
PRJ-1932,Power Project 1932,Power,NHPC,4594.37,4594.37,1434.89,2023-03-01,2025-05-30,2025-05-30,32.1,9,2,0,0,0
PRJ-1933,Petroleum Project 1933,Petroleum,RVNL,1737.75,1737.75,1737.75,2016-03-01,2018-10-31,2019-03-01,72.14,5,3,1,1,1
PRJ-1934,Coal Project 1934,Coal,CIL,390.9,390.9,384.89,2017-10-01,2023-08-01,2023-08-01,67.86,6,4,0,1,0
PRJ-1935,Coal Project 1935,Coal,ONGC,4286.6,4286.6,3626.16,2018-05-01,2020-11-29,2023-11-30,70.8,14,9,8,1,1
PRJ-1936,Water Resources Project 1936,Water Resources,NTPC,4520.5,4520.5,1760.58,2023-07-01,2028-11-29,2032-08-30,47.31,11,5,3,0,1
PRJ-1937,Power Project 1937,Power,NTPC,1589.73,2212.26,1379.86,2023-03-01,2026-04-30,2027-09-30,68.85,5,3,3,1,1
PRJ-1938,Telecommunications Project 1938,Telecommunications,AAI,2226.32,2226.32,461.98,2023-10-01,2027-10-31,2031-01-30,14.21,13,1,1,0,1
PRJ-1939,Water Resources Project 1939,Water Resources,AAI,2739.65,2739.65,437.79,2018-11-01,2020-10-31,2023-04-02,12.67,11,1,1,0,1
PRJ-1940,Civil Aviation Project 1940,Civil Aviation,AAI,2923.57,2923.57,732.27,2019-01-01,2022-08-01,2024-06-01,18.76,12,2,2,0,1
PRJ-1941,Railways Project 1941,Railways,NTPC,1692.24,1692.24,1233.89,2020-07-01,2022-12-31,2025-10-31,64.1,12,7,4,0,1
PRJ-1942,Petroleum Project 1942,Petroleum,NTPC,505.38,505.38,176.58,2016-10-01,2022-10-01,2022-10-01,36.47,5,1,0,0,0
PRJ-1943,Power Project 1943,Power,NHPC,4191.63,4191.63,3148.84,2018-09-01,2023-03-02,2025-10-31,57.54,5,2,1,1,1
PRJ-1944,Coal Project 1944,Coal,NTPC,4080.27,4080.27,1872.33,2019-09-01,2024-10-31,2026-07-02,32.95,12,3,2,1,1
PRJ-1945,Road Transport & Highways Project 1945,Road Transport & Highways,PWD,3786.49,3786.49,3786.49,2020-02-01,2022-01-31,2022-01-31,82.94,12,9,0,1,0
PRJ-1946,Urban Development Project 1946,Urban Development,NHPC,519.65,519.65,67.05,2015-12-01,2020-10-30,2020-10-30,11.42,10,1,0,0,0
PRJ-1947,Railways Project 1947,Railways,PWD,3521.12,3521.12,827.87,2020-02-01,2023-07-03,2024-10-01,19.98,9,1,1,0,1
PRJ-1948,Railways Project 1948,Railways,NHPC,2618.08,3533.19,562.92,2016-06-01,2020-09-30,2024-10-01,12.11,14,1,1,1,1
PRJ-1949,Water Resources Project 1949,Water Resources,ONGC,3071.05,3897.48,3386.62,2015-01-01,2018-07-02,2020-01-01,63.2,5,3,3,1,1
PRJ-1950,Coal Project 1950,Coal,NHPC,4480.02,5384.81,477.26,2023-03-01,2026-01-29,2029-02-28,6.65,5,0,0,1,1
PRJ-1951,Petroleum Project 1951,Petroleum,AAI,2059.23,3226.55,2209.6,2020-09-01,2025-08-01,2027-04-02,70.82,15,10,1,1,1
PRJ-1952,Telecommunications Project 1952,Telecommunications,NHAI,885.03,1225.27,642.12,2021-05-01,2026-12-30,2030-05-31,35.42,8,2,1,1,1
PRJ-1953,Petroleum Project 1953,Petroleum,NHPC,3646.04,3939.62,1296.53,2019-05-01,2021-05-31,2021-05-31,22.09,13,2,0,1,0
PRJ-1954,Road Transport & Highways Project 1954,Road Transport & Highways,AAI,2513.8,2513.8,2513.8,2015-10-01,2018-07-31,2022-06-01,91.85,6,5,5,0,1
PRJ-1955,Railways Project 1955,Railways,CIL,4348.42,5043.43,3731.28,2021-07-01,2023-12-31,2027-01-30,82.05,9,7,5,1,1
PRJ-1956,Water Resources Project 1956,Water Resources,NHAI,1813.11,1813.11,610.08,2016-10-01,2022-03-02,2023-12-01,26.69,12,3,3,0,1
PRJ-1957,Power Project 1957,Power,NTPC,237.73,367.94,275.32,2019-06-01,2025-03-01,2027-11-30,66.03,5,3,3,1,1
PRJ-1958,Power Project 1958,Power,ONGC,537.65,537.65,220.57,2020-12-01,2024-03-02,2024-03-02,31.03,11,3,0,0,0
PRJ-1959,Telecommunications Project 1959,Telecommunications,AAI,4989.34,6356.89,2245.79,2021-01-01,2024-12-01,2025-03-03,27.34,7,1,1,1,1
PRJ-1960,Railways Project 1960,Railways,CIL,229.75,229.75,229.75,2015-04-01,2019-04-01,2019-04-01,78.17,5,3,0,1,0
PRJ-1961,Water Resources Project 1961,Water Resources,NHAI,2057.85,2608.73,926.25,2015-03-01,2020-12-29,2020-12-29,44.06,15,6,0,1,0
PRJ-1962,Railways Project 1962,Railways,AAI,1440.01,1943.67,432.1,2015-10-01,2018-05-01,2018-05-01,15.86,5,0,0,1,0
PRJ-1963,Petroleum Project 1963,Petroleum,NHAI,844.34,1169.05,532.19,2022-06-01,2027-06-01,2027-06-01,35.51,14,4,0,1,0
PRJ-1964,Water Resources Project 1964,Water Resources,ONGC,4308.72,4308.72,4308.72,2015-01-01,2020-04-01,2020-04-01,79.19,11,8,0,1,0
PRJ-1965,Road Transport & Highways Project 1965,Road Transport & Highways,NTPC,4335.75,4335.75,4335.75,2019-11-01,2023-07-02,2025-03-02,87.55,15,13,10,1,1
PRJ-1966,Power Project 1966,Power,NHAI,1697.26,1697.26,1550.8,2019-06-01,2022-07-31,2022-07-31,91.64,6,5,0,0,0
PRJ-1967,Civil Aviation Project 1967,Civil Aviation,NHAI,3208.52,4336.04,2153.65,2023-04-01,2026-09-30,2026-09-30,40.04,9,3,0,1,0
PRJ-1968,Water Resources Project 1968,Water Resources,AAI,4904.7,5602.79,4540.81,2016-08-01,2021-10-31,2021-10-31,76.48,10,7,0,1,0
PRJ-1969,Urban Development Project 1969,Urban Development,AAI,208.55,208.55,119.08,2017-05-01,2022-03-01,2024-09-30,41.75,5,2,2,1,1
PRJ-1970,Telecommunications Project 1970,Telecommunications,NTPC,3825.18,3825.18,1417.33,2020-02-01,2024-01-01,2024-01-01,41.55,5,2,0,0,0
PRJ-1971,Railways Project 1971,Railways,NHPC,4781.23,4781.23,510.63,2016-07-01,2021-01-30,2021-01-30,11.11,10,1,0,0,0
PRJ-1972,Urban Development Project 1972,Urban Development,NHAI,1832.28,1832.28,172.42,2019-05-01,2021-08-30,2024-12-29,10.57,10,1,1,0,1
PRJ-1973,Telecommunications Project 1973,Telecommunications,CIL,424.58,424.58,161.51,2018-02-01,2023-09-02,2023-09-02,28.78,12,3,0,0,0
PRJ-1974,Road Transport & Highways Project 1974,Road Transport & Highways,NHPC,3655.01,5714.49,871.52,2023-11-01,2028-10-31,2028-10-31,12.2,11,1,0,1,0
PRJ-1975,Coal Project 1975,Coal,AAI,2966.57,2966.57,1050.2,2018-04-01,2021-11-30,2021-11-30,39.95,12,4,0,0,0
PRJ-1976,Coal Project 1976,Coal,PWD,2070.54,2070.54,903.47,2017-04-01,2023-03-02,2023-03-02,38.68,12,4,0,0,0
PRJ-1977,Railways Project 1977,Railways,CIL,1335.15,1873.63,955.17,2020-07-01,2025-01-30,2026-05-01,55.73,7,3,3,1,1
PRJ-1978,Telecommunications Project 1978,Telecommunications,ONGC,3962.75,5393.45,4457.43,2015-03-01,2020-01-29,2020-01-29,82.45,10,8,0,1,0
PRJ-1979,Petroleum Project 1979,Petroleum,NTPC,4105.06,4105.06,3944.02,2017-05-01,2020-02-29,2021-08-30,85.62,14,11,3,1,1
PRJ-1980,Petroleum Project 1980,Petroleum,NHPC,3310.77,3910.23,1006.84,2019-12-01,2021-11-30,2025-06-01,21.41,8,1,1,1,1
PRJ-1981,Power Project 1981,Power,CIL,1572.68,1908.14,1502.95,2023-03-01,2028-04-30,2032-02-29,64.39,12,7,3,1,1
PRJ-1982,Water Resources Project 1982,Water Resources,RVNL,1742.04,2156.91,1553.28,2022-06-01,2026-08-31,2026-08-31,85.7,14,11,0,1,0
PRJ-1983,Railways Project 1983,Railways,ONGC,2822.9,3009.78,2249.4,2019-04-01,2022-05-01,2022-05-01,69.5,7,4,0,1,0
PRJ-1984,Urban Development Project 1984,Urban Development,NTPC,4581.01,4581.01,2054.59,2016-07-01,2022-05-01,2022-05-01,47.07,5,2,0,0,0
PRJ-1985,Urban Development Project 1985,Urban Development,AAI,4653.61,4653.61,477.85,2015-04-01,2020-02-29,2021-08-30,7.54,11,0,0,0,1
PRJ-1986,Road Transport & Highways Project 1986,Road Transport & Highways,NHPC,3129.66,4152.69,1668.86,2016-12-01,2019-01-31,2019-01-31,32.38,9,2,0,1,0
PRJ-1987,Road Transport & Highways Project 1987,Road Transport & Highways,NTPC,4504.36,6402.81,6024.26,2020-09-01,2023-07-02,2025-12-01,83.17,7,5,3,1,1
PRJ-1988,Road Transport & Highways Project 1988,Road Transport & Highways,AAI,4177.47,4478.27,2867.8,2023-11-01,2027-09-01,2027-09-01,68.59,11,7,0,1,0
PRJ-1989,Coal Project 1989,Coal,AAI,3685.3,4777.25,1816.79,2018-02-01,2022-11-02,2022-11-02,33.36,14,4,0,1,0
PRJ-1990,Telecommunications Project 1990,Telecommunications,CIL,4234.25,4234.25,617.38,2023-07-01,2025-08-30,2025-08-30,11.96,14,1,0,0,0
PRJ-1991,Water Resources Project 1991,Water Resources,NHPC,218.9,314.39,182.71,2021-07-01,2024-12-30,2025-11-30,64.57,8,5,5,1,1
PRJ-1992,Coal Project 1992,Coal,AAI,641.93,927.74,778.71,2023-11-01,2026-03-02,2026-03-02,57.72,6,3,0,1,0
PRJ-1993,Water Resources Project 1993,Water Resources,CIL,2877.57,3419.45,156.31,2022-07-01,2028-05-31,2028-05-31,5.37,7,0,0,1,0
PRJ-1994,Power Project 1994,Power,ONGC,4110.61,4110.61,2843.43,2022-05-01,2025-03-31,2025-03-31,68.29,15,10,0,0,0
PRJ-1995,Power Project 1995,Power,NHPC,2078.8,2078.8,1197.83,2023-09-01,2028-06-01,2029-05-01,50.36,8,4,4,0,1
PRJ-1996,Civil Aviation Project 1996,Civil Aviation,PWD,430.37,430.37,399.45,2021-09-01,2023-12-01,2024-07-01,92.53,8,7,6,0,1
PRJ-1997,Coal Project 1997,Coal,NHPC,2093.95,2093.95,2093.95,2019-07-01,2021-07-31,2021-07-31,93.16,10,9,0,0,0
PRJ-1998,Civil Aviation Project 1998,Civil Aviation,AAI,3480.49,3480.49,2649.18,2018-11-01,2023-09-01,2023-12-01,56.06,14,7,7,1,1
PRJ-1999,Telecommunications Project 1999,Telecommunications,NTPC,1126.45,1126.45,127.08,2017-07-01,2019-11-30,2020-10-30,9.56,5,0,0,0,1
PRJ-2000,Railways Project 2000,Railways,AAI,1714.86,1714.86,1555.58,2021-05-01,2025-01-29,2025-01-29,70.92,13,9,0,1,0
